{"content":[{"id":"66237763","settings":{"content_width":{"unit":"px","size":1298,"sizes":[]},"stretch_section":"section-stretched","margin":{"unit":"px","top":"","right":0,"bottom":"","left":0,"isLinked":true},"margin_mobile":{"unit":"px","top":"","right":0,"bottom":"","left":0,"isLinked":true},"padding":{"unit":"px","top":"0","right":"0","bottom":"48","left":"0","isLinked":false},"padding_mobile":{"unit":"px","top":"0","right":"0","bottom":"0","left":"0","isLinked":false}},"elements":[{"id":"7d06d152","settings":{"_column_size":100,"_inline_size":null},"elements":[{"id":"7ad58387","settings":{"title":"Our purpose is to<br class=\"hidden-xs\"\/> enrich lives through<br class=\"hidden-xs\"\/> technology","title_size":"div","align":"center","title_color":"#1D2128","typography_typography":"custom","typography_font_size":{"unit":"px","size":72,"sizes":[]},"typography_font_weight":"700","typography_line_height":{"unit":"px","size":80,"sizes":[]},"typography_line_height_tablet":{"unit":"px","size":"","sizes":[]},"typography_line_height_mobile":{"unit":"px","size":40,"sizes":[]},"typography_font_size_mobile":{"unit":"px","size":36,"sizes":[]},"_padding":{"unit":"px","top":"15","right":"0","bottom":"66","left":"0","isLinked":false},"_padding_mobile":{"unit":"px","top":"035","right":"0","bottom":"53","left":"0","isLinked":false}},"elements":[],"isInner":false,"widgetType":"motta-heading","elType":"widget"},{"id":"19121600","settings":{"image":{"id":160,"url":"https:\/\/motta.uix.store\/wp-content\/uploads\/2022\/04\/about-us-v2.jpg","alt":"","source":"library"},"image_size":"full"},"elements":[],"isInner":false,"widgetType":"image","elType":"widget"}],"isInner":false,"elType":"column"}],"isInner":false,"elType":"section"},{"id":"3febb739","settings":{"structure":"30","margin":{"unit":"px","top":"0","right":0,"bottom":"12","left":0,"isLinked":false},"margin_mobile":{"unit":"px","top":"0","right":0,"bottom":"0","left":0,"isLinked":false}},"elements":[{"id":"71321abe","settings":{"_column_size":33,"_inline_size":24.741,"_inline_size_tablet":10,"hide_mobile":"hidden-mobile"},"elements":[],"isInner":false,"elType":"column"},{"id":"183626ed","settings":{"_column_size":33,"_inline_size":45.844,"_inline_size_tablet":80},"elements":[{"id":"43a21c00","settings":{"editor":"<p>Duis aute irure dolor in reprehenderit in vo-luptate velit esse cillum dolore eu fugiat nulla pariatur. Excepteur sint occaecat cupidatat non proident.<\/p>","text_color":"#1D2128","typography_typography":"custom","typography_font_size":{"unit":"px","size":28,"sizes":[]},"typography_font_size_mobile":{"unit":"px","size":18,"sizes":[]},"typography_font_weight":"500"},"elements":[],"isInner":false,"widgetType":"text-editor","elType":"widget"},{"id":"1ab3ea85","settings":{"editor":"<p>Excepteur sint occaecat cupidatat non proident, sunt in culpa qui officia deserunt mollit anim id est laborum. Sed ut perspi-ciatis unde omnis iste natus error sit voluptatem accusantium doloremque laudantium, totam rem aperiam, eaque ipsa quae ab illo inventore veritatis et quasi architecto beatae vitae dicta sunt explicabo.<\/p>","text_color":"#1D2128","typography_typography":"custom","typography_font_size":{"unit":"px","size":21,"sizes":[]},"typography_font_size_mobile":{"unit":"px","size":18,"sizes":[]},"typography_font_weight":"400"},"elements":[],"isInner":false,"widgetType":"text-editor","elType":"widget"}],"isInner":false,"elType":"column"},{"id":"58a12a70","settings":{"_column_size":33,"_inline_size":28.969,"_inline_size_tablet":10},"elements":[],"isInner":false,"elType":"column"}],"isInner":false,"elType":"section"},{"id":"2f024f8f","settings":{"structure":"30","margin_mobile":{"unit":"px","top":"","right":0,"bottom":"","left":0,"isLinked":true},"margin":{"unit":"px","top":"","right":0,"bottom":"","left":0,"isLinked":true},"padding":{"unit":"px","top":"10","right":"0","bottom":"95","left":"0","isLinked":false},"padding_mobile":{"unit":"px","top":"0","right":"0","bottom":"50","left":"0","isLinked":false}},"elements":[{"id":"2e25405c","settings":{"_column_size":33,"_inline_size":null},"elements":[{"id":"76c2ec05","settings":{"ending_number":187,"title":"Teammates","number_color":"#1D2128","number_spacing_mobile":{"unit":"px","size":20,"sizes":[]},"title_color":"#1D2128","value_typography_typography":"custom","title_typography_typography":"custom"},"elements":[],"isInner":false,"widgetType":"motta-counter","elType":"widget"}],"isInner":false,"elType":"column"},{"id":"1100a099","settings":{"_column_size":33,"_inline_size":null},"elements":[{"id":"5c5f6d40","settings":{"ending_number":21,"title":"Countries","number_color":"#1D2128","number_spacing_mobile":{"unit":"px","size":20,"sizes":[]},"title_color":"#1D2128","_padding_mobile":{"unit":"px","top":"6","right":"0","bottom":"0","left":"0","isLinked":false}},"elements":[],"isInner":false,"widgetType":"motta-counter","elType":"widget"}],"isInner":false,"elType":"column"},{"id":"2df34364","settings":{"_column_size":33,"_inline_size":null},"elements":[{"id":"6da5839b","settings":{"ending_number":3,"suffix":" Mn","title":"Customers","number_color":"#1D2128","number_spacing_mobile":{"unit":"px","size":20,"sizes":[]},"title_color":"#1D2128","_padding_mobile":{"unit":"px","top":"7","right":"0","bottom":"0","left":"0","isLinked":false}},"elements":[],"isInner":false,"widgetType":"motta-counter","elType":"widget"}],"isInner":false,"elType":"column"}],"isInner":false,"elType":"section"},{"id":"4bc50d73","settings":{"content_width":{"unit":"px","size":1268,"sizes":[]},"stretch_section":"section-stretched","gap":"no"},"elements":[{"id":"2a756169","settings":{"_column_size":100,"_inline_size":null},"elements":[{"id":"745d9713","settings":{"layout":"full_width","background_background":"classic","background_color":"#04333D","padding":{"unit":"px","top":"52","right":"0","bottom":"53","left":"0","isLinked":false},"padding_mobile":{"unit":"px","top":"50","right":"0","bottom":"36","left":"0","isLinked":false},"structure":"20"},"elements":[{"id":"5635dae0","settings":{"_column_size":50,"_inline_size":null},"elements":[{"id":"797048a8","settings":{"image":{"id":161,"url":"https:\/\/motta.uix.store\/wp-content\/uploads\/2022\/04\/about-us-v2.png","alt":"","source":"library"},"image_size":"full","align":"left","_margin_mobile":{"unit":"px","top":"0","right":"0","bottom":"10","left":"0","isLinked":false},"_padding":{"unit":"px","top":"0","right":"0","bottom":"0","left":"52","isLinked":false},"_padding_tablet":{"unit":"px","top":"0","right":"0","bottom":"0","left":"0","isLinked":false}},"elements":[],"isInner":false,"widgetType":"image","elType":"widget"}],"isInner":true,"elType":"column"},{"id":"45848e0f","settings":{"_column_size":50,"_inline_size":null},"elements":[{"id":"2f6df546","settings":{"title":"The Founder","title_color":"#9BE1DF","typography_typography":"custom","typography_font_size":{"unit":"px","size":52,"sizes":[]},"typography_font_size_mobile":{"unit":"px","size":36,"sizes":[]},"typography_font_weight":"500","typography_line_height":{"unit":"px","size":32,"sizes":[]},"typography_line_height_mobile":{"unit":"px","size":"","sizes":[]},"_margin_mobile":{"unit":"px","top":"0","right":"0","bottom":"0","left":"0","isLinked":false},"_padding":{"unit":"px","top":"69","right":"0","bottom":"27","left":"0","isLinked":false},"_padding_mobile":{"unit":"px","top":"0","right":"0","bottom":"18","left":"0","isLinked":false}},"elements":[],"isInner":false,"widgetType":"motta-heading","elType":"widget"},{"id":"2fdaa043","settings":{"title":"Lorem ipsum dolor sit amet, consectetur adipisicing elit, sed do eiusmod tempor incididunt ut labore et dolore magna aliqua. Ut enim ad minim veniam, quis nostrud exercitation ullamco laboris nisi ut aliquip ex ea commodo consequat.","title_color":"#9BE1DF","typography_typography":"custom","typography_font_size":{"unit":"px","size":21,"sizes":[]},"typography_font_size_mobile":{"unit":"px","size":16,"sizes":[]},"typography_font_weight":"500","typography_line_height":{"unit":"px","size":32,"sizes":[]},"typography_line_height_mobile":{"unit":"px","size":24,"sizes":[]},"_padding":{"unit":"px","top":"0","right":"145","bottom":"0","left":"0","isLinked":false},"_padding_tablet":{"unit":"%","top":"0","right":"0","bottom":"0","left":"0","isLinked":false},"_padding_mobile":{"unit":"%","top":"","right":"","bottom":"","left":"","isLinked":true},"title_size":"div"},"elements":[],"isInner":false,"widgetType":"motta-heading","elType":"widget"},{"id":"21f8166f","settings":{"image":{"id":7943,"url":"http:\/\/localhost\/dev\/motta\/wp-content\/uploads\/sites\/12\/2022\/07\/image-4.png","alt":"","source":"library"},"align":"left","_padding":{"unit":"px","top":"33","right":"0","bottom":"0","left":"0","isLinked":false}},"elements":[],"isInner":false,"widgetType":"image","elType":"widget"},{"id":"2455379","settings":{"title":"Co-Founder","title_size":"span","title_color":"#9BE1DF","typography_typography":"custom","typography_font_size":{"unit":"px","size":14,"sizes":[]},"typography_font_weight":"500","typography_line_height":{"unit":"px","size":32,"sizes":[]},"_padding":{"unit":"px","top":"10","right":"0","bottom":"0","left":"0","isLinked":false}},"elements":[],"isInner":false,"widgetType":"motta-heading","elType":"widget"}],"isInner":true,"elType":"column"}],"isInner":true,"elType":"section"}],"isInner":false,"elType":"column"}],"isInner":false,"elType":"section"},{"id":"4fc6f081","settings":{"margin":{"unit":"px","top":"","right":0,"bottom":"","left":0,"isLinked":true},"padding":{"unit":"px","top":"107","right":"0","bottom":"66","left":"0","isLinked":false},"padding_mobile":{"unit":"px","top":"63","right":"0","bottom":"0","left":"0","isLinked":false}},"elements":[{"id":"76fe7537","settings":{"_column_size":100,"_inline_size":null},"elements":[{"id":"20c6c075","settings":{"before_title":"Executive Leadership","title":"Executive Leadership","align":"center","before_title_spacing":{"unit":"px","size":28,"sizes":[]},"typography_typography":"custom","typography_font_weight":"500","typography_line_height_tablet":{"unit":"px","size":"","sizes":[]},"typography_line_height_mobile":{"unit":"px","size":"","sizes":[]},"before_title_spacing_mobile":{"unit":"px","size":24,"sizes":[]},"title_size":"p","typography_font_size":{"unit":"px","size":18,"sizes":[]},"spacing":{"unit":"px","size":24,"sizes":[]}},"elements":[],"isInner":false,"widgetType":"motta-heading","elType":"widget"},{"id":"5910ea43","settings":{"before_title":"Executive Leadership","title":"Here is the team at the helm<br class=\"hidden-xs\"\/> of the ship","align":"center","before_title_spacing":{"unit":"px","size":28,"sizes":[]},"typography_typography":"custom","typography_font_weight":"500","typography_line_height":{"unit":"px","size":64,"sizes":[]},"typography_font_size_mobile":{"unit":"px","size":36,"sizes":[]},"typography_line_height_tablet":{"unit":"px","size":"","sizes":[]},"typography_line_height_mobile":{"unit":"px","size":40,"sizes":[]},"before_title_spacing_mobile":{"unit":"px","size":24,"sizes":[]},"_padding":{"unit":"px","top":"0","right":"0","bottom":"36","left":"0","isLinked":false},"_padding_mobile":{"unit":"px","top":"0","right":"0","bottom":"31","left":"0","isLinked":false}},"elements":[],"isInner":false,"widgetType":"motta-heading","elType":"widget"},{"id":"1f4db9b0","settings":{"items":[{"_id":"65631f3","title":"Thomas Reece","description":"Co-Founder","image":{"id":141,"url":"https:\/\/motta.uix.store\/wp-content\/uploads\/2022\/04\/tmg-1.png","alt":"","source":"library"},"link":{"url":"","is_external":"","nofollow":"","custom_attributes":""}},{"_id":"e36ae23","image":{"id":142,"url":"https:\/\/motta.uix.store\/wp-content\/uploads\/2022\/04\/tmg-2.png","alt":"","source":"library"},"title":"Oscar Byrne","description":"Co-Founder &<br class=\"hidden-lg hidden-sm\"> Managing Director","link":{"url":"","is_external":"","nofollow":"","custom_attributes":""}},{"_id":"1f42adb","image":{"id":143,"url":"https:\/\/motta.uix.store\/wp-content\/uploads\/2022\/04\/tmg-3.png","alt":"","source":"library"},"title":"David Evans","description":"Development Manager","link":{"url":"","is_external":"","nofollow":"","custom_attributes":""}},{"_id":"3681d11","image":{"id":144,"url":"https:\/\/motta.uix.store\/wp-content\/uploads\/2022\/04\/tmg-4.png","alt":"","source":"library"},"title":"Jessica Smith","description":"Customer Service Manager","link":{"url":"","is_external":"","nofollow":"","custom_attributes":""}}],"image_custom_dimension":{"width":"30","height":"30"},"columns_tablet":2,"title_typography_typography":"custom","title_typography_font_size_mobile":{"unit":"px","size":18,"sizes":[]},"title_typography_line_height_mobile":{"unit":"px","size":24,"sizes":[]},"description_typography_typography":"custom","description_typography_font_size_mobile":{"unit":"px","size":14,"sizes":[]},"description_typography_line_height_mobile":{"unit":"px","size":24,"sizes":[]},"spacing_right_mobile":{"unit":"px","size":8,"sizes":[]},"image_max_width_mobile":{"unit":"px","size":132,"sizes":[]},"image_spacing":{"unit":"px","size":28,"sizes":[]},"image_spacing_mobile":{"unit":"px","size":19,"sizes":[]},"spacing_mobile":{"unit":"px","size":29,"sizes":[]}},"elements":[],"isInner":false,"widgetType":"motta-team-member-grid","elType":"widget"}],"isInner":false,"elType":"column"}],"isInner":false,"elType":"section"},{"id":"18bbf3d1","settings":{"margin":{"unit":"px","top":"","right":0,"bottom":"","left":0,"isLinked":true},"padding":{"unit":"px","top":"0","right":"0","bottom":"5","left":"0","isLinked":false},"padding_mobile":{"unit":"px","top":"10","right":"0","bottom":"12","left":"0","isLinked":false}},"elements":[{"id":"3e1e1302","settings":{"_column_size":100,"_inline_size":null},"elements":[{"id":"474b1734","settings":{"before_title":"Executive Leadership","title":"Our Services","align":"center","before_title_spacing":{"unit":"px","size":28,"sizes":[]},"typography_typography":"custom","typography_font_weight":"500","typography_line_height_tablet":{"unit":"px","size":"","sizes":[]},"typography_line_height_mobile":{"unit":"px","size":"","sizes":[]},"before_title_spacing_mobile":{"unit":"px","size":24,"sizes":[]},"title_size":"p","typography_font_size":{"unit":"px","size":18,"sizes":[]},"spacing":{"unit":"px","size":25,"sizes":[]}},"elements":[],"isInner":false,"widgetType":"motta-heading","elType":"widget"},{"id":"44fcca92","settings":{"before_title":"Our Services","title":"We enable innovation.<br class=\"hidden-xs\" \/> From ideation all the way<br class=\"hidden-xs\" \/> through to market delivery.","align":"center","before_title_spacing":{"unit":"px","size":35,"sizes":[]},"typography_typography":"custom","typography_font_weight":"500","typography_line_height":{"unit":"px","size":64,"sizes":[]},"typography_font_size_mobile":{"unit":"px","size":36,"sizes":[]},"typography_line_height_tablet":{"unit":"px","size":"","sizes":[]},"typography_line_height_mobile":{"unit":"px","size":40,"sizes":[]},"before_title_spacing_mobile":{"unit":"px","size":24,"sizes":[]}},"elements":[],"isInner":false,"widgetType":"motta-heading","elType":"widget"}],"isInner":false,"elType":"column"}],"isInner":false,"elType":"section"},{"id":"6040c450","settings":{"structure":"50","border_width":{"unit":"px","top":"0","right":"0","bottom":"1","left":"0","isLinked":false},"border_color":"#ECF0F4","margin":{"unit":"px","top":"","right":0,"bottom":"","left":0,"isLinked":true},"margin_mobile":{"unit":"px","top":"","right":0,"bottom":"","left":0,"isLinked":true},"padding":{"unit":"px","top":"6","right":"0","bottom":"89","left":"0","isLinked":false},"padding_mobile":{"unit":"px","top":"0","right":"0","bottom":"0","left":"0","isLinked":true}},"elements":[{"id":"11954458","settings":{"_column_size":20,"_inline_size":null,"_inline_size_tablet":50,"_inline_size_mobile":50},"elements":[{"id":"44fe7716","settings":{"title":"Worldwide Delivery","description":"200 countries and regions<br \/> worldwide","icon":{"value":{"url":"https:\/\/motta.uix.store\/wp-content\/uploads\/2022\/08\/worldwide.svg","id":13428},"library":"svg"},"icon_color":"#1D2128","icon_size":{"unit":"px","size":47,"sizes":[]},"title_typography_typography":"custom","title_typography_font_weight":"500","title_spacing":{"unit":"px","size":12,"sizes":[]},"description_spacing":{"unit":"px","size":0,"sizes":[]},"position_mobile":"top","align_mobile":"center","position_tablet":"top","icon_spacing_mobile":{"unit":"px","size":28,"sizes":[]},"icon_spacing":{"unit":"px","size":28,"sizes":[]},"align":"center","title_typography_font_size_mobile":{"unit":"px","size":16,"sizes":[]},"title_typography_line_height_mobile":{"unit":"px","size":24,"sizes":[]},"title_spacing_mobile":{"unit":"px","size":5,"sizes":[]},"description_typography_typography":"custom","description_typography_font_size_mobile":{"unit":"px","size":12,"sizes":[]},"description_typography_line_height_mobile":{"unit":"px","size":16,"sizes":[]},"alignment":"center"},"elements":[],"isInner":false,"widgetType":"motta-icon-box","elType":"widget"}],"isInner":false,"elType":"column"},{"id":"cdbd486","settings":{"_column_size":20,"_inline_size":null,"_inline_size_tablet":50,"_inline_size_mobile":50},"elements":[{"id":"7d280392","settings":{"title":"Secure Payment","description":"Pay with popular and secure<br \/> payment methods","icon":{"value":{"url":"https:\/\/motta.uix.store\/wp-content\/uploads\/2022\/08\/secure-payment.svg","id":13429},"library":"svg"},"icon_color":"#1D2128","icon_size":{"unit":"px","size":47,"sizes":[]},"title_typography_typography":"custom","title_typography_font_weight":"500","title_spacing":{"unit":"px","size":12,"sizes":[]},"description_spacing":{"unit":"px","size":0,"sizes":[]},"position_mobile":"top","align_mobile":"center","position_tablet":"top","icon_spacing_mobile":{"unit":"px","size":28,"sizes":[]},"icon_spacing":{"unit":"px","size":28,"sizes":[]},"align":"center","title_typography_font_size_mobile":{"unit":"px","size":16,"sizes":[]},"title_typography_line_height_mobile":{"unit":"px","size":24,"sizes":[]},"title_spacing_mobile":{"unit":"px","size":5,"sizes":[]},"description_typography_typography":"custom","description_typography_font_size_mobile":{"unit":"px","size":12,"sizes":[]},"description_typography_line_height_mobile":{"unit":"px","size":16,"sizes":[]},"alignment":"center"},"elements":[],"isInner":false,"widgetType":"motta-icon-box","elType":"widget"}],"isInner":false,"elType":"column"},{"id":"1f7ab5ee","settings":{"_column_size":20,"_inline_size":null,"_inline_size_tablet":50,"_inline_size_mobile":50,"padding_mobile":{"unit":"px","top":"12","right":"16","bottom":"16","left":"16","isLinked":false}},"elements":[{"id":"29f1f8e9","settings":{"title":"Daily Deals","description":"Items you love at prices that<br \/>\nfit your budget","icon":{"value":{"url":"https:\/\/motta.uix.store\/wp-content\/uploads\/2022\/08\/dailydeals.svg","id":13430},"library":"svg"},"icon_color":"#1D2128","icon_size":{"unit":"px","size":47,"sizes":[]},"title_typography_typography":"custom","title_typography_font_weight":"500","title_spacing":{"unit":"px","size":12,"sizes":[]},"description_spacing":{"unit":"px","size":0,"sizes":[]},"position_mobile":"top","align_mobile":"center","position_tablet":"top","icon_spacing_mobile":{"unit":"px","size":28,"sizes":[]},"icon_spacing":{"unit":"px","size":28,"sizes":[]},"align":"center","title_typography_font_size_mobile":{"unit":"px","size":16,"sizes":[]},"title_typography_line_height_mobile":{"unit":"px","size":24,"sizes":[]},"title_spacing_mobile":{"unit":"px","size":5,"sizes":[]},"description_typography_typography":"custom","description_typography_font_size_mobile":{"unit":"px","size":12,"sizes":[]},"description_typography_line_height_mobile":{"unit":"px","size":16,"sizes":[]},"alignment":"center"},"elements":[],"isInner":false,"widgetType":"motta-icon-box","elType":"widget"}],"isInner":false,"elType":"column"},{"id":"2d3f9c31","settings":{"_column_size":20,"_inline_size":null,"_inline_size_tablet":50,"_inline_size_mobile":50,"padding_mobile":{"unit":"px","top":"12","right":"16","bottom":"16","left":"16","isLinked":false}},"elements":[{"id":"7c4dd41d","settings":{"title":"60-day Return Policy","description":"Merchandise must be <br class=\"hidden-lg hidden-sm\"> returned<br class=\"hidden-xs\"> within 60 days.","icon":{"value":{"url":"https:\/\/motta.uix.store\/wp-content\/uploads\/2022\/08\/return.svg","id":13432},"library":"svg"},"icon_color":"#1D2128","icon_size":{"unit":"px","size":47,"sizes":[]},"title_typography_typography":"custom","title_typography_font_weight":"500","title_spacing":{"unit":"px","size":12,"sizes":[]},"description_spacing":{"unit":"px","size":0,"sizes":[]},"position_mobile":"top","align_mobile":"center","position_tablet":"top","icon_spacing_mobile":{"unit":"px","size":28,"sizes":[]},"icon_spacing":{"unit":"px","size":28,"sizes":[]},"align":"center","title_typography_font_size_mobile":{"unit":"px","size":16,"sizes":[]},"title_typography_line_height_mobile":{"unit":"px","size":24,"sizes":[]},"title_spacing_mobile":{"unit":"px","size":5,"sizes":[]},"description_typography_typography":"custom","description_typography_font_size_mobile":{"unit":"px","size":12,"sizes":[]},"description_typography_line_height_mobile":{"unit":"px","size":16,"sizes":[]},"alignment":"center"},"elements":[],"isInner":false,"widgetType":"motta-icon-box","elType":"widget"}],"isInner":false,"elType":"column"},{"id":"26f40eeb","settings":{"_column_size":20,"_inline_size":null,"_inline_size_tablet":100,"_inline_size_mobile":100,"padding_mobile":{"unit":"px","top":"10","right":"16","bottom":"16","left":"16","isLinked":false}},"elements":[{"id":"215cd89a","settings":{"title":"International Brands","description":"Big savings on your favourite<br \/>\nbrands.","icon":{"value":{"url":"https:\/\/motta.uix.store\/wp-content\/uploads\/2022\/08\/brands.svg","id":13433},"library":"svg"},"icon_color":"#1D2128","icon_size":{"unit":"px","size":47,"sizes":[]},"title_typography_typography":"custom","title_typography_font_weight":"500","title_spacing":{"unit":"px","size":12,"sizes":[]},"description_spacing":{"unit":"px","size":0,"sizes":[]},"position_mobile":"top","align_mobile":"center","position_tablet":"top","icon_spacing_mobile":{"unit":"px","size":28,"sizes":[]},"icon_spacing":{"unit":"px","size":28,"sizes":[]},"align":"center","title_typography_font_size_mobile":{"unit":"px","size":16,"sizes":[]},"title_typography_line_height_mobile":{"unit":"px","size":24,"sizes":[]},"title_spacing_mobile":{"unit":"px","size":5,"sizes":[]},"alignment":"center","description_typography_typography":"custom","description_typography_font_size_mobile":{"unit":"px","size":12,"sizes":[]},"description_typography_line_height_mobile":{"unit":"px","size":16,"sizes":[]}},"elements":[],"isInner":false,"widgetType":"motta-icon-box","elType":"widget"}],"isInner":false,"elType":"column"}],"isInner":false,"elType":"section"},{"id":"3d9cc939","settings":{"margin":{"unit":"px","top":"","right":0,"bottom":"","left":0,"isLinked":true},"padding":{"unit":"px","top":"0","right":"0","bottom":"23","left":"0","isLinked":false},"padding_mobile":{"unit":"px","top":"41","right":"0","bottom":"0","left":"0","isLinked":false}},"elements":[{"id":"7ea2f66e","settings":{"_column_size":100,"_inline_size":null},"elements":[{"id":"1842295b","settings":{"before_title":"Executive Leadership","title":"Our Locations","align":"center","before_title_spacing":{"unit":"px","size":28,"sizes":[]},"typography_typography":"custom","typography_font_weight":"500","typography_line_height_tablet":{"unit":"px","size":"","sizes":[]},"typography_line_height_mobile":{"unit":"px","size":"","sizes":[]},"before_title_spacing_mobile":{"unit":"px","size":24,"sizes":[]},"title_size":"p","typography_font_size":{"unit":"px","size":18,"sizes":[]},"spacing":{"unit":"px","size":15,"sizes":[]}},"elements":[],"isInner":false,"widgetType":"motta-heading","elType":"widget"},{"id":"7c7c6af9","settings":{"before_title":"Our Locations","title":"Stores around the world","align":"center","before_title_spacing":{"unit":"px","size":21,"sizes":[]},"typography_typography":"custom","typography_font_weight":"500","typography_line_height":{"unit":"px","size":64,"sizes":[]},"typography_font_size_mobile":{"unit":"px","size":36,"sizes":[]},"typography_line_height_tablet":{"unit":"px","size":"","sizes":[]},"typography_line_height_mobile":{"unit":"px","size":40,"sizes":[]},"before_title_spacing_mobile":{"unit":"px","size":29,"sizes":[]}},"elements":[],"isInner":false,"widgetType":"motta-heading","elType":"widget"}],"isInner":false,"elType":"column"}],"isInner":false,"elType":"section"},{"id":"2b511a9c","settings":{"structure":"30","margin":{"unit":"px","top":"","right":0,"bottom":"","left":0,"isLinked":true},"margin_mobile":{"unit":"px","top":"","right":0,"bottom":"","left":0,"isLinked":true},"section_horizontal_scroll_mobile":"on","section_horizontal_scroll_width":66,"mobile_column_alignment":"column_md","padding_mobile":{"unit":"px","top":"0","right":"0","bottom":"27","left":"0","isLinked":false},"padding":{"unit":"px","top":"0","right":"0","bottom":"87","left":"0","isLinked":false},"padding_tablet":{"unit":"px","top":"0","right":"0","bottom":"100","left":"0","isLinked":false}},"elements":[{"id":"75887826","settings":{"_column_size":33,"_inline_size":null},"elements":[{"id":"e9d3ded","settings":{"image":{"id":167,"url":"http:\/\/localhost:3000:3000\/dev\/motta\/wp-content\/uploads\/sites\/12\/2022\/04\/about-us-v2-1.png","alt":"","source":"library"},"title":"Los Angeles","description":"340 Main Street Los Angeles,<br class=\"hidden-lg hidden-sm\"> CA 90291<br\/> <span style=\"font-weight: 500;\">United States<\/span>","title_typography_font_size":{"unit":"px","size":28,"sizes":[]},"title_typography_font_weight":"700","description_typography_font_size":{"unit":"px","size":14,"sizes":[]},"description_typography_line_height":{"unit":"px","size":24,"sizes":[]},"title_typography_typography":"custom","title_typography_font_size_mobile":{"unit":"px","size":18,"sizes":[]},"title_typography_line_height_mobile":{"unit":"px","size":32,"sizes":[]},"link":{"url":"#","is_external":"","nofollow":"","custom_attributes":""},"image_spacing":{"unit":"px","size":23,"sizes":[]},"title_spacing":{"unit":"px","size":9,"sizes":[]},"image_spacing_mobile":{"unit":"px","size":7,"sizes":[]},"title_spacing_mobile":{"unit":"px","size":0,"sizes":[]},"description_typography_typography":"custom","description_typography_line_height_mobile":{"unit":"px","size":20,"sizes":[]},"description_typography_font_size_mobile":{"unit":"px","size":14,"sizes":[]},"primary_button_typography_typography":"custom"},"elements":[],"isInner":false,"widgetType":"motta-image-box","elType":"widget"}],"isInner":false,"elType":"column"},{"id":"2e7b6dd8","settings":{"_column_size":33,"_inline_size":null},"elements":[{"id":"28d728ab","settings":{"image":{"id":168,"url":"http:\/\/localhost:3000:3000\/dev\/motta\/wp-content\/uploads\/sites\/12\/2022\/04\/about-us-v2-2.png","alt":"","source":"library"},"title":"California","description":"10000 California St 68114<br class=\"hidden-lg hidden-sm\"> Omaha<br\/> <span style=\"font-weight: 500;\">United States<\/span>","title_typography_font_size":{"unit":"px","size":28,"sizes":[]},"title_typography_font_weight":"700","description_typography_font_size":{"unit":"px","size":14,"sizes":[]},"description_typography_line_height":{"unit":"px","size":24,"sizes":[]},"title_typography_typography":"custom","title_typography_font_size_mobile":{"unit":"px","size":18,"sizes":[]},"title_typography_line_height_mobile":{"unit":"px","size":32,"sizes":[]},"link":{"url":"#","is_external":"","nofollow":"","custom_attributes":""},"image_spacing":{"unit":"px","size":23,"sizes":[]},"title_spacing":{"unit":"px","size":9,"sizes":[]},"image_spacing_mobile":{"unit":"px","size":7,"sizes":[]},"title_spacing_mobile":{"unit":"px","size":0,"sizes":[]},"description_typography_typography":"custom","description_typography_line_height_mobile":{"unit":"px","size":20,"sizes":[]},"description_typography_font_size_mobile":{"unit":"px","size":14,"sizes":[]},"primary_button_typography_typography":"custom"},"elements":[],"isInner":false,"widgetType":"motta-image-box","elType":"widget"}],"isInner":false,"elType":"column"},{"id":"46d02349","settings":{"_column_size":33,"_inline_size":null},"elements":[{"id":"79d15b5a","settings":{"image":{"id":169,"url":"http:\/\/localhost:3000:3000\/dev\/motta\/wp-content\/uploads\/sites\/12\/2022\/04\/about-us-v2-3.png","alt":"","source":"library"},"title":"New York","description":"515 Broadway 10015<br class=\"hidden-lg hidden-sm\"> New York<br\/> <span style=\"font-weight: 500;\">United States<\/span>","title_typography_font_size":{"unit":"px","size":28,"sizes":[]},"title_typography_font_weight":"700","description_typography_font_size":{"unit":"px","size":14,"sizes":[]},"description_typography_line_height":{"unit":"px","size":24,"sizes":[]},"title_typography_typography":"custom","title_typography_font_size_mobile":{"unit":"px","size":18,"sizes":[]},"title_typography_line_height_mobile":{"unit":"px","size":32,"sizes":[]},"link":{"url":"#","is_external":"","nofollow":"","custom_attributes":""},"image_spacing":{"unit":"px","size":23,"sizes":[]},"title_spacing":{"unit":"px","size":9,"sizes":[]},"image_spacing_mobile":{"unit":"px","size":7,"sizes":[]},"title_spacing_mobile":{"unit":"px","size":0,"sizes":[]},"description_typography_typography":"custom","description_typography_line_height_mobile":{"unit":"px","size":20,"sizes":[]},"description_typography_font_size_mobile":{"unit":"px","size":14,"sizes":[]},"primary_button_typography_typography":"custom"},"elements":[],"isInner":false,"widgetType":"motta-image-box","elType":"widget"}],"isInner":false,"elType":"column"}],"isInner":false,"elType":"section"},{"id":"3b589e47","settings":{"margin":{"unit":"px","top":"","right":0,"bottom":"","left":0,"isLinked":true},"padding":{"unit":"px","top":"0","right":"0","bottom":"12","left":"0","isLinked":false},"padding_mobile":{"unit":"px","top":"22","right":"0","bottom":"0","left":"0","isLinked":false}},"elements":[{"id":"6c3e4f21","settings":{"_column_size":100,"_inline_size":null},"elements":[{"id":"642b657d","settings":{"before_title":"Executive Leadership","title":"Investors & Partners","align":"center","before_title_spacing":{"unit":"px","size":28,"sizes":[]},"typography_typography":"custom","typography_font_weight":"500","typography_line_height_tablet":{"unit":"px","size":"","sizes":[]},"typography_line_height_mobile":{"unit":"px","size":"","sizes":[]},"before_title_spacing_mobile":{"unit":"px","size":24,"sizes":[]},"title_size":"p","typography_font_size":{"unit":"px","size":18,"sizes":[]},"spacing":{"unit":"px","size":15,"sizes":[]}},"elements":[],"isInner":false,"widgetType":"motta-heading","elType":"widget"},{"id":"27f1aaf","settings":{"before_title":"Investors & Partners","title":"Big ideas need visionary backers.","align":"center","before_title_spacing":{"unit":"px","size":21,"sizes":[]},"typography_typography":"custom","typography_font_weight":"500","typography_line_height":{"unit":"px","size":64,"sizes":[]},"typography_font_size_mobile":{"unit":"px","size":36,"sizes":[]},"typography_line_height_tablet":{"unit":"px","size":"","sizes":[]},"typography_line_height_mobile":{"unit":"px","size":40,"sizes":[]},"_margin":{"unit":"px","top":"0","right":"0","bottom":"13","left":"0","isLinked":false},"before_title_spacing_mobile":{"unit":"px","size":24,"sizes":[]},"_margin_mobile":{"unit":"px","top":"0","right":"0","bottom":"10","left":"0","isLinked":false}},"elements":[],"isInner":false,"widgetType":"motta-heading","elType":"widget"}],"isInner":false,"elType":"column"}],"isInner":false,"elType":"section"},{"id":"28a0c961","settings":{"structure":"60","margin":{"unit":"px","top":"-14","right":0,"bottom":"0","left":0,"isLinked":false},"margin_mobile":{"unit":"px","top":"0","right":0,"bottom":"0","left":0,"isLinked":true}},"elements":[{"id":"725c21c0","settings":{"_column_size":16,"_inline_size":null,"_inline_size_tablet":33.333,"_inline_size_mobile":50,"padding_mobile":{"unit":"px","top":"10","right":"16","bottom":"16","left":"16","isLinked":false}},"elements":[{"id":"18f3c13f","settings":{"image":{"id":5380,"url":"https:\/\/motta.uix.store\/wp-content\/uploads\/2022\/04\/dyson.png","alt":"","source":"library"},"image_size":"full","link_to":"custom","link":{"url":"https:\/\/motta.uix.store\/blog\/product-brand\/dyson\/","is_external":"","nofollow":"","custom_attributes":""}},"elements":[],"isInner":false,"widgetType":"image","elType":"widget"}],"isInner":false,"elType":"column"},{"id":"52bda5b1","settings":{"_column_size":16,"_inline_size":null,"_inline_size_tablet":33.333,"_inline_size_mobile":50,"padding_mobile":{"unit":"px","top":"10","right":"16","bottom":"16","left":"16","isLinked":false}},"elements":[{"id":"8fbb64f","settings":{"image":{"id":5385,"url":"https:\/\/motta.uix.store\/wp-content\/uploads\/2022\/04\/lenovo.png","alt":"","source":"library"},"image_size":"full","link_to":"custom","link":{"url":"https:\/\/motta.uix.store\/blog\/product-brand\/lenovo\/","is_external":"","nofollow":"","custom_attributes":""}},"elements":[],"isInner":false,"widgetType":"image","elType":"widget"}],"isInner":false,"elType":"column"},{"id":"1ffb3987","settings":{"_column_size":16,"_inline_size":null,"_inline_size_tablet":33.333,"_inline_size_mobile":50,"padding_mobile":{"unit":"px","top":"6","right":"16","bottom":"16","left":"16","isLinked":false}},"elements":[{"id":"7e40a603","settings":{"image":{"id":5379,"url":"https:\/\/motta.uix.store\/wp-content\/uploads\/2022\/04\/cisco.png","alt":"","source":"library"},"image_size":"full","link_to":"custom","link":{"url":"https:\/\/motta.uix.store\/blog\/product-brand\/cisco\/","is_external":"","nofollow":"","custom_attributes":""}},"elements":[],"isInner":false,"widgetType":"image","elType":"widget"}],"isInner":false,"elType":"column"},{"id":"701e1945","settings":{"_column_size":16,"_inline_size":null,"_inline_size_tablet":33.333,"_inline_size_mobile":50,"padding_mobile":{"unit":"px","top":"6","right":"16","bottom":"16","left":"16","isLinked":false}},"elements":[{"id":"25e9e4d0","settings":{"image":{"id":5388,"url":"https:\/\/motta.uix.store\/wp-content\/uploads\/2022\/04\/sam.png","alt":"","source":"library"},"image_size":"full","link_to":"custom","link":{"url":"https:\/\/motta.uix.store\/blog\/product-brand\/samsung\/","is_external":"","nofollow":"","custom_attributes":""}},"elements":[],"isInner":false,"widgetType":"image","elType":"widget"}],"isInner":false,"elType":"column"},{"id":"33c26981","settings":{"_column_size":16,"_inline_size":null,"_inline_size_tablet":33.333,"_inline_size_mobile":50,"padding_mobile":{"unit":"px","top":"14","right":"16","bottom":"16","left":"16","isLinked":false}},"elements":[{"id":"6cf6cf76","settings":{"image":{"id":5386,"url":"https:\/\/motta.uix.store\/wp-content\/uploads\/2022\/04\/lg.png","alt":"","source":"library"},"image_size":"full","link_to":"custom","link":{"url":"https:\/\/motta.uix.store\/blog\/product-brand\/lg\/","is_external":"","nofollow":"","custom_attributes":""}},"elements":[],"isInner":false,"widgetType":"image","elType":"widget"}],"isInner":false,"elType":"column"},{"id":"e59a26d","settings":{"_column_size":16,"_inline_size":null,"_inline_size_tablet":33.333,"_inline_size_mobile":50,"padding_mobile":{"unit":"px","top":"14","right":"16","bottom":"16","left":"16","isLinked":false}},"elements":[{"id":"3c5b4104","settings":{"image":{"id":5374,"url":"https:\/\/motta.uix.store\/wp-content\/uploads\/2022\/04\/bose.png","alt":"","source":"library"},"image_size":"full","link_to":"custom","link":{"url":"https:\/\/motta.uix.store\/blog\/product-brand\/bose\/","is_external":"","nofollow":"","custom_attributes":""}},"elements":[],"isInner":false,"widgetType":"image","elType":"widget"}],"isInner":false,"elType":"column"}],"isInner":false,"elType":"section"},{"id":"1f96640a","settings":{"content_width":{"unit":"px","size":1268,"sizes":[]},"stretch_section":"section-stretched","gap":"no","padding":{"unit":"px","top":"68","right":"0","bottom":"0","left":"0","isLinked":false}},"elements":[{"id":"2cadeddf","settings":{"_column_size":100,"_inline_size":null},"elements":[{"id":"4981c9f2","settings":{"layout":"full_width","background_background":"classic","background_color":"#101B5B","padding":{"unit":"px","top":"107","right":"0","bottom":"109","left":"0","isLinked":false},"padding_mobile":{"unit":"px","top":"63","right":"0","bottom":"64","left":"0","isLinked":false}},"elements":[{"id":"7203a2e0","settings":{"_column_size":100,"_inline_size":null},"elements":[{"id":"209afc61","settings":{"before_title":"Executive Leadership","title":"Purchase Theme","align":"center","before_title_spacing":{"unit":"px","size":28,"sizes":[]},"typography_typography":"custom","typography_font_weight":"500","typography_line_height_tablet":{"unit":"px","size":"","sizes":[]},"typography_line_height_mobile":{"unit":"px","size":"","sizes":[]},"before_title_spacing_mobile":{"unit":"px","size":24,"sizes":[]},"title_size":"p","title_color":"#FFEDDE","typography_font_size":{"unit":"px","size":18,"sizes":[]},"spacing":{"unit":"px","size":25,"sizes":[]}},"elements":[],"isInner":false,"widgetType":"motta-heading","elType":"widget"},{"id":"37d57d7a","settings":{"before_title":"Purchase Theme","title":"Purchase the Motta now and<br class=\"hidden-xs\"\/> make everything easier","align":"center","before_title_spacing":{"unit":"px","size":33,"sizes":[]},"typography_typography":"custom","typography_font_weight":"500","typography_line_height":{"unit":"px","size":64,"sizes":[]},"typography_font_size_mobile":{"unit":"px","size":32,"sizes":[]},"typography_line_height_tablet":{"unit":"px","size":"","sizes":[]},"typography_line_height_mobile":{"unit":"px","size":40,"sizes":[]},"before_title_color":"#FFEDDE","title_color":"#FFEDDE","before_title_spacing_mobile":{"unit":"px","size":25,"sizes":[]},"_padding":{"unit":"px","top":"0","right":"0","bottom":"13","left":"0","isLinked":false}},"elements":[],"isInner":false,"widgetType":"motta-heading","elType":"widget"},{"id":"4971fed7","settings":{"title":"Purchase Theme","link":{"url":"#","is_external":"","nofollow":"","custom_attributes":""},"background_color":"#FFEDDE","color":"#101B5B","hover_background_color":"#FFEDDE","hover_color":"#101B5B","_padding":{"unit":"px","top":"22","right":"0","bottom":"0","left":"0","isLinked":false},"_padding_mobile":{"unit":"px","top":"10","right":"0","bottom":"0","left":"0","isLinked":false},"padding_mobile":{"unit":"px","top":"0","right":"50","bottom":"0","left":"50","isLinked":false},"padding":{"unit":"px","top":"0","right":"50","bottom":"0","left":"50","isLinked":false},"typography_typography":"custom","typography_font_weight":"500","primary_button_text":"Purchase Theme","primary_button_link":{"url":"https:\/\/motta.uix.store\/","is_external":"","nofollow":"","custom_attributes":""},"primary_button_size":"large","primary_button_options":"yes","primary_button_width":{"unit":"px","size":200,"sizes":[]},"primary_button_background_color":"#FFEDDE","primary_button_color":"#101B5B"},"elements":[],"isInner":false,"widgetType":"motta-button","elType":"widget"}],"isInner":true,"elType":"column"}],"isInner":true,"elType":"section"}],"isInner":false,"elType":"column"}],"isInner":false,"elType":"section"}],"page_settings":{"header_layout":"page","header_category_menu_display":"default","header_logo_type":"default","header_logo_image":{"id":"default","url":null},"header_logo_text":"default","header_logo_svg":"default","header_logo_width":"default","header_logo_height":"default","motta_header_background":"default","motta_header_text_color":"default","motta_hide_header_section":"default","motta_hide_topbar":"1","motta_hide_campain_bar":"1","motta_hide_header_border":"default","motta_hide_page_header":"1","motta_hide_title":"default","motta_hide_breadcrumb":"default","motta_content_top_spacing":"no","motta_content_top_padding":"63","motta_content_bottom_spacing":"no","motta_content_bottom_padding":"63","motta_hide_footer_section":"default","footer_layout":"page","footer_mobile_layout":"page","page_primary_menu":"default"},"version":"0.4","title":"About v2","type":"page"}