{"content":[{"id":"3c8ef72e","settings":{"structure":"20","content_position":"middle","margin_mobile":{"unit":"px","top":"","right":0,"bottom":"","left":0,"isLinked":true},"padding":{"unit":"px","top":"18","right":"0","bottom":"7","left":"0","isLinked":false},"padding_mobile":{"unit":"px","top":"8","right":"0","bottom":"0","left":"0","isLinked":false}},"elements":[{"id":"6c09f3f1","settings":{"_column_size":50,"_inline_size":null,"_inline_size_mobile":50},"elements":[{"id":"e629137","settings":{"selected_icon":{"value":{"url":"https:\/\/motta.uix.store\/wp-content\/uploads\/2022\/09\/logo-comingsoon.svg","id":14199},"library":"svg"},"align":"","size":{"unit":"px","size":168,"sizes":[]}},"elements":[],"isInner":false,"widgetType":"icon","elType":"widget"}],"isInner":false,"elType":"column"},{"id":"44b4bf29","settings":{"_column_size":50,"_inline_size":null,"_inline_size_mobile":50},"elements":[{"id":"303a3fa9","settings":{"title":"Contact us","size":"small","align":"end","padding":{"unit":"px","top":"6","right":"41","bottom":"6","left":"41","isLinked":false},"padding_mobile":{"unit":"px","top":"6","right":"19","bottom":"6","left":"18","isLinked":false},"_margin_mobile":{"unit":"px","top":"-3","right":"0","bottom":"0","left":"0","isLinked":false},"skin":"base","shape":"sharp","background_color":"#1D2128","button_box_shadow_color":"#1D212800","primary_button_text":"Contact Us","primary_button_options":"yes","primary_button_width":{"unit":"px","size":148,"sizes":[]},"primary_button_background_color":"#1D2128","_padding_mobile":{"unit":"px","top":"0","right":"16","bottom":"0","left":"0","isLinked":false},"primary_button_width_mobile":{"unit":"px","size":100,"sizes":[]},"primary_button_link":{"url":"https:\/\/motta.uix.store\/contact-us-v2\/","is_external":"","nofollow":"","custom_attributes":""}},"elements":[],"isInner":false,"widgetType":"motta-button","elType":"widget"}],"isInner":false,"elType":"column"}],"isInner":false,"elType":"section"},{"id":"75dce7a7","settings":{"structure":"20","padding":{"unit":"px","top":"135","right":"0","bottom":"232","left":"0","isLinked":false},"padding_mobile":{"unit":"px","top":"40","right":"0","bottom":"40","left":"0","isLinked":false},"padding_tablet":{"unit":"px","top":"105","right":"0","bottom":"105","left":"0","isLinked":false}},"elements":[{"id":"1ac9a994","settings":{"_column_size":50,"_inline_size":50,"_inline_size_tablet":100},"elements":[{"id":"7bb672ec","settings":{"title":"We are \ncreating \nsomething \nbest","before_title_typography_font_size":{"unit":"px","size":46,"sizes":[]},"title_color":"#1D2128","typography_typography":"custom","typography_font_size":{"unit":"px","size":72,"sizes":[]},"typography_font_weight":"700","title_size":"div","align_mobile":"center","before_title_typography_font_size_tablet":{"unit":"px","size":36,"sizes":[]},"typography_line_height":{"unit":"px","size":80,"sizes":[]},"typography_line_height_tablet":{"unit":"px","size":"","sizes":[]},"typography_line_height_mobile":{"unit":"px","size":40,"sizes":[]},"align_tablet":"center","_element_width":"initial","_element_custom_width":{"unit":"%","size":48,"sizes":[]},"_element_custom_width_tablet":{"unit":"%","size":100,"sizes":[]},"_element_custom_width_mobile":{"unit":"%","size":100,"sizes":[]},"_element_vertical_align_tablet":"center","typography_font_size_mobile":{"unit":"px","size":36,"sizes":[]}},"elements":[],"isInner":false,"widgetType":"motta-heading","elType":"widget"},{"id":"348773c","settings":{"title":"We will be celebrating the launch of our\nnew site very soon!","align_mobile":"center","typography_typography":"custom","typography_font_size":{"unit":"px","size":18,"sizes":[]},"typography_font_weight":"500","typography_line_height":{"unit":"px","size":24,"sizes":[]},"typography_letter_spacing_mobile":{"unit":"px","size":0.4,"sizes":[]},"_margin":{"unit":"px","top":"0","right":"0","bottom":"0","left":"0","isLinked":false},"_padding":{"unit":"px","top":"013","right":"0","bottom":"64","left":"2","isLinked":false},"_padding_tablet":{"unit":"px","top":"13","right":"0","bottom":"0","left":"0","isLinked":false},"title_size":"p","align_tablet":"center","_element_width":"initial","_element_custom_width":{"unit":"%","size":62,"sizes":[]},"_element_custom_width_tablet":{"unit":"%","size":100,"sizes":[]},"_element_custom_width_mobile":{"unit":"%","size":"","sizes":[]},"typography_font_size_mobile":{"unit":"px","size":16,"sizes":[]}},"elements":[],"isInner":false,"widgetType":"motta-heading","elType":"widget"},{"id":"4c5991c","settings":{"digit_typography_typography":"custom","digit_typography_font_size_tablet":{"unit":"px","size":30,"sizes":[]},"due_date":"2022-07-15 00:00","digit_typography_font_size":{"unit":"px","size":36,"sizes":[]},"digit_typography_font_weight":"500","_padding":{"unit":"px","top":"0","right":"0","bottom":"51","left":"0","isLinked":false},"_padding_tablet":{"unit":"px","top":"15","right":"0","bottom":"15","left":"0","isLinked":false},"form_align_mobile":"center","digit_typography_font_size_mobile":{"unit":"px","size":25,"sizes":[]},"text_typography_typography":"custom","text_typography_font_size_mobile":{"unit":"px","size":11,"sizes":[]},"_padding_mobile":{"unit":"px","top":"17","right":"0","bottom":"40","left":"0","isLinked":false},"text_typography_font_size_tablet":{"unit":"px","size":10,"sizes":[]},"form_align_tablet":"center","countdown_spacing":{"unit":"px","top":"0","right":"0","bottom":"0","left":"-23","isLinked":false},"countdown_spacing_tablet":{"unit":"px","top":"0","right":"0","bottom":"0","left":"-15","isLinked":false},"countdown_spacing_mobile":{"unit":"px","top":"0","right":"0","bottom":"0","left":"0","isLinked":true},"timer_spacing":{"unit":"px","size":35,"sizes":[]},"timer_padding":{"unit":"px","top":"0","right":"0","bottom":"0","left":"0","isLinked":true}},"elements":[],"isInner":false,"widgetType":"motta-countdown","elType":"widget"},{"id":"54bca516","settings":{"social_icon_list":[{"social_icon":{"value":"fab fa-twitter","library":"fa-brands"},"_id":"086908d","link":{"url":"https:\/\/twitter.com\/","is_external":"true","nofollow":"","custom_attributes":""}},{"social_icon":{"value":"fab fa-facebook-square","library":"fa-brands"},"_id":"3edce75","link":{"url":"https:\/\/www.facebook.com\/","is_external":"true","nofollow":"","custom_attributes":""}},{"social_icon":{"value":"fab fa-youtube","library":"fa-brands"},"_id":"b2bc410","link":{"url":"https:\/\/www.youtube.com\/","is_external":"true","nofollow":"","custom_attributes":""}},{"_id":"259b30a","social_icon":{"value":"fab fa-instagram","library":"fa-brands"},"link":{"url":"https:\/\/www.instagram.com\/","is_external":"true","nofollow":"","custom_attributes":""}},{"_id":"6a8d532","social_icon":{"value":"fab fa-whatsapp","library":"fa-brands"},"link":{"url":"https:\/\/www.whatsapp.com\/","is_external":"true","nofollow":"","custom_attributes":""}}],"icon_color":"#1D2128","icon_size":{"unit":"px","size":24,"sizes":[]},"icon_spacing":{"unit":"px","size":18,"sizes":[]},"align_mobile":"center","icon_spacing_mobile":{"unit":"px","size":16,"sizes":[]},"align_tablet":"center"},"elements":[],"isInner":false,"widgetType":"motta-social-icons","elType":"widget"}],"isInner":false,"elType":"column"},{"id":"501e419d","settings":{"_column_size":50,"_inline_size":50,"background_background":"classic","padding":{"unit":"px","top":"33","right":"12","bottom":"12","left":"12","isLinked":false},"background_image":{"url":"","id":"","alt":"","source":"library"},"background_repeat":"no-repeat","background_size":"contain","background_size_tablet":"cover","padding_tablet":{"unit":"px","top":"16","right":"16","bottom":"16","left":"16","isLinked":true},"background_size_mobile":"cover","padding_mobile":{"unit":"px","top":"35","right":"16","bottom":"16","left":"16","isLinked":false},"_inline_size_tablet":100},"elements":[{"id":"77cecb30","settings":{"structure":"20","padding_mobile":{"unit":"px","top":"34","right":"32","bottom":"13","left":"32","isLinked":false},"background_background":"classic","background_image":{"id":20039,"url":"https:\/\/motta.uix.store\/wp-content\/uploads\/2023\/07\/cs-v2-subcribox-bg.png","alt":"","source":"library","size":""},"background_repeat":"no-repeat","background_size":"cover","padding":{"unit":"px","top":"51","right":"64","bottom":"45","left":"73","isLinked":false},"background_position":"center center","background_repeat_mobile":"no-repeat","background_size_tablet":"cover","background_size_mobile":"cover","margin_mobile":{"unit":"px","top":"0","right":0,"bottom":"0","left":0,"isLinked":false},"padding_tablet":{"unit":"px","top":"20","right":"20","bottom":"20","left":"20","isLinked":false},"height_inner":"min-height","custom_height_inner":{"unit":"px","size":463,"sizes":[]},"custom_height_inner_tablet":{"unit":"px","size":360,"sizes":[]},"custom_height_inner_mobile":{"unit":"px","size":300,"sizes":[]},"margin_tablet":{"unit":"px","top":"50","right":0,"bottom":"0","left":0,"isLinked":false}},"elements":[{"id":"c7b474c","settings":{"_column_size":50,"_inline_size":2,"hide_tablet":"hidden-tablet","hide_mobile":"hidden-mobile","hide_desktop":"hidden-desktop"},"elements":[],"isInner":true,"elType":"column"},{"id":"6bf373f4","settings":{"_column_size":50,"_inline_size":98,"background_background":"classic","background_color":"#FFFFFF","box_shadow_box_shadow_type":"yes","box_shadow_box_shadow":{"horizontal":0,"vertical":2,"blur":6,"spread":0,"color":"rgba(0, 0, 0, 0.16)"},"margin_mobile":{"unit":"px","top":"0","right":"0","bottom":"0","left":"0","isLinked":true}},"elements":[{"id":"1e4a62b4","settings":{"title":"Be the first<br> to know","align":"center","typography_typography":"custom","typography_font_size":{"unit":"px","size":52,"sizes":[]},"typography_font_size_mobile":{"unit":"px","size":36,"sizes":[]},"typography_font_weight":"500","typography_line_height":{"unit":"px","size":52,"sizes":[]},"typography_line_height_mobile":{"unit":"px","size":36,"sizes":[]},"_padding":{"unit":"px","top":"40","right":"0","bottom":"0","left":"0","isLinked":false}},"elements":[],"isInner":false,"widgetType":"motta-heading","elType":"widget"},{"id":"26f095f5","settings":{"title":"Get notified when we lanch","align":"center","typography_typography":"custom","typography_font_size":{"unit":"px","size":18,"sizes":[]},"typography_font_weight":"500","_padding":{"unit":"px","top":"20","right":"0","bottom":"0","left":"0","isLinked":false}},"elements":[],"isInner":false,"widgetType":"motta-heading","elType":"widget"},{"id":"76b9d6b7","settings":{"title":"Be the first <br class=\"hidden-xs hidden-sm hidden-md\">\nto know!","description":"Get notified when we launch","title_color":"#1D2128","title_typography_typography":"custom","title_typography_font_size":{"unit":"px","size":54,"sizes":[]},"title_spacing":{"unit":"px","size":16,"sizes":[]},"description_color":"#1D2128","description_typography_typography":"custom","description_typography_font_size":{"unit":"px","size":16,"sizes":[]},"description_spacing":{"unit":"px","size":41,"sizes":[]},"title_typography_font_weight":"500","description_typography_font_weight":"500","title_typography_line_height":{"unit":"px","size":58,"sizes":[]},"button_background_color":"#1D2128","_padding":{"unit":"px","top":"42","right":"54","bottom":"48","left":"51","isLinked":false},"_background_background":"classic","_background_color":"#FFFFFF","title_typography_font_size_tablet":{"unit":"px","size":24,"sizes":[]},"title_typography_line_height_tablet":{"unit":"px","size":27,"sizes":[]},"title_typography_line_height_mobile":{"unit":"px","size":"","sizes":[]},"title_spacing_tablet":{"unit":"px","size":9,"sizes":[]},"description_typography_font_size_tablet":{"unit":"px","size":12,"sizes":[]},"description_typography_line_height_tablet":{"unit":"px","size":"","sizes":[]},"description_typography_line_height_mobile":{"unit":"px","size":"","sizes":[]},"description_spacing_tablet":{"unit":"px","size":24,"sizes":[]},"_padding_tablet":{"unit":"px","top":"26","right":"5","bottom":"20","left":"5","isLinked":false},"_box_shadow_box_shadow":{"horizontal":0,"vertical":2,"blur":6,"spread":0,"color":"rgba(0, 0, 0, 0.16)"},"title_spacing_mobile":{"unit":"px","size":8,"sizes":[]},"description_spacing_mobile":{"unit":"px","size":19,"sizes":[]},"_padding_mobile":{"unit":"px","top":"19","right":"16","bottom":"13","left":"16","isLinked":false},"form_shortcode":"[mc4wp_form id=\"192\"]","flexible_items":"column","form_skin":"ghost","form_shape":"sharp","button_color":"#FFFFFF","button_box_shadow_color":"#1D212800","button_border_color":"#1D2128","button_mobile_skin":"ghost"},"elements":[],"isInner":false,"widgetType":"motta-subscribe-box","elType":"widget"}],"isInner":true,"elType":"column"}],"isInner":true,"elType":"section"}],"isInner":false,"elType":"column"}],"isInner":false,"elType":"section"}],"page_settings":{"header_layout":"page","header_category_menu_display":"default","header_logo_type":"default","header_logo_image":{"id":"default","url":null},"header_logo_text":"default","header_logo_svg":"default","header_logo_width":"default","header_logo_height":"default","motta_header_background":"default","motta_header_text_color":"default","motta_hide_header_section":"1","motta_hide_topbar":"default","motta_hide_campain_bar":"default","motta_hide_header_border":"default","motta_hide_page_header":"1","motta_hide_title":"default","motta_hide_breadcrumb":"default","motta_content_top_spacing":"no","motta_content_top_padding":"63","motta_content_bottom_spacing":"no","motta_content_bottom_padding":"63","motta_hide_footer_section":"1","footer_layout":"page","footer_mobile_layout":"page","page_primary_menu":"default"},"version":"0.4","title":"Coming v2","type":"page"}