{"content":[{"id":"2e56bcdf","settings":{"padding":{"unit":"px","top":"25","right":"0","bottom":"0","left":"0","isLinked":false}},"elements":[{"id":"650793ed","settings":{"_column_size":100,"_inline_size":null},"elements":[{"id":"644fd7b2","settings":{"title":"Frequently asked<br>questions","align":"center","typography_typography":"custom","typography_font_size":{"unit":"px","size":72,"sizes":[]},"typography_font_size_mobile":{"unit":"px","size":32,"sizes":[]},"typography_font_weight":"700","typography_line_height_mobile":{"unit":"px","size":40,"sizes":[]},"before_title":"Frequently asked <br>\nquestions","before_title_typography_typography":"custom","before_title_typography_font_size":{"unit":"px","size":64,"sizes":[]},"before_title_typography_font_size_mobile":{"unit":"px","size":32,"sizes":[]},"before_title_typography_font_weight":"700","before_title_typography_line_height":{"unit":"px","size":77,"sizes":[]},"before_title_typography_line_height_mobile":{"unit":"px","size":40,"sizes":[]},"before_title_spacing":{"unit":"px","size":27,"sizes":[]},"before_title_spacing_mobile":{"unit":"px","size":20,"sizes":[]},"typography_letter_spacing":{"unit":"px","size":0,"sizes":[]},"typography_letter_spacing_mobile":{"unit":"px","size":0,"sizes":[]},"spacing":{"unit":"px","size":10,"sizes":[]},"_margin":{"unit":"px","top":"0","right":"0","bottom":"10","left":"0","isLinked":false}},"elements":[],"isInner":false,"widgetType":"motta-heading","elType":"widget"},{"id":"46d8b9f2","settings":{"title":"Have questions? We have answers!","align":"center","typography_typography":"custom","typography_font_size":{"unit":"px","size":18,"sizes":[]},"typography_font_size_mobile":{"unit":"px","size":16,"sizes":[]},"typography_font_weight":"500","typography_line_height":{"unit":"px","size":24,"sizes":[]},"typography_line_height_mobile":{"unit":"px","size":24,"sizes":[]},"before_title":"Frequently asked <br>\nquestions","before_title_typography_typography":"custom","before_title_typography_font_size":{"unit":"px","size":64,"sizes":[]},"before_title_typography_font_size_mobile":{"unit":"px","size":32,"sizes":[]},"before_title_typography_font_weight":"700","before_title_typography_line_height":{"unit":"px","size":77,"sizes":[]},"before_title_typography_line_height_mobile":{"unit":"px","size":40,"sizes":[]},"before_title_spacing":{"unit":"px","size":27,"sizes":[]},"before_title_spacing_mobile":{"unit":"px","size":20,"sizes":[]}},"elements":[],"isInner":false,"widgetType":"motta-heading","elType":"widget"}],"isInner":false,"elType":"column"}],"isInner":false,"elType":"section"},{"id":"d70e8f3","settings":{"content_width":{"unit":"px","size":580,"sizes":[]},"padding":{"unit":"px","top":"91","right":"0","bottom":"109","left":"0","isLinked":false},"padding_mobile":{"unit":"px","top":"13","right":"0","bottom":"23","left":"0","isLinked":false}},"elements":[{"id":"3d8cf1c","settings":{"_column_size":100,"_inline_size":null},"elements":[{"id":"10d68887","settings":{"tabs":[{"tab_title":"Where is my order?","tab_content":"<p>Depending on the delivery option you selected at checkout, we\u2019ll email you a tracking link after your order has been shipped.<\/p><p>Follow this <a href=\"https:\/\/www.doordash.com\/orders\/help\" target=\"_blank\" rel=\"noopener\">link<\/a> to check the status of your order. We can also send you notifications about any important updates regarding your order - just make sure you\u2019ve opted into notifications.<\/p>","_id":"3f5d88a"},{"tab_title":"How do I cancel or edit an order?","tab_content":"Changed your mind, or gave the wrong address at checkout? No worries, we've all done it. As long as your order hasn't processed or shipped, you can make changes to it.\n\nYou'll first want to pull up your order. If you placed your order while logged in to your account, login and choose <a href=\"https:\/\/www.threadless.com\/profile\/settings\">Your Account<\/a>\u00a0from the drop-down menu under your username. On your Account page, select\u00a0<a href=\"https:\/\/www.threadless.com\/profile\/orders\">Orders<\/a>\u00a0from the left-hand side, and find the order you'd like to update from your Order History.","_id":"65e31b9"},{"_id":"f4bb4d5","tab_title":"Why was my order canceled?","tab_content":"Canceling your order is the last thing we want to do but some situations come up where cancellation is the best option to save you time and money. If your order is canceled, you won't be charged. Find\u00a0<a class=\"black\" href=\"\/help\/article\/charges-and-authorization-holds\/e5dcfc1ca83e49d4999fb510c7fe13af\">more information about auth holds<\/a>.\n\nThe most common reasons an order might be canceled are:\n<ul>\n \t<li><a class=\"black\" href=\"\/help\/article\/quantity-limits-and-bulk-purchases\/825450266d4245b29e242d06a01bd91d\">Limits on available quantities<\/a><\/li>\n \t<li><a class=\"black\" href=\"\/help\/article\/out-of-stock-items\/8c40895090384f2cbe1389537b24e3c1\">The item is out of stock<\/a><\/li>\n \t<li><a class=\"black\" href=\"\/help\/article\/price-and-other-listing-errors\/4c06730885e143fe8b4a0719da70bd79\">Price or other listing errors<\/a><\/li>\n \t<li>Additional information is needed by our Credit and Fraud Avoidance department<\/li>\n \t<li>Unavailable carrier or shipping method<\/li>\n \t<li>Using an older browser or app version which is no longer supported<\/li>\n<\/ul>\nWe will send you an email if any part of your order is canceled or if we need more information to process your order."},{"_id":"406375a","tab_title":"How will I see if I get free shipping?","tab_content":"<div style=\"font-weight: 500;\">Duis aute irure dolor in reprehenderit in voluptate velit esse cillum dolore eu fugiat nulla pariatur.<\/div><br>\nExcepteur sint occaecat cupidatat non proident, sunt in culpa qui officia deserunt mollit anim id est laborum. Sed ut perspiciatis unde omnis iste natus error sit voluptatem accusantium doloremque laudantium, totam rem aperiam, eaque ipsa quae ab illo inventore veritatis et quasi architecto beatae vitae dicta sunt explicabo.\nNemo enim ipsam voluptatem quia voluptas sit aspernatur aut odit aut fugit, sed quia consequuntur magni dolores eos qui ratione voluptatem sequi nesciunt.\n<br>\n<br>\nNeque porro quisquam est, qui dolorem ipsum quia dolor sit amet, consectetur, adipisci velit, sed quia non numquam eius modi tempora incidunt ut labore et dolore magnam aliquam quaerat voluptatem."},{"_id":"8bbf747","tab_title":"Do you deliver to my postcode?","tab_content":"You can use our<strong><a href=\"https:\/\/www.ocado.com\/webshop\/postcodeCheck.do\">\u00a0Postcode Checker.<\/a>\u00a0<\/strong>We'll instantly be able to tell you if we deliver to your postcode.\n<div id=\"blockColorblindContent\">\n\n<strong>Why don't Shop deliver to me?<\/strong>\n\nWe\u2019re always expanding our delivery area, and hope to be in your area soon! Please <strong><a href=\"https:\/\/www.ocado.com\/webshop\/quickReg.do?ad=79364%7C1372240%7C%7C\">register<\/a><\/strong>\u00a0with us, so we can email you as soon as we start delivering to your address.\n\n<\/div>"},{"_id":"0d35738","tab_title":"How do I change my delivery address?","tab_content":"<p>You can change your address after placing an order\u00a0<b data-aura-rendered-by=\"33:367;a\">only if you meet all 5 criteria:<\/b><\/p><ul data-aura-rendered-by=\"33:367;a\"><li>Seller has not arranged shipment for your order.<\/li><li>You have not made payment or\u00a0<a href=\"https:\/\/help.shopee.com.my\/s\/article\/Payment-Status-How-do-I-know-if-my-payment-is-successful\" target=\"_blank\" rel=\"noopener\">payment has not been confirmed<\/a>.<\/li><li>You have not requested a change of address for the order before. Delivery address can only be changed once for each order.<\/li><li>New address does not incur higher shipping fee.<\/li><li>Did not use a Free Shipping Voucher when placing order.<\/li><\/ul><p><br data-aura-rendered-by=\"33:367;a\" \/>If you meet all the above criteria, you may proceed to change your delivery address.\u00a0<br data-aura-rendered-by=\"33:367;a\" \/><br data-aura-rendered-by=\"33:367;a\" \/>If seller has yet to ship the order, you may proceed to cancel your order. Kindly inform the seller via Chat that you need to cancel in order to change the address. However, do note that the cancellation request is subject to seller's approval. If the seller rejects your cancellation request, the order will proceed as per usual.\u00a0<\/p>"},{"_id":"eee21fb","tab_title":"Where can I get more information?","tab_content":"From a marketing perspective, the good news is the process of getting your first customer versus your one hundredth is the same. But for traffic to successfully result in sales and profit, there are some essential prerequisites to ensure that traffic converts and the cost is sustainable. You should be asking yourself"},{"_id":"0d9dfc2","tab_title":"Why did I receive a notification?","tab_content":"<p>Your store comes with email templates that you can\u00a0<a href=\"https:\/\/help.shopify.com\/en\/manual\/orders\/notifications\/edit-template#add-a-logo-to-your-email-templates\">customize with your logo and brand accent color<\/a>. You can choose to have email notifications sent to you, your staff, or your customers, depending on the setting for your\u00a0<a href=\"https:\/\/help.shopify.com\/en\/manual\/orders\/notifications\/order-notifications\">order notifications<\/a>.<\/p><p>Your store also includes SMS notifications for order confirmation and shipping updates. To learn more about how to enable and configure these updates, see\u00a0<a href=\"https:\/\/help.shopify.com\/en\/manual\/orders\/notifications\/sms-notifications\">SMS notifications<\/a>.<\/p><p>You can view and update your store's notification settings from the\u00a0<a href=\"https:\/\/www.shopify.com\/admin\/settings\/notifications\" target=\"blank\"><strong>Notifications<\/strong><\/a> settings page in your Shopify admin.<\/p><aside class=\"note\"><p>If your customers or staff aren't receiving email notifications, then tell them to check their spam or junk folder. If the problem persists, ask them to supply an alternate email address using a different email provider.<\/p><\/aside>"}],"title_typography_typography":"custom","title_typography_font_size":{"unit":"px","size":18,"sizes":[]},"title_typography_font_size_mobile":{"unit":"px","size":14,"sizes":[]},"title_typography_font_weight":"500","content_typography_typography":"custom","content_typography_font_size":{"unit":"px","size":18,"sizes":[]},"content_typography_font_weight":"400"},"elements":[],"isInner":false,"widgetType":"motta-accordion","elType":"widget"}],"isInner":false,"elType":"column"}],"isInner":false,"elType":"section"},{"id":"636a2cd6","settings":{"layout":"full_width","background_background":"classic","background_color":"#B4F4DE","padding":{"unit":"px","top":"107","right":"0","bottom":"108","left":"0","isLinked":false},"padding_mobile":{"unit":"px","top":"63","right":"0","bottom":"65","left":"0","isLinked":false},"content_width":{"unit":"px","size":1268,"sizes":[]}},"elements":[{"id":"50b59549","settings":{"_column_size":100,"_inline_size":null,"background_background":"classic"},"elements":[{"id":"47b95f78","settings":{"title":"How can we help you?","align":"center","typography_typography":"custom","typography_font_size":{"unit":"px","size":18,"sizes":[]},"typography_font_size_mobile":{"unit":"px","size":16,"sizes":[]},"typography_font_weight":"500","typography_line_height":{"unit":"px","size":24,"sizes":[]},"typography_line_height_mobile":{"unit":"px","size":24,"sizes":[]},"before_title":"Frequently asked <br>\nquestions","before_title_typography_typography":"custom","before_title_typography_font_size":{"unit":"px","size":64,"sizes":[]},"before_title_typography_font_size_mobile":{"unit":"px","size":32,"sizes":[]},"before_title_typography_font_weight":"700","before_title_typography_line_height":{"unit":"px","size":77,"sizes":[]},"before_title_typography_line_height_mobile":{"unit":"px","size":40,"sizes":[]},"before_title_spacing":{"unit":"px","size":27,"sizes":[]},"before_title_spacing_mobile":{"unit":"px","size":20,"sizes":[]},"spacing":{"unit":"px","size":20,"sizes":[]}},"elements":[],"isInner":false,"widgetType":"motta-heading","elType":"widget"},{"id":"48913fc0","settings":{"before_title":"How can we help you?","title":"Our crew of superheroes are <br class=\"hidden-xs\">\nstanding by for <br class=\"hidden-lg hiddem-sm\"> Help & <br class=\"hidden-xs\">\nSupport!","align":"center","before_title_typography_typography":"custom","before_title_typography_font_size":{"unit":"px","size":16,"sizes":[]},"before_title_typography_font_weight":"500","before_title_typography_line_height_mobile":{"unit":"px","size":"","sizes":[]},"before_title_spacing":{"unit":"px","size":36,"sizes":[]},"before_title_spacing_mobile":{"unit":"px","size":25,"sizes":[]},"typography_typography":"custom","typography_font_size_mobile":{"unit":"px","size":32,"sizes":[]},"typography_font_weight":"500","typography_line_height_mobile":{"unit":"px","size":40,"sizes":[]},"typography_letter_spacing":{"unit":"px","size":0,"sizes":[]},"typography_letter_spacing_mobile":{"unit":"px","size":0,"sizes":[]}},"elements":[],"isInner":false,"widgetType":"motta-heading","elType":"widget"},{"id":"222a7b11","settings":{"title":"Help Center","size":"large","typography_typography":"custom","typography_font_size_mobile":{"unit":"px","size":12,"sizes":[]},"_padding":{"unit":"px","top":"26","right":"0","bottom":"0","left":"0","isLinked":false},"_padding_mobile":{"unit":"px","top":"24","right":"0","bottom":"15","left":"0","isLinked":false},"padding":{"unit":"px","top":"0","right":"63","bottom":"0","left":"63","isLinked":false},"shape":"sharp","background_color":"#1D2128","button_box_shadow_color":"#02010100","primary_button_text":"Help Center","align_mobile":"center","primary_button_size":"large","primary_button_options":"yes","primary_button_width":{"unit":"px","size":200,"sizes":[]},"primary_button_background_color":"#1D2128","primary_button_link":{"url":"https:\/\/motta.uix.store\/help-center\/","is_external":"","nofollow":"","custom_attributes":""}},"elements":[],"isInner":false,"widgetType":"motta-button","elType":"widget"}],"isInner":false,"elType":"column"}],"isInner":false,"elType":"section"}],"page_settings":{"header_layout":"page","header_category_menu_display":"default","header_logo_type":"default","header_logo_image":{"id":"default","url":null},"header_logo_text":"default","header_logo_svg":"default","header_logo_width":"default","header_logo_height":"default","motta_header_background":"default","motta_header_text_color":"default","motta_hide_header_section":"default","motta_hide_topbar":"1","motta_hide_campain_bar":"1","motta_hide_header_border":"default","motta_hide_page_header":"1","motta_hide_title":"default","motta_hide_breadcrumb":"default","motta_content_top_spacing":"no","motta_content_top_padding":"63","motta_content_bottom_spacing":"no","motta_content_bottom_padding":"63","motta_hide_footer_section":"default","footer_layout":"7791","footer_mobile_layout":"17027","page_primary_menu":"default"},"version":"0.4","title":"FAQ v2","type":"page"}