{"content":[{"id":"5004711d","settings":{"layout":"full_width","stretch_section":"section-stretched","background_background":"classic","background_color":"#FFE7E7","padding":{"unit":"px","top":"133","right":"0","bottom":"40","left":"0","isLinked":false},"padding_mobile":{"unit":"px","top":"103","right":"0","bottom":"20","left":"0","isLinked":false}},"elements":[{"id":"276d7251","settings":{"_column_size":100,"_inline_size":null},"elements":[{"id":"39afdc89","settings":{"title":"Have questions?<br>\nWe have answers!","align":"center","typography_typography":"custom","typography_font_size":{"unit":"px","size":72,"sizes":[]},"spacing":{"unit":"px","size":20,"sizes":[]},"typography_font_size_mobile":{"unit":"px","size":32,"sizes":[]}},"elements":[],"isInner":false,"widgetType":"motta-heading","elType":"widget"},{"id":"30e87b9e","settings":{"editor":"<p>Everything you need to know about the product and billing.<\/p>","align":"center","text_color":"#1D2128","typography_typography":"custom","typography_font_family":"Roboto","typography_font_weight":"500"},"elements":[],"isInner":false,"widgetType":"text-editor","elType":"widget"}],"isInner":false,"elType":"column"}],"isInner":false,"elType":"section"},{"id":"5720cc6f","settings":{"structure":"30","padding":{"unit":"px","top":"50","right":"0","bottom":"91","left":"0","isLinked":false},"padding_mobile":{"unit":"px","top":"0","right":"0","bottom":"27","left":"0","isLinked":false}},"elements":[{"id":"70c8a4c2","settings":{"_column_size":33,"_inline_size":25.256,"hide_mobile":"hidden-mobile"},"elements":[{"id":"16114c8d","settings":{"items":[{"title":"Orders & Purchases","link":{"url":"#section-orders-purchases","is_external":"","nofollow":"","custom_attributes":""},"_id":"bab6dd6"},{"title":"Account","link":{"url":"#section-account","is_external":"","nofollow":"","custom_attributes":""},"_id":"50cb777"},{"title":"Returns & Refunds","link":{"url":"#section-returns-refunds","is_external":"","nofollow":"","custom_attributes":""},"_id":"9b60c0e"},{"title":"Shipping & Tracking","link":{"url":"#section-shipping-tracking","is_external":"","nofollow":"","custom_attributes":""},"_id":"b94f7ee"},{"title":"Fees & billing","link":{"url":"#section-fees-billing","is_external":"","nofollow":"","custom_attributes":""},"_id":"337e3c2"},{"title":"Other","link":{"url":"#section-other","is_external":"","nofollow":"","custom_attributes":""},"_id":"0a750b0"}]},"elements":[],"isInner":false,"widgetType":"motta-navigation-bar","elType":"widget"}],"isInner":false,"elType":"column"},{"id":"20d2b0f5","settings":{"_column_size":33,"_inline_size":50},"elements":[{"id":"2bb134db","settings":{"title":"Orders & Purchases","typography_typography":"custom","typography_font_size":{"unit":"px","size":36,"sizes":[]},"typography_font_weight":"500","_padding":{"unit":"px","top":"10","right":"0","bottom":"23","left":"0","isLinked":false},"_element_id":"section-orders-purchases","typography_font_size_mobile":{"unit":"px","size":23,"sizes":[]},"typography_line_height_mobile":{"unit":"px","size":32,"sizes":[]},"_padding_mobile":{"unit":"px","top":"10","right":"0","bottom":"16","left":"0","isLinked":false}},"elements":[],"isInner":false,"widgetType":"motta-heading","elType":"widget"},{"id":"4c0744cd","settings":{"tabs":[{"tab_title":"Where is my order?","tab_content":"Depending on the delivery option you selected at checkout, we\u2019ll email you a tracking link after your order has been shipped.\n<br>\n<br>\nFollow this link to check the status of your order. We can also send you notifications about any important updates regarding your order \u2013 just make sure you\u2019ve opted into notifications.","_id":"e2bf34f"},{"tab_title":"How do I cancel or edit an order?","tab_content":"Changed your mind, or gave the wrong address at checkout? No worries, we've all done it. As long as your order hasn't processed or shipped, you can make changes to it.\n\nYou'll first want to pull up your order. If you placed your order while logged in to your account, login and choose <a href=\"https:\/\/www.threadless.com\/profile\/settings\">Your Account<\/a>\u00a0from the drop-down menu under your username. On your Account page, select\u00a0<a href=\"https:\/\/www.threadless.com\/profile\/orders\">Orders<\/a>\u00a0from the left-hand side, and find the order you'd like to update from your Order History.","_id":"116e29a"},{"tab_title":"Why was my order canceled?","tab_content":"Canceling your order is the last thing we want to do but some situations come up where cancellation is the best option to save you time and money. If your order is canceled, you won't be charged. Find\u00a0<a class=\"black\" href=\"\/help\/article\/charges-and-authorization-holds\/e5dcfc1ca83e49d4999fb510c7fe13af\">more information about auth holds<\/a>.\n\nThe most common reasons an order might be canceled are:\n<ul>\n \t<li><a class=\"black\" href=\"\/help\/article\/quantity-limits-and-bulk-purchases\/825450266d4245b29e242d06a01bd91d\">Limits on available quantities<\/a><\/li>\n \t<li><a class=\"black\" href=\"\/help\/article\/out-of-stock-items\/8c40895090384f2cbe1389537b24e3c1\">The item is out of stock<\/a><\/li>\n \t<li><a class=\"black\" href=\"\/help\/article\/price-and-other-listing-errors\/4c06730885e143fe8b4a0719da70bd79\">Price or other listing errors<\/a><\/li>\n \t<li>Additional information is needed by our Credit and Fraud Avoidance department<\/li>\n \t<li>Unavailable carrier or shipping method<\/li>\n \t<li>Using an older browser or app version which is no longer supported<\/li>\n<\/ul>\nWe will send you an email if any part of your order is canceled or if we need more information to process your order.","_id":"9f14509"},{"tab_title":"I didn't receive all off my order?","tab_content":"<div style=\"font-weight:500;\">Duis aute irure dolor in reprehenderit in voluptate velit esse cillum dolore eu fugiat nulla pariatur. <\/div>\n<br>\n<div>Excepteur sint occaecat cupidatat non proident, sunt in culpa qui officia deserunt mollit anim id est laborum. Sed ut perspiciatis unde omnis iste natus error sit voluptatem accusantium doloremque laudantium, totam rem aperiam, eaque ipsa quae ab illo inventore veritatis et quasi architecto beatae vitae dicta sunt explicabo. \nNemo enim ipsam voluptatem quia voluptas sit aspernatur aut odit aut fugit, sed quia consequuntur magni dolores eos qui ratione voluptatem sequi nesciunt.<\/div>\n<br>\nNeque porro quisquam est, qui dolorem ipsum quia dolor sit amet, consectetur, adipisci velit, sed quia non numquam eius modi tempora incidunt ut labore et dolore magnam aliquam quaerat voluptatem.","_id":"3f921f7"},{"tab_title":"What if there is a problem with my order?","tab_content":"From a marketing perspective, the good news is the process of getting your first customer versus your one hundredth is the same. But for traffic to successfully result in sales and profit, there are some essential prerequisites to ensure that traffic converts and the cost is sustainable. You should be asking yourself","_id":"6c189f9"},{"tab_title":"How do I get a return label?","tab_content":"Include one in the original shipment box.\nUse the cloud platform.\nIntegrate the returns tool on your website.\nLet customers print their own.","_id":"80c29ba"}],"style":"2","title_typography_typography":"custom","title_typography_font_size":{"unit":"px","size":18,"sizes":[]}},"elements":[],"isInner":false,"widgetType":"motta-accordion","elType":"widget"},{"id":"69352601","settings":{"title":"Account","typography_typography":"custom","typography_font_size":{"unit":"px","size":36,"sizes":[]},"typography_font_weight":"500","_padding":{"unit":"px","top":"58","right":"0","bottom":"23","left":"0","isLinked":false},"_element_id":"section-account","typography_font_size_mobile":{"unit":"px","size":23,"sizes":[]},"typography_line_height_mobile":{"unit":"px","size":32,"sizes":[]},"_padding_mobile":{"unit":"px","top":"19","right":"0","bottom":"16","left":"0","isLinked":false}},"elements":[],"isInner":false,"widgetType":"motta-heading","elType":"widget"},{"id":"cf7376b","settings":{"tabs":[{"tab_title":"How do I reset my password?","tab_content":"In the event you forget a password for your computer, email, or social media accounts, you can reset your password directly through the system or application you\u2019re using. In most cases, you can reset your password by answering a series of security questions or by requesting an email that contains a password reset link.","_id":"e2bf34f"},{"tab_title":"How do I change my password?","tab_content":"To change your password if you're already logged in:\nClick account in the top right of Facebook.\nSelect Settings and privacy, then click Settings.\nClick Security and login.\nClick Edit next to Change password.\nEnter your current password and new password.\nClick Save Changes.","_id":"116e29a"},{"tab_title":"How do I cancel my account?","tab_content":"You can cancel your account at any time during your paid subscription.\n<br>\nTrial users don't need to do anything! You can continue to use your account until the end of the trial. After that, as long as you don't upgrade, your account will be closed.\n<br>\nIf you want to stop your trial early, follow the steps below for paying users. \n<br>\nAs a reminder, no credit card information was taken when you signed up for the free trial.","_id":"9f14509"}],"style":"2","title_typography_typography":"custom","title_typography_font_size":{"unit":"px","size":18,"sizes":[]}},"elements":[],"isInner":false,"widgetType":"motta-accordion","elType":"widget"},{"id":"2d1f0f87","settings":{"title":"Returns & Refunds","typography_typography":"custom","typography_font_size":{"unit":"px","size":36,"sizes":[]},"typography_font_weight":"500","_padding":{"unit":"px","top":"58","right":"0","bottom":"23","left":"0","isLinked":false},"_element_id":"section-returns-refunds","typography_font_size_mobile":{"unit":"px","size":23,"sizes":[]},"typography_line_height_mobile":{"unit":"px","size":32,"sizes":[]},"_padding_mobile":{"unit":"px","top":"29","right":"0","bottom":"16","left":"0","isLinked":false}},"elements":[],"isInner":false,"widgetType":"motta-heading","elType":"widget"},{"id":"3de8cecc","settings":{"tabs":[{"tab_title":"Where is my refund?","tab_content":"After submitting your return, please allow at least 2-3 weeks of processing time before checking your refund status.  ","_id":"e2bf34f"},{"tab_title":"How do I return my order?","tab_content":"With some returns, like heavy or bulky items, specialized return methods or delivery companies can help. In these cases, after you start your return on the \u201cOrder History\u201d page, you get more instructions.. If you don\u2019t automatically receive a return label, our team or the seller\u2019s support team contacts you.","_id":"116e29a"},{"tab_title":"What is return policy?","tab_content":"Return policies are the rules retail merchants establish to manage the process by which customers return or exchange unwanted or defective merchandise that they have purchased previously. Return policies are an extension of the customer service retailers provide; they tend to be fairly liberal as a consequence.","_id":"9f14509"}],"style":"2","title_typography_typography":"custom","title_typography_font_size":{"unit":"px","size":18,"sizes":[]}},"elements":[],"isInner":false,"widgetType":"motta-accordion","elType":"widget"},{"id":"16bea91","settings":{"title":"Shipping & Tracking","typography_typography":"custom","typography_font_size":{"unit":"px","size":36,"sizes":[]},"typography_font_weight":"500","_padding":{"unit":"px","top":"58","right":"0","bottom":"23","left":"0","isLinked":false},"_element_id":"section-shipping-tracking","typography_font_size_mobile":{"unit":"px","size":23,"sizes":[]},"typography_line_height_mobile":{"unit":"px","size":32,"sizes":[]},"_padding_mobile":{"unit":"px","top":"19","right":"0","bottom":"16","left":"0","isLinked":false}},"elements":[],"isInner":false,"widgetType":"motta-heading","elType":"widget"},{"id":"47b65f4c","settings":{"tabs":[{"tab_title":"How will I see if I get free shipping?","tab_content":"They say nothing is free in life\u2014even \u201cfree shipping.\u201d That\u2019s because, even if you offer free shipping, someone has to pay for it. Usually, that\u2019s going to be you, the business owner! ","_id":"e2bf34f"},{"tab_title":"How do I change my delivery address?","tab_content":"At this time, we can\u2019t change your delivery address once the order has been processed. If your order hasn't been processed yet, you can file a cancellation request. Then, you can place a new order with the correct address.","_id":"116e29a"},{"tab_title":"My order hasn't arrived yet. Where is it?","tab_content":"f your order hasn\u2019t arrived by the expected delivery date, you can check the website to see the current status of your order here.\n<br>\nPlease note: The expected shipping times for orders outside of the UK and ROI, do not take into account possible delays if your parcel is held up in customs. We would ask you to allow 21 days from order to receive your item(s), prior to further investigation.\n<br>\nIf you\u2019ve ordered during one of our sales it gets pretty busy, so your delivery might take a little longer to get to you. ","_id":"9f14509"},{"tab_title":"Do you deliver to my postcode?","tab_content":"You can use our<strong><a href=\"https:\/\/www.ocado.com\/webshop\/postcodeCheck.do\">\u00a0Postcode Checker.<\/a>\u00a0<\/strong>We'll instantly be able to tell you if we deliver to your postcode.\n<div id=\"blockColorblindContent\">\n\n<strong>Why don't Shop deliver to me?<\/strong>\n\nWe\u2019re always expanding our delivery area, and hope to be in your area soon! Please <strong><a href=\"https:\/\/www.ocado.com\/webshop\/quickReg.do?ad=79364%7C1372240%7C%7C\">register<\/a><\/strong>\u00a0with us, so we can email you as soon as we start delivering to your address.\n\n<\/div>","_id":"2ebfc89"}],"style":"2","title_typography_typography":"custom","title_typography_font_size":{"unit":"px","size":18,"sizes":[]}},"elements":[],"isInner":false,"widgetType":"motta-accordion","elType":"widget"},{"id":"4f70cf42","settings":{"title":"Fees & billing","typography_typography":"custom","typography_font_size":{"unit":"px","size":36,"sizes":[]},"typography_font_weight":"500","_padding":{"unit":"px","top":"58","right":"0","bottom":"23","left":"0","isLinked":false},"_element_id":"section-fees-billing","typography_font_size_mobile":{"unit":"px","size":23,"sizes":[]},"typography_line_height_mobile":{"unit":"px","size":32,"sizes":[]},"_padding_mobile":{"unit":"px","top":"19","right":"0","bottom":"16","left":"0","isLinked":false}},"elements":[],"isInner":false,"widgetType":"motta-heading","elType":"widget"},{"id":"7622c887","settings":{"tabs":[{"tab_title":"How and when do I get paid?","tab_content":"\nDepending on the industry, workplace and role, employers pay their employees on a variety of schedules. Having a regular paycheck allows you to have a continuous stream of money coming into your bank account to pay for household and personal expenses. Knowing when you'll get paid is important so you can create a budget for your regular expenses and save for big purchases.","_id":"e2bf34f"},{"tab_title":"What are my payment options?","tab_content":"Payment Options:\n<li>Cash.<\/li>\n<li>Checks.<\/li>\n<li>Debit cards.<\/li>\n<li>Credit cards.<\/li>\n<li>Mobile payments.<\/li>\n<li>Electronic bank transfers.<\/li>","_id":"116e29a"}],"style":"2","title_typography_typography":"custom","title_typography_font_size":{"unit":"px","size":18,"sizes":[]}},"elements":[],"isInner":false,"widgetType":"motta-accordion","elType":"widget"},{"id":"31008121","settings":{"title":"Other","typography_typography":"custom","typography_font_size":{"unit":"px","size":36,"sizes":[]},"typography_font_weight":"500","_padding":{"unit":"px","top":"58","right":"0","bottom":"23","left":"0","isLinked":false},"_element_id":"section-other","typography_font_size_mobile":{"unit":"px","size":23,"sizes":[]},"typography_line_height_mobile":{"unit":"px","size":32,"sizes":[]},"_padding_mobile":{"unit":"px","top":"19","right":"0","bottom":"16","left":"0","isLinked":false}},"elements":[],"isInner":false,"widgetType":"motta-heading","elType":"widget"},{"id":"ab979c2","settings":{"tabs":[{"tab_title":"Why did I receive a notification?","tab_content":"Before you start troubleshooting why you aren't receiving any app notifications, always confirm you're connected to at least one network (cellular or Wi-Fi) and have an internet connection. Open your mobile browser and try to search Google for anything","_id":"e2bf34f"},{"tab_title":"Where can I get more information?","tab_content":"From a marketing perspective, the good news is the process of getting your first customer versus your one hundredth is the same. But for traffic to successfully result in sales and profit, there are some essential prerequisites to ensure that traffic converts and the cost is sustainable. You should be asking yourself","_id":"116e29a"},{"tab_title":"Where can I view store locations and hours?","tab_content":"Lorem ipsum dolor sit amet, consectetur adipiscing elit. Ut elit tellus, luctus nec ullamcorper mattis, pulvinar dapibus leo.","_id":"501fad1"},{"tab_title":"What is the Seller Feedback Rating?","tab_content":"Your Seller Feedback Score is simply the percentage of positive feedback you have received over a specific period of time.","_id":"5b975ca"}],"style":"2","title_typography_typography":"custom","title_typography_font_size":{"unit":"px","size":18,"sizes":[]}},"elements":[],"isInner":false,"widgetType":"motta-accordion","elType":"widget"}],"isInner":false,"elType":"column"},{"id":"1b5ab3ee","settings":{"_column_size":33,"_inline_size":24.408},"elements":[],"isInner":false,"elType":"column"}],"isInner":false,"elType":"section"},{"id":"ecb503","settings":{"layout":"full_width","background_background":"classic","background_color":"#B4F4DE","padding":{"unit":"px","top":"107","right":"0","bottom":"108","left":"0","isLinked":false},"padding_mobile":{"unit":"px","top":"63","right":"0","bottom":"65","left":"0","isLinked":false},"content_width":{"unit":"px","size":1268,"sizes":[]}},"elements":[{"id":"78afe395","settings":{"_column_size":100,"_inline_size":null,"background_background":"classic"},"elements":[{"id":"1c7293c8","settings":{"before_title":"How can we help you?","title":"How can we help you?","title_size":"h6","align":"center","before_title_typography_typography":"custom","before_title_typography_font_size":{"unit":"px","size":16,"sizes":[]},"before_title_typography_font_weight":"500","before_title_typography_line_height_mobile":{"unit":"px","size":"","sizes":[]},"before_title_spacing":{"unit":"px","size":36,"sizes":[]},"before_title_spacing_mobile":{"unit":"px","size":25,"sizes":[]},"typography_typography":"custom","typography_font_size":{"unit":"px","size":18,"sizes":[]},"typography_font_weight":"500","typography_line_height_mobile":{"unit":"px","size":"","sizes":[]},"spacing":{"unit":"px","size":24,"sizes":[]},"typography_line_height_tablet":{"unit":"px","size":"","sizes":[]}},"elements":[],"isInner":false,"widgetType":"motta-heading","elType":"widget"},{"id":"66f33f96","settings":{"before_title":"How can we help you?","title":"Our crew of superheroes are <br class=\"hidden-xs\">\nstanding by for <br class=\"hidden-lg hiddem-sm\"> Help & <br class=\"hidden-xs\">\nSupport!","align":"center","before_title_typography_typography":"custom","before_title_typography_font_size":{"unit":"px","size":16,"sizes":[]},"before_title_typography_font_weight":"500","before_title_typography_line_height_mobile":{"unit":"px","size":"","sizes":[]},"before_title_spacing":{"unit":"px","size":36,"sizes":[]},"before_title_spacing_mobile":{"unit":"px","size":25,"sizes":[]},"typography_typography":"custom","typography_font_size_mobile":{"unit":"px","size":32,"sizes":[]},"typography_font_weight":"500","typography_line_height":{"unit":"px","size":64,"sizes":[]},"typography_line_height_mobile":{"unit":"px","size":40,"sizes":[]},"typography_letter_spacing":{"unit":"px","size":0,"sizes":[]},"typography_letter_spacing_mobile":{"unit":"px","size":0,"sizes":[]}},"elements":[],"isInner":false,"widgetType":"motta-heading","elType":"widget"},{"id":"68b8986e","settings":{"title":"Help Center","size":"large","typography_typography":"custom","typography_font_size_mobile":{"unit":"px","size":12,"sizes":[]},"_padding":{"unit":"px","top":"26","right":"0","bottom":"0","left":"0","isLinked":false},"_padding_mobile":{"unit":"px","top":"24","right":"0","bottom":"15","left":"0","isLinked":false},"padding":{"unit":"px","top":"0","right":"63","bottom":"0","left":"63","isLinked":false},"shape":"sharp","background_color":"#1D2128","button_box_shadow_color":"#02010100","primary_button_text":"Help Center","align_mobile":"center","primary_button_size":"large","primary_button_options":"yes","primary_button_width":{"unit":"px","size":200,"sizes":[]},"primary_button_background_color":"#1D2128","primary_button_link":{"url":"https:\/\/motta.uix.store\/help-center\/","is_external":"","nofollow":"","custom_attributes":""}},"elements":[],"isInner":false,"widgetType":"motta-button","elType":"widget"}],"isInner":false,"elType":"column"}],"isInner":false,"elType":"section"}],"page_settings":{"header_layout":"page","header_category_menu_display":"default","header_logo_type":"default","header_logo_image":{"id":"default","url":null},"header_logo_text":"default","header_logo_svg":"default","header_logo_width":"default","header_logo_height":"default","motta_header_background":"transparent","motta_header_text_color":"default","motta_hide_header_section":"default","motta_hide_topbar":"1","motta_hide_campain_bar":"1","motta_hide_header_border":"default","motta_hide_page_header":"1","motta_hide_title":"default","motta_hide_breadcrumb":"default","motta_content_top_spacing":"no","motta_content_top_padding":"63","motta_content_bottom_spacing":"no","motta_content_bottom_padding":"63","motta_hide_footer_section":"default","footer_layout":"7791","footer_mobile_layout":"17027","page_primary_menu":"default"},"version":"0.4","title":"FAQ v1","type":"page"}