{"content":[{"id":"1f4f279b","settings":{"layout":"full_width","gap":"no","stretch_section":"section-stretched","margin":{"unit":"px","top":"0","right":0,"bottom":"18","left":0,"isLinked":false}},"elements":[{"id":"540743","settings":{"_column_size":100,"_inline_size":null},"elements":[{"id":"7945a357","settings":{"slides":[{"title":"All Systems Pro.","description":"The Apple M1 chip gives the 13 inch MacBook Pro<br class=\"hidden-xs\">\nspeed and power beyond belief.","button_text":"Buy Now","_id":"9d3eada","banner_background_img":{"url":"","id":"","alt":"","source":"library"},"background_color":"#000000","banner_image":{"url":"http:\/\/localhost:3000:3000\/motta\/wp-content\/uploads\/sites\/30\/2022\/06\/1.jpg","id":73,"alt":"","source":"library"},"before_title":"MacBook Pro","button_text_2":"Learn More","link_2":{"url":"#","is_external":"","nofollow":"","custom_attributes":""},"custom_style":"yes","before_heading_custom_color":"#FFFFFF","title_custom_color":"#FFFFFF","content_custom_color":"#FFFFFF","btn_2_custom_color":"#FFFFFF","sliders_arrow_color":"#FFFFFF","sliders_arrow_background_color":"#FFFFFF1F","sliders_dots_bgcolor":"#FFFFFF3D","sliders_dots_active_bgcolor":"#FFFFFF","background_repeat":"no-repeat","image":{"url":"https:\/\/motta.uix.store\/electronic\/wp-content\/uploads\/sites\/6\/2022\/09\/homev6-slider-01.jpg","id":18120,"alt":"","source":"library"},"subtitle":"Macbookpro","subtitle_custom_color":"#FFFFFF","title_custom_typography_typography":"custom","image_background_size":"contain","image_background_position":"center center","primary_button_text":"Buy Now","primary_button_link":{"url":"https:\/\/motta.uix.store\/electronic\/product\/macbook-air-13-inch-8gb-ram-256gb-ssd-storage-gold-2020-model\/","is_external":"","nofollow":"","custom_attributes":""},"second_button_text":"Learn More","second_button_link":{"url":"https:\/\/motta.uix.store\/electronic\/product-category\/laptops-computers\/laptops\/","is_external":"","nofollow":"","custom_attributes":""},"custom_button_second_options":"yes","custom_button_second_color":"#FFFFFF"},{"title":"One For All","description":"No wires. A world of experiences. Unlike <br class=\"hidden-xs\">\nanything you've ever seen","button_text":"Buy Now","banner_background_img":{"url":"","id":""},"background_color":"#2C5B8817","banner_image":{"url":"http:\/\/localhost:3000:3000\/motta\/wp-content\/uploads\/sites\/30\/2022\/06\/2.jpg","id":74,"alt":"","source":"library"},"before_title":"New Arrivals","button_text_2":"Learn More","link_2":{"url":"#","is_external":"","nofollow":"","custom_attributes":""},"_id":"80cd7b1","image":{"url":"https:\/\/motta.uix.store\/electronic\/wp-content\/uploads\/sites\/6\/2022\/09\/homev6-slider2.jpg","id":18121,"alt":"","source":"library"},"subtitle":"New Arrivals","primary_button_text":"Buy Now","primary_button_link":{"url":"https:\/\/motta.uix.store\/electronic\/product\/wireless-controller-gray-blue-wl3-00105\/","is_external":"","nofollow":"","custom_attributes":""},"second_button_text":"Learn More","second_button_link":{"url":"https:\/\/motta.uix.store\/electronic\/product-category\/wearable-technology\/virtual-reality\/","is_external":"","nofollow":"","custom_attributes":""}},{"title":"Studio Buds","description":"True Wireless Noise Cancelling Earphones","button_text":"Buy Now","banner_background_img":{"url":"","id":""},"background_color":"#FFFFFF","banner_image":{"url":"http:\/\/localhost:3000:3000\/motta\/wp-content\/uploads\/sites\/30\/2022\/06\/3.jpg","id":75,"alt":"","source":"library"},"before_title":"Featured","button_text_2":"Learn More","link_2":{"url":"#","is_external":"","nofollow":"","custom_attributes":""},"_id":"f73669a","image":{"url":"https:\/\/motta.uix.store\/electronic\/wp-content\/uploads\/sites\/6\/2022\/09\/homev6-slider3.jpg","id":18122,"alt":"","source":"library"},"subtitle":"Featured","primary_button_text":"Buy Now","primary_button_link":{"url":"https:\/\/motta.uix.store\/electronic\/product\/powerbeats-pro-totally-wireless-earphones-ivory\/","is_external":"","nofollow":"","custom_attributes":""},"second_button_text":"Learn More","second_button_link":{"url":"https:\/\/motta.uix.store\/electronic\/product-category\/headphones\/","is_external":"","nofollow":"","custom_attributes":""}},{"title":"For The Gamer","description":"Wrap up next-level tech for Gamers.","button_text":"Buy Now","banner_background_img":{"url":"","id":""},"background_color":"#2C5B8817","banner_image":{"url":"http:\/\/localhost:3000:3000\/motta\/wp-content\/uploads\/sites\/30\/2022\/06\/4.jpg","id":76,"alt":"","source":"library"},"before_title":"Featured","button_text_2":"Learn More","link_2":{"url":"#","is_external":"","nofollow":"","custom_attributes":""},"_id":"b9d0c6b","image":{"url":"https:\/\/motta.uix.store\/electronic\/wp-content\/uploads\/sites\/6\/2022\/09\/homev6-slider4.jpg","id":18123,"alt":"","source":"library"},"subtitle":"Featured","primary_button_text":"Buy Now","primary_button_link":{"url":"https:\/\/motta.uix.store\/electronic\/product\/1tb-gaming-console-wireless-game-pad-black\/","is_external":"","nofollow":"","custom_attributes":""},"second_button_text":"Learn More","second_button_link":{"url":"https:\/\/motta.uix.store\/electronic\/product-category\/laptops-computers\/pc-gaming\/","is_external":"","nofollow":"","custom_attributes":""}}],"slides_height":{"unit":"px","size":400,"sizes":[]},"slides_height_mobile":{"unit":"px","size":520,"sizes":[]},"navigation":"both","navigation_mobile":"dots","autoplay":"","slides_layout_mobile":"center","slides_content_order_mobile":"center","slides_container":"container","slides_vertical_position":"middle","slides_text_align_mobile":"center","before_title_color":"#1D2128","before_title_typography_typography":"custom","before_title_typography_font_size":{"unit":"px","size":10,"sizes":[]},"before_title_typography_font_weight":"700","before_title_spacing":{"unit":"px","size":24,"sizes":[]},"before_title_spacing_mobile":{"unit":"px","size":5,"sizes":[]},"title_color":"#1D2128","title_typography_typography":"custom","title_typography_font_size":{"unit":"px","size":52,"sizes":[]},"title_typography_font_size_mobile":{"unit":"px","size":28,"sizes":[]},"title_typography_font_weight":"500","title_typography_line_height":{"unit":"px","size":35,"sizes":[]},"title_spacing":{"unit":"px","size":20,"sizes":[]},"title_spacing_mobile":{"unit":"px","size":6,"sizes":[]},"description_color":"#1D2128","description_typography_typography":"custom","description_typography_font_size":{"unit":"px","size":18,"sizes":[]},"description_typography_font_size_mobile":{"unit":"px","size":12,"sizes":[]},"description_typography_line_height":{"unit":"px","size":24,"sizes":[]},"description_typography_line_height_mobile":{"unit":"px","size":16,"sizes":[]},"description_spacing":{"unit":"px","size":20,"sizes":[]},"skin":"base","shape":"round","btn_bgcolor":"#03C631","button_2_color":"#1D2128","arrow_style_layout":"2","sliders_arrow_style":"yes","sliders_arrows_radius":{"unit":"%","top":"100","right":"100","bottom":"100","left":"100","isLinked":true},"dots_style_layout":"2","sliders_bgcolor_dots":"#02010100","slides_width":{"unit":"px","size":1170,"sizes":[]},"slides_text_align":"","image_position_mobile":"top","effect":"slide","navigation_tablet":"dots","title_typography_line_height_tablet":{"unit":"px","size":50,"sizes":[]},"title_typography_line_height_mobile":{"unit":"px","size":40,"sizes":[]},"description_typography_font_weight":"500","sliders_dots_vertical_spacing_mobile":{"unit":"px","size":30,"sizes":[]},"subtitle_spacing":{"unit":"px","size":20,"sizes":[]},"subtitle_spacing_tablet":{"unit":"px","size":10,"sizes":[]},"subtitle_spacing_mobile":{"unit":"px","size":5,"sizes":[]},"image_custom_width_tablet":{"unit":"%","size":45,"sizes":[]},"image_custom_width_mobile":{"unit":"%","size":"","sizes":[]},"image_custom_padding_mobile":{"unit":"px","top":"10","right":"0","bottom":"15","left":"0","isLinked":false},"image_position_tablet":"left","image_custom_height_mobile":{"unit":"px","size":245,"sizes":[]},"image_custom_width":{"unit":"%","size":50,"sizes":[]},"image_custom_height":{"unit":"%","size":"","sizes":[]},"image_custom_height_tablet":{"unit":"%","size":"","sizes":[]},"slides_container_width":{"unit":"px","size":1170,"sizes":[]},"slides_content_width":{"unit":"px","size":580,"sizes":[]},"slides_content_width_mobile":{"unit":"px","size":300,"sizes":[]},"image_custom_position_mobile":"top","slides_content_width_tablet":{"unit":"px","size":435,"sizes":[]},"slides_vertical_position_mobile":"middle","slides_content_padding":{"unit":"px","top":"0","right":"0","bottom":"7","left":"93","isLinked":false},"slides_content_padding_tablet":{"unit":"px","top":"16","right":"16","bottom":"16","left":"16","isLinked":true},"slides_content_padding_mobile":{"unit":"px","top":"20","right":"0","bottom":"0","left":"0","isLinked":false},"primary_button_options":"yes","second_button_options":"yes","second_button_color":"#1D2128","subtitle_typography_typography":"custom","primary_button_typography_typography":"custom","primary_button_typography_font_size_mobile":{"unit":"px","size":12,"sizes":[]},"primary_button_width_mobile":{"unit":"px","size":90,"sizes":[]},"primary_button_height_mobile":{"unit":"px","size":34,"sizes":[]},"second_button_typography_typography":"custom","second_button_typography_font_size_mobile":{"unit":"px","size":12,"sizes":[]}},"elements":[],"isInner":false,"widgetType":"motta-slides","elType":"widget"}],"isInner":false,"elType":"column"}],"isInner":false,"elType":"section"},{"id":"265ee6b","settings":{"gap":"extended","structure":"22"},"elements":[{"id":"26ce4df8","settings":{"_column_size":66,"_inline_size":75.262,"_inline_size_tablet":64,"padding_tablet":{"unit":"px","top":"16","right":"16","bottom":"16","left":"16","isLinked":true}},"elements":[{"id":"18cf3180","settings":{"title":"Today's Popular Picks","button_text":"See All Products","link":{"url":"#","is_external":"","nofollow":"","custom_attributes":""},"title_size":"div","title_color":"#1D2128","typography_typography":"custom","typography_font_size":{"unit":"px","size":24,"sizes":[]},"typography_font_weight":"500","typography_line_height":{"unit":"px","size":20,"sizes":[]},"button_color":"#1D2128","_padding":{"unit":"px","top":"0","right":"0","bottom":"27","left":"0","isLinked":false},"button_text_mobile":"See All","primary_button_text":"See All Products","primary_mobile_button_text":"See All","primary_button_link":{"url":"https:\/\/motta.uix.store\/electronic\/shop\/","is_external":"","nofollow":"","custom_attributes":""},"typography_font_size_mobile":{"unit":"px","size":18,"sizes":[]}},"elements":[],"isInner":false,"widgetType":"motta-heading","elType":"widget"},{"id":"52c8f33a","settings":{"tag":[""],"hide_attributes":"none","slides_to_show":"4","navigation":"arrows-scrollbar","navigation_tablet":"scrollbar","autoplay":"","show_border":"yes","product_item_padding":{"unit":"px","top":"0","right":"12","bottom":"0","left":"12","isLinked":false,"size":12},"product_item_padding_mobile":{"unit":"px","top":"0","right":"8","bottom":"0","left":"8","isLinked":false},"sliders_arrow_style":"yes","sliders_arrows_vertical_spacing":{"unit":"%","size":45,"sizes":[]},"sliders_arrows_vertical_spacing_tablet":{"unit":"%","size":"","sizes":[]},"sliders_arrows_vertical_spacing_mobile":{"unit":"%","size":"","sizes":[]},"scrollbar_spacing":{"unit":"px","size":32,"sizes":[]},"content_button_padding":{"unit":"px","size":12,"sizes":[]},"content_button_padding_mobile":{"unit":"px","size":8,"sizes":[]},"hide_vendor":"none","navigation_mobile":"scrollbar"},"elements":[],"isInner":false,"widgetType":"motta-products-carousel","elType":"widget"}],"isInner":false,"elType":"column"},{"id":"7ef1f385","settings":{"_column_size":33,"_inline_size":24.403,"_inline_size_tablet":36,"padding_tablet":{"unit":"px","top":"16","right":"16","bottom":"16","left":"16","isLinked":true}},"elements":[{"id":"c9449b6","settings":{"image":{"id":18127,"url":"https:\/\/motta.uix.store\/electronic\/wp-content\/uploads\/sites\/6\/2022\/09\/homev6-newarrival.jpg","alt":"","source":"library"},"image_mobile":{"url":"","id":"","alt":"","source":"library"},"before_title":"New Arrival","title":"Galaxy Tab S7+","description":"Meet the Galaxy Tab","button_text":"Buy Now","button_link_type":"only","button_text_2":"Learn More","button_link_2":{"url":"#","is_external":false,"nofollow":false,"custom_attributes":""},"slides_horizontal_position":"center","slides_horizontal_position_mobile":"left","slides_vertical_position_mobile":"middle","slides_text_align":"center","background_position":"center bottom","background_position_mobile":"right center","border_radius_img":{"unit":"px","top":"6","right":"6","bottom":"6","left":"6","isLinked":true},"height":{"unit":"px","size":423,"sizes":[]},"height_mobile":{"unit":"px","size":160,"sizes":[]},"before_title_spacing":{"unit":"px","size":12,"sizes":[]},"before_title_spacing_mobile":{"unit":"px","size":9,"sizes":[]},"before_title_typography_typography":"custom","before_title_typography_font_size":{"unit":"px","size":11,"sizes":[]},"before_title_typography_font_weight":"700","before_title_typography_text_transform":"uppercase","before_title_typography_line_height":{"unit":"px","size":10,"sizes":[]},"before_title_color":"#354A67","title_spacing":{"unit":"px","size":7,"sizes":[]},"title_spacing_mobile":{"unit":"px","size":3,"sizes":[]},"title_typography_typography":"custom","title_typography_font_size":{"unit":"px","size":28,"sizes":[]},"title_typography_font_size_mobile":{"unit":"px","size":18,"sizes":[]},"title_typography_font_weight":"700","title_typography_line_height":{"unit":"px","size":24,"sizes":[]},"title_typography_line_height_mobile":{"unit":"px","size":16,"sizes":[]},"title_color":"#313574","desc_spacing":{"unit":"px","size":11,"sizes":[]},"desc_spacing_mobile":{"unit":"px","size":8,"sizes":[]},"desc_typography_typography":"custom","desc_typography_font_size":{"unit":"px","size":14,"sizes":[]},"desc_typography_font_size_mobile":{"unit":"px","size":12,"sizes":[]},"desc_typography_line_height":{"unit":"px","size":20,"sizes":[]},"desc_color":"#313574","skin":"base","shape":"round","button_background_color":"#313574","button_2_hide_on_mobile":"none","spacing_between_button":{"unit":"px","size":16,"sizes":[]},"button_color_2":"#313574","button_border_color_2":"#313574","banner_position":"bottom","banner_background_color":"#ECF4FE","background_size":"contain","slides_vertical_position":"top","image_zoom":"","banner_horizontal_position_mobile":"left","banner_vertical_position":"top","banner_vertical_position_mobile":"middle","banner_text_align":"center","banner_text_align_mobile":"center","banner_spacing":{"unit":"px","top":"50","right":"0","bottom":"0","left":"0","isLinked":false},"banner_spacing_mobile":{"unit":"px","top":"0","right":"0","bottom":"0","left":"20","isLinked":false},"primary_button_text":"Buy Now","primary_button_link":{"url":"https:\/\/motta.uix.store\/electronic\/product\/samsung-galaxy-note10-512-gb\/","is_external":"","nofollow":"","custom_attributes":""},"second_button_text":"Learn More","second_button_link":{"url":"https:\/\/motta.uix.store\/electronic\/product-category\/cell-phones\/cell-phones-cell-phones\/","is_external":"","nofollow":"","custom_attributes":""},"primary_button_size":"small","primary_button_options":"yes","primary_button_background_color":"#313574","primary_button_color":"#FFFFFF","second_button_options":"yes","second_button_color":"#313574","image_hover_effect":"","youtube_url":"https:\/\/www.youtube.com\/watch?v=XHOmBV4js_E","primary_button_typography_typography":"custom","primary_button_typography_font_size":{"unit":"px","size":12,"sizes":[]},"second_button_typography_typography":"custom","second_button_typography_font_size":{"unit":"px","size":12,"sizes":[]}},"elements":[],"isInner":false,"widgetType":"motta-banner","elType":"widget"}],"isInner":false,"elType":"column"}],"isInner":false,"elType":"section"},{"id":"7e6617a5","settings":{"margin_mobile":{"unit":"px","top":"","right":0,"bottom":"","left":0,"isLinked":true},"padding":{"unit":"px","top":"15","right":"0","bottom":"0","left":"0","isLinked":false}},"elements":[{"id":"42094e2c","settings":{"_column_size":100,"_inline_size":null},"elements":[{"id":"4312c9d8","settings":{"title":"Discover These Amazing Deals","button_text":"See All Deals","link":{"url":"#","is_external":"","nofollow":"","custom_attributes":""},"title_size":"div","title_color":"#1D2128","typography_typography":"custom","typography_font_size":{"unit":"px","size":24,"sizes":[]},"typography_font_size_mobile":{"unit":"px","size":18,"sizes":[]},"typography_font_weight":"500","typography_line_height":{"unit":"px","size":20,"sizes":[]},"typography_line_height_mobile":{"unit":"px","size":15,"sizes":[]},"button_color":"#1D2128","button_text_mobile":"See All","primary_button_text":"See All Deals","primary_mobile_button_text":"See All ","primary_button_link":{"url":"https:\/\/motta.uix.store\/electronic\/flash-deals\/","is_external":"","nofollow":"","custom_attributes":""}},"elements":[],"isInner":false,"widgetType":"motta-heading","elType":"widget"}],"isInner":false,"elType":"column"}],"isInner":false,"elType":"section"},{"id":"1bf5ffa9","settings":{"structure":"60","border_border":"solid","border_width":{"unit":"px","top":"0","right":"0","bottom":"1","left":"0","isLinked":false},"border_width_mobile":{"unit":"px","top":"0","right":"0","bottom":"4","left":"0","isLinked":false},"border_color":"#ECF0F4","margin":{"unit":"px","top":"0","right":0,"bottom":"14","left":0,"isLinked":false},"padding":{"unit":"px","top":"0","right":"0","bottom":"27","left":"0","isLinked":false},"margin_mobile":{"unit":"px","top":"0","right":0,"bottom":"31","left":0,"isLinked":false}},"elements":[{"id":"4f7ef8d4","settings":{"_column_size":16,"_inline_size":null,"_inline_size_tablet":33.333,"_inline_size_mobile":50,"padding_mobile":{"unit":"px","top":"10","right":"13","bottom":"14","left":"16","isLinked":false}},"elements":[{"id":"4ec3f360","settings":{"image":{"id":18132,"url":"https:\/\/motta.uix.store\/electronic\/wp-content\/uploads\/sites\/6\/2022\/09\/homev6-deals.jpg","alt":"","source":"library"},"title":"Daily Deals","link":{"url":"#","is_external":"","nofollow":"","custom_attributes":""},"image_border_radius":{"unit":"%","size":100,"sizes":[]},"image_border_radius_tablet":{"unit":"%","size":"","sizes":[]},"image_border_radius_mobile":{"unit":"%","size":"","sizes":[]},"image_spacing":{"unit":"px","size":20,"sizes":[]},"image_spacing_mobile":{"unit":"px","size":15,"sizes":[]},"title_typography_typography":"custom","title_typography_font_size":{"unit":"px","size":18,"sizes":[]},"title_typography_font_weight":"500","title_typography_line_height":{"unit":"px","size":28,"sizes":[]},"primary_button_link":{"url":"https:\/\/motta.uix.store\/electronic\/product-deals-of-the-day\/","is_external":"","nofollow":"","custom_attributes":""}},"elements":[],"isInner":false,"widgetType":"motta-image-box","elType":"widget"}],"isInner":false,"elType":"column"},{"id":"776a1845","settings":{"_column_size":16,"_inline_size":null,"_inline_size_tablet":33.333,"_inline_size_mobile":50,"padding_mobile":{"unit":"px","top":"10","right":"13","bottom":"14","left":"16","isLinked":false}},"elements":[{"id":"b0e89d1","settings":{"image":{"id":18136,"url":"https:\/\/motta.uix.store\/electronic\/wp-content\/uploads\/sites\/6\/2022\/09\/homev6-saveupto25of.jpg","alt":"","source":"library"},"title":"Save up to 25%<br \/>\non CellPhones","link":{"url":"#","is_external":"","nofollow":"","custom_attributes":""},"image_border_radius":{"unit":"%","size":100,"sizes":[]},"image_border_radius_tablet":{"unit":"%","size":"","sizes":[]},"image_border_radius_mobile":{"unit":"%","size":"","sizes":[]},"image_spacing":{"unit":"px","size":20,"sizes":[]},"image_spacing_mobile":{"unit":"px","size":15,"sizes":[]},"title_typography_typography":"custom","title_typography_font_size":{"unit":"px","size":18,"sizes":[]},"title_typography_font_weight":"500","title_typography_line_height":{"unit":"px","size":28,"sizes":[]},"primary_button_link":{"url":"https:\/\/motta.uix.store\/electronic\/product-category\/cell-phones\/cell-phone-accessories\/","is_external":"","nofollow":"","custom_attributes":""}},"elements":[],"isInner":false,"widgetType":"motta-image-box","elType":"widget"}],"isInner":false,"elType":"column"},{"id":"f1c8ad9","settings":{"_column_size":16,"_inline_size":null,"_inline_size_tablet":33.333,"_inline_size_mobile":50,"padding_mobile":{"unit":"px","top":"10","right":"13","bottom":"14","left":"16","isLinked":false}},"elements":[{"id":"68a99605","settings":{"image":{"id":18134,"url":"https:\/\/motta.uix.store\/electronic\/wp-content\/uploads\/sites\/6\/2022\/09\/homev6-gopro.jpg","alt":"","source":"library"},"title":"Save up to $99 on<br class=\"hidden-xs\"\/>\nGoPro HERO9","link":{"url":"#","is_external":"","nofollow":"","custom_attributes":""},"image_border_radius":{"unit":"%","size":100,"sizes":[]},"image_border_radius_tablet":{"unit":"%","size":"","sizes":[]},"image_border_radius_mobile":{"unit":"%","size":"","sizes":[]},"image_spacing":{"unit":"px","size":20,"sizes":[]},"image_spacing_mobile":{"unit":"px","size":15,"sizes":[]},"title_typography_typography":"custom","title_typography_font_size":{"unit":"px","size":18,"sizes":[]},"title_typography_font_weight":"500","title_typography_line_height":{"unit":"px","size":28,"sizes":[]},"primary_button_link":{"url":"https:\/\/motta.uix.store\/electronic\/product-category\/cameras\/cameras-lenses\/","is_external":"","nofollow":"","custom_attributes":""}},"elements":[],"isInner":false,"widgetType":"motta-image-box","elType":"widget"}],"isInner":false,"elType":"column"},{"id":"671b6e80","settings":{"_column_size":16,"_inline_size":null,"_inline_size_tablet":33.333,"_inline_size_mobile":50,"padding_mobile":{"unit":"px","top":"10","right":"13","bottom":"14","left":"16","isLinked":false}},"elements":[{"id":"149d95a","settings":{"image":{"id":18131,"url":"https:\/\/motta.uix.store\/electronic\/wp-content\/uploads\/sites\/6\/2022\/09\/homev6-clearance.jpg","alt":"","source":"library"},"title":"Clearance Sale","link":{"url":"#","is_external":"","nofollow":"","custom_attributes":""},"image_border_radius":{"unit":"%","size":100,"sizes":[]},"image_border_radius_tablet":{"unit":"%","size":"","sizes":[]},"image_border_radius_mobile":{"unit":"%","size":"","sizes":[]},"image_spacing":{"unit":"px","size":20,"sizes":[]},"image_spacing_mobile":{"unit":"px","size":15,"sizes":[]},"title_typography_typography":"custom","title_typography_font_size":{"unit":"px","size":18,"sizes":[]},"title_typography_font_weight":"500","title_typography_line_height":{"unit":"px","size":28,"sizes":[]},"primary_button_link":{"url":"https:\/\/motta.uix.store\/electronic\/product-category\/smart-home\/sprinkler-irrigation-control\/","is_external":"","nofollow":"","custom_attributes":""}},"elements":[],"isInner":false,"widgetType":"motta-image-box","elType":"widget"}],"isInner":false,"elType":"column"},{"id":"11cd262a","settings":{"_column_size":16,"_inline_size":null,"_inline_size_tablet":33.333,"_inline_size_mobile":50,"padding_mobile":{"unit":"px","top":"10","right":"13","bottom":"14","left":"16","isLinked":false}},"elements":[{"id":"4a9ecc6c","settings":{"image":{"id":18135,"url":"https:\/\/motta.uix.store\/electronic\/wp-content\/uploads\/sites\/6\/2022\/09\/homev6-pixelbuds.jpg","alt":"","source":"library"},"title":"Sale up to $50<br class=\"hidden-xs\"\/>\non Pixel Buds 2 ","link":{"url":"#","is_external":"","nofollow":"","custom_attributes":""},"image_border_radius":{"unit":"%","size":100,"sizes":[]},"image_border_radius_tablet":{"unit":"%","size":"","sizes":[]},"image_border_radius_mobile":{"unit":"%","size":"","sizes":[]},"image_spacing":{"unit":"px","size":20,"sizes":[]},"image_spacing_mobile":{"unit":"px","size":15,"sizes":[]},"title_typography_typography":"custom","title_typography_font_size":{"unit":"px","size":18,"sizes":[]},"title_typography_font_weight":"500","title_typography_line_height":{"unit":"px","size":28,"sizes":[]},"primary_button_link":{"url":"https:\/\/motta.uix.store\/electronic\/product-category\/headphones\/earbud-in-ear-headphones\/","is_external":"","nofollow":"","custom_attributes":""}},"elements":[],"isInner":false,"widgetType":"motta-image-box","elType":"widget"}],"isInner":false,"elType":"column"},{"id":"41be6b9f","settings":{"_column_size":16,"_inline_size":null,"_inline_size_tablet":33.333,"_inline_size_mobile":50,"padding_mobile":{"unit":"px","top":"10","right":"13","bottom":"14","left":"16","isLinked":false}},"elements":[{"id":"6c098e9b","settings":{"image":{"id":18133,"url":"https:\/\/motta.uix.store\/electronic\/wp-content\/uploads\/sites\/6\/2022\/09\/homev6-extra10off.jpg","alt":"","source":"library"},"title":"Extra 10% off<br class=\"hidden-xs\"\/>\nPurchase of $300+","link":{"url":"#","is_external":"","nofollow":"","custom_attributes":""},"image_border_radius":{"unit":"%","size":100,"sizes":[]},"image_border_radius_tablet":{"unit":"%","size":"","sizes":[]},"image_border_radius_mobile":{"unit":"%","size":"","sizes":[]},"image_spacing":{"unit":"px","size":20,"sizes":[]},"image_spacing_mobile":{"unit":"px","size":15,"sizes":[]},"title_typography_typography":"custom","title_typography_font_size":{"unit":"px","size":18,"sizes":[]},"title_typography_font_weight":"500","title_typography_line_height":{"unit":"px","size":28,"sizes":[]},"primary_button_link":{"url":"https:\/\/motta.uix.store\/electronic\/product-category\/tvs-video\/?products_group=sale","is_external":"","nofollow":"","custom_attributes":""}},"elements":[],"isInner":false,"widgetType":"motta-image-box","elType":"widget"}],"isInner":false,"elType":"column"}],"isInner":false,"elType":"section"},{"id":"4a001f9","settings":{"gap":"extended","structure":"22","border_border":"solid","border_width":{"unit":"px","top":"0","right":"0","bottom":"1","left":"0","isLinked":false},"border_width_mobile":{"unit":"px","top":"0","right":"0","bottom":"0","left":"0","isLinked":false},"border_color":"#ECF0F4","margin":{"unit":"px","top":"0","right":0,"bottom":"35","left":0,"isLinked":false},"margin_mobile":{"unit":"px","top":"0","right":0,"bottom":"2","left":0,"isLinked":false},"padding":{"unit":"px","top":"0","right":"0","bottom":"5","left":"0","isLinked":false},"padding_mobile":{"unit":"px","top":"0","right":"0","bottom":"0","left":"0","isLinked":false}},"elements":[{"id":"50ec4f55","settings":{"_column_size":66,"_inline_size":75.262,"_inline_size_tablet":64,"padding_tablet":{"unit":"px","top":"16","right":"16","bottom":"16","left":"16","isLinked":true},"padding_mobile":{"unit":"px","top":"0","right":"0","bottom":"0","left":"0","isLinked":false}},"elements":[{"id":"33bf23f3","settings":{"title":"New Arrivals","button_text":"See All Products","link":{"url":"#","is_external":"","nofollow":"","custom_attributes":""},"title_size":"div","title_color":"#1D2128","typography_typography":"custom","typography_font_size":{"unit":"px","size":24,"sizes":[]},"typography_font_weight":"500","typography_line_height":{"unit":"px","size":20,"sizes":[]},"button_color":"#1D2128","_padding":{"unit":"px","top":"0","right":"0","bottom":"25","left":"0","isLinked":false},"typography_font_size_mobile":{"unit":"px","size":18,"sizes":[]},"_padding_mobile":{"unit":"px","top":"0","right":"16","bottom":"31","left":"16","isLinked":false},"button_text_mobile":"See All","primary_button_text":"See All Products","primary_mobile_button_text":"See All","primary_button_link":{"url":"https:\/\/motta.uix.store\/electronic\/shop\/","is_external":"","nofollow":"","custom_attributes":""}},"elements":[],"isInner":false,"widgetType":"motta-heading","elType":"widget"},{"id":"39b2dafd","settings":{"tag":[""],"hide_category":"none","hide_rating":"none","hide_attributes":"none","slides_to_show_tablet":"3","slides_to_show_mobile":"auto","slides_width_tablet":{"unit":"%","size":40,"sizes":[]},"slides_width_mobile":{"unit":"%","size":40,"sizes":[]},"slides_to_scroll_tablet":2,"slides_to_scroll_mobile":1,"navigation_mobile":"none","autoplay":"","image_width_mobile":{"unit":"px","size":124,"sizes":[]},"product_item_padding":{"unit":"px","top":"0","right":"0","bottom":"0","left":"0","isLinked":true,"size":0},"product_item_padding_mobile":{"unit":"px","top":"0","right":"5","bottom":"0","left":"5","isLinked":false},"sliders_arrow_style":"yes","sliders_arrows_horizontal_spacing":{"unit":"px","size":-10,"sizes":[]},"sliders_arrows_vertical_spacing":{"unit":"%","size":25,"sizes":[]},"sliders_arrows_vertical_spacing_tablet":{"unit":"%","size":"","sizes":[]},"sliders_arrows_vertical_spacing_mobile":{"unit":"%","size":"","sizes":[]},"_margin":{"unit":"px","top":"0","right":"0","bottom":"27","left":"0","isLinked":false},"_margin_mobile":{"unit":"px","top":"0","right":"0","bottom":"34","left":"0","isLinked":false},"_padding":{"unit":"px","top":"0","right":"0","bottom":"6","left":"0","isLinked":false},"_padding_mobile":{"unit":"px","top":"0","right":"0","bottom":"31","left":"16","isLinked":false},"_border_border":"solid","_border_width":{"unit":"px","top":"0","right":"0","bottom":"1","left":"0","isLinked":false},"_border_width_mobile":{"unit":"px","top":"0","right":"0","bottom":"4","left":"0","isLinked":false},"_border_color":"#ECF0F4","content_button_padding":{"unit":"px","size":0,"sizes":[]},"content_button_padding_mobile":{"unit":"px","size":5,"sizes":[]},"hide_button":"none","product_padding":{"unit":"px","top":"0","right":"0","bottom":"0","left":"0","isLinked":true},"hide_badge":"none","hide_featured_icons":"none","hide_buttons":"none","show_border":"yes","border_height":{"unit":"px","size":225,"sizes":[]},"border_height_tablet":{"unit":"%","size":"","sizes":[]},"border_height_mobile":{"unit":"%","size":"","sizes":[]},"product_featured_icons_spacing":{"unit":"px","top":"0","right":"0","bottom":0,"left":0,"isLinked":true},"product_badge_spacing":{"unit":"px","size":0,"sizes":[]},"hide_vendor":"none"},"elements":[],"isInner":false,"widgetType":"motta-products-carousel","elType":"widget"},{"id":"20e5be71","settings":{"title":"We Think You'll Love","button_text":"See All Products","link":{"url":"#","is_external":"","nofollow":"","custom_attributes":""},"title_size":"div","title_color":"#1D2128","typography_typography":"custom","typography_font_size":{"unit":"px","size":24,"sizes":[]},"typography_font_weight":"500","typography_line_height":{"unit":"px","size":20,"sizes":[]},"button_color":"#1D2128","_padding":{"unit":"px","top":"0","right":"0","bottom":"25","left":"0","isLinked":false},"typography_font_size_mobile":{"unit":"px","size":18,"sizes":[]},"_padding_mobile":{"unit":"px","top":"0","right":"16","bottom":"31","left":"16","isLinked":false},"button_text_mobile":"See All","primary_button_text":"See All Products","primary_mobile_button_text":"See All","primary_button_link":{"url":"https:\/\/motta.uix.store\/electronic\/shop\/","is_external":"","nofollow":"","custom_attributes":""}},"elements":[],"isInner":false,"widgetType":"motta-heading","elType":"widget"},{"id":"11654e60","settings":{"tag":[""],"hide_category":"none","hide_rating":"none","hide_attributes":"none","slides_to_show_tablet":"3","slides_to_show_mobile":"auto","slides_width_tablet":{"unit":"%","size":40,"sizes":[]},"slides_width_mobile":{"unit":"%","size":40,"sizes":[]},"slides_to_scroll_tablet":2,"slides_to_scroll_mobile":1,"navigation_mobile":"none","autoplay":"","show_border":"yes","image_width":{"unit":"px","size":158,"sizes":[]},"image_width_mobile":{"unit":"px","size":124,"sizes":[]},"product_item_padding":{"unit":"px","top":"0","right":"0","bottom":"0","left":"0","isLinked":true,"size":0},"product_item_padding_mobile":{"unit":"px","top":"0","right":"5","bottom":"0","left":"5","isLinked":false},"sliders_arrow_style":"yes","sliders_arrows_horizontal_spacing":{"unit":"px","size":-10,"sizes":[]},"sliders_arrows_vertical_spacing":{"unit":"%","size":25,"sizes":[]},"sliders_arrows_vertical_spacing_tablet":{"unit":"%","size":"","sizes":[]},"sliders_arrows_vertical_spacing_mobile":{"unit":"%","size":"","sizes":[]},"_margin":{"unit":"px","top":"0","right":"0","bottom":"27","left":"0","isLinked":false},"_margin_mobile":{"unit":"px","top":"0","right":"0","bottom":"34","left":"0","isLinked":false},"_padding":{"unit":"px","top":"0","right":"0","bottom":"6","left":"0","isLinked":false},"_padding_mobile":{"unit":"px","top":"0","right":"0","bottom":"31","left":"16","isLinked":false},"_border_border":"solid","_border_width":{"unit":"px","top":"0","right":"0","bottom":"1","left":"0","isLinked":false},"_border_width_mobile":{"unit":"px","top":"0","right":"0","bottom":"4","left":"0","isLinked":false},"_border_color":"#ECF0F4","content_button_padding":{"unit":"px","size":0,"sizes":[]},"content_button_padding_mobile":{"unit":"px","size":5,"sizes":[]},"hide_badge":"none","hide_featured_icons":"none","hide_buttons":"none","border_height":{"unit":"px","size":225,"sizes":[]},"hide_vendor":"none"},"elements":[],"isInner":false,"widgetType":"motta-products-carousel","elType":"widget"},{"id":"2ef5d166","settings":{"title":"Most-viewed Products ","button_text":"See All Products","link":{"url":"#","is_external":"","nofollow":"","custom_attributes":""},"title_size":"div","title_color":"#1D2128","typography_typography":"custom","typography_font_size":{"unit":"px","size":24,"sizes":[]},"typography_font_weight":"500","typography_line_height":{"unit":"px","size":20,"sizes":[]},"button_color":"#1D2128","_padding":{"unit":"px","top":"0","right":"0","bottom":"25","left":"0","isLinked":false},"typography_font_size_mobile":{"unit":"px","size":18,"sizes":[]},"_padding_mobile":{"unit":"px","top":"0","right":"16","bottom":"31","left":"16","isLinked":false},"button_text_mobile":"See All","primary_button_text":"See All Products","primary_mobile_button_text":"See All","primary_button_link":{"url":"https:\/\/motta.uix.store\/electronic\/shop\/","is_external":"","nofollow":"","custom_attributes":""}},"elements":[],"isInner":false,"widgetType":"motta-heading","elType":"widget"},{"id":"5bc39c64","settings":{"tag":[""],"hide_category":"none","hide_rating":"none","hide_attributes":"none","slides_to_show_tablet":"3","slides_to_show_mobile":"auto","slides_width_tablet":{"unit":"%","size":40,"sizes":[]},"slides_width_mobile":{"unit":"%","size":40,"sizes":[]},"slides_to_scroll_tablet":2,"slides_to_scroll_mobile":1,"navigation_mobile":"none","autoplay":"","show_border":"yes","image_width":{"unit":"px","size":158,"sizes":[]},"image_width_mobile":{"unit":"px","size":124,"sizes":[]},"product_item_padding":{"unit":"px","top":"0","right":"0","bottom":"0","left":"0","isLinked":true,"size":0},"product_item_padding_mobile":{"unit":"px","top":"0","right":"5","bottom":"0","left":"5","isLinked":false},"sliders_arrow_style":"yes","sliders_arrows_horizontal_spacing":{"unit":"px","size":-10,"sizes":[]},"sliders_arrows_vertical_spacing":{"unit":"%","size":25,"sizes":[]},"sliders_arrows_vertical_spacing_tablet":{"unit":"%","size":"","sizes":[]},"sliders_arrows_vertical_spacing_mobile":{"unit":"%","size":"","sizes":[]},"_margin_mobile":{"unit":"px","top":"0","right":"0","bottom":"15","left":"0","isLinked":false},"_padding_mobile":{"unit":"px","top":"0","right":"0","bottom":"31","left":"15","isLinked":false},"_border_border":"solid","_border_width":{"unit":"px","top":"0","right":"0","bottom":"0","left":"0","isLinked":false},"_border_width_mobile":{"unit":"px","top":"0","right":"0","bottom":"4","left":"0","isLinked":false},"_border_color":"#ECF0F4","content_button_padding":{"unit":"px","size":0,"sizes":[]},"content_button_padding_mobile":{"unit":"px","size":5,"sizes":[]},"hide_badge":"none","hide_featured_icons":"none","hide_buttons":"none","border_height":{"unit":"px","size":225,"sizes":[]},"hide_vendor":"none"},"elements":[],"isInner":false,"widgetType":"motta-products-carousel","elType":"widget"}],"isInner":false,"elType":"column"},{"id":"387459bf","settings":{"_column_size":33,"_inline_size":24.403,"_inline_size_tablet":36,"padding_tablet":{"unit":"px","top":"16","right":"16","bottom":"16","left":"16","isLinked":true}},"elements":[{"id":"a7bf783","settings":{"image":{"id":18137,"url":"https:\/\/motta.uix.store\/electronic\/wp-content\/uploads\/sites\/6\/2022\/09\/homev6-newimac.jpg","alt":"","source":"library"},"image_mobile":{"url":"","id":"","alt":"","source":"library"},"before_title":"Featured","title":"New iMac","description":"Live the Unbelievable","button_text":"Buy Now","button_link_type":"only","button_text_2":"Learn More","button_link_2":{"url":"#","is_external":false,"nofollow":false,"custom_attributes":""},"slides_horizontal_position":"center","slides_horizontal_position_mobile":"left","slides_vertical_position_mobile":"middle","slides_text_align":"center","background_position":"center bottom","background_position_mobile":"right center","border_radius_img":{"unit":"px","top":"6","right":"6","bottom":"6","left":"6","isLinked":true},"height":{"unit":"px","size":450,"sizes":[]},"height_mobile":{"unit":"px","size":160,"sizes":[]},"before_title_spacing":{"unit":"px","size":12,"sizes":[]},"before_title_spacing_mobile":{"unit":"px","size":9,"sizes":[]},"before_title_typography_typography":"custom","before_title_typography_font_size":{"unit":"px","size":11,"sizes":[]},"before_title_typography_font_weight":"700","before_title_typography_text_transform":"uppercase","before_title_typography_line_height":{"unit":"px","size":10,"sizes":[]},"before_title_color":"#1A635A","title_spacing":{"unit":"px","size":7,"sizes":[]},"title_spacing_mobile":{"unit":"px","size":3,"sizes":[]},"title_typography_typography":"custom","title_typography_font_size":{"unit":"px","size":28,"sizes":[]},"title_typography_font_size_mobile":{"unit":"px","size":18,"sizes":[]},"title_typography_font_weight":"700","title_typography_line_height":{"unit":"px","size":24,"sizes":[]},"title_typography_line_height_mobile":{"unit":"px","size":16,"sizes":[]},"title_color":"#1A635A","desc_spacing":{"unit":"px","size":11,"sizes":[]},"desc_spacing_mobile":{"unit":"px","size":8,"sizes":[]},"desc_typography_typography":"custom","desc_typography_font_size":{"unit":"px","size":14,"sizes":[]},"desc_typography_font_size_mobile":{"unit":"px","size":12,"sizes":[]},"desc_typography_line_height":{"unit":"px","size":20,"sizes":[]},"desc_color":"#1A635A","skin":"base","shape":"round","button_background_color":"#1A635A","button_2_hide_on_mobile":"none","spacing_between_button":{"unit":"px","size":16,"sizes":[]},"button_color_2":"#1A635A","button_border_color_2":"#1A635A","_margin":{"unit":"px","top":"0","right":"0","bottom":"24","left":"0","isLinked":false},"_margin_mobile":{"unit":"px","top":"0","right":"0","bottom":"16","left":"0","isLinked":false},"banner_background_color":"#E4F5F3","background_size":"contain","banner_horizontal_position_mobile":"left","banner_vertical_position":"top","banner_vertical_position_mobile":"middle","banner_text_align":"center","banner_spacing":{"unit":"px","top":"50","right":"0","bottom":"0","left":"0","isLinked":false},"banner_spacing_mobile":{"unit":"px","top":"0","right":"0","bottom":"0","left":"24","isLinked":false},"primary_button_text":"Buy Now","primary_button_link":{"url":"https:\/\/motta.uix.store\/electronic\/product\/surface-laptop-go-12-4-touchscreen-core-i5-ice-blue\/","is_external":"","nofollow":"","custom_attributes":""},"second_button_text":"Learn More","second_button_link":{"url":"https:\/\/motta.uix.store\/electronic\/product-category\/laptops-computers\/laptops\/","is_external":"","nofollow":"","custom_attributes":""},"primary_button_size":"small","primary_button_options":"yes","primary_button_background_color":"#1A635A","second_button_options":"yes","second_button_color":"#1A635A","image_hover_effect":"","youtube_url":"https:\/\/www.youtube.com\/watch?v=XHOmBV4js_E","primary_button_typography_typography":"custom","primary_button_typography_font_size":{"unit":"px","size":12,"sizes":[]},"second_button_typography_typography":"custom","second_button_typography_font_size":{"unit":"px","size":12,"sizes":[]}},"elements":[],"isInner":false,"widgetType":"motta-banner","elType":"widget"},{"id":"388b0ae6","settings":{"image":{"id":18138,"url":"https:\/\/motta.uix.store\/electronic\/wp-content\/uploads\/sites\/6\/2022\/09\/homev6-jblclip4.jpg","alt":"","source":"library"},"image_mobile":{"url":"","id":"","alt":"","source":"library"},"before_title":"Featured","title":"JBL Clip 4","description":"Waterproof Speaker","button_text":"Buy Now","button_link_type":"only","button_text_2":"Learn More","button_link_2":{"url":"#","is_external":false,"nofollow":false,"custom_attributes":""},"slides_horizontal_position":"center","slides_horizontal_position_mobile":"left","slides_vertical_position_mobile":"middle","slides_text_align":"center","background_position":"center bottom","background_position_mobile":"right center","border_radius_img":{"unit":"px","top":"6","right":"6","bottom":"6","left":"6","isLinked":true},"height":{"unit":"px","size":450,"sizes":[]},"height_mobile":{"unit":"px","size":160,"sizes":[]},"before_title_spacing":{"unit":"px","size":12,"sizes":[]},"before_title_spacing_mobile":{"unit":"px","size":9,"sizes":[]},"before_title_typography_typography":"custom","before_title_typography_font_size":{"unit":"px","size":11,"sizes":[]},"before_title_typography_font_weight":"700","before_title_typography_text_transform":"uppercase","before_title_typography_line_height":{"unit":"px","size":10,"sizes":[]},"before_title_color":"#845459","title_spacing":{"unit":"px","size":7,"sizes":[]},"title_spacing_mobile":{"unit":"px","size":3,"sizes":[]},"title_typography_typography":"custom","title_typography_font_size":{"unit":"px","size":28,"sizes":[]},"title_typography_font_size_mobile":{"unit":"px","size":18,"sizes":[]},"title_typography_font_weight":"700","title_typography_line_height":{"unit":"px","size":24,"sizes":[]},"title_typography_line_height_mobile":{"unit":"px","size":16,"sizes":[]},"title_color":"#845459","desc_spacing":{"unit":"px","size":11,"sizes":[]},"desc_spacing_mobile":{"unit":"px","size":8,"sizes":[]},"desc_typography_typography":"custom","desc_typography_font_size":{"unit":"px","size":14,"sizes":[]},"desc_typography_font_size_mobile":{"unit":"px","size":12,"sizes":[]},"desc_typography_line_height":{"unit":"px","size":20,"sizes":[]},"desc_color":"#845459","skin":"base","shape":"round","button_background_color":"#845459","button_2_hide_on_mobile":"none","spacing_between_button":{"unit":"px","size":16,"sizes":[]},"button_color_2":"#845459","button_border_color_2":"#845459","banner_background_color":"#F6EFF1","background_size":"contain","banner_horizontal_position_mobile":"left","banner_vertical_position_mobile":"middle","banner_text_align":"center","banner_text_align_mobile":"center","banner_spacing_mobile":{"unit":"px","top":"0","right":"0","bottom":"0","left":"24","isLinked":false},"banner_spacing":{"unit":"px","top":"50","right":"0","bottom":"0","left":"0","isLinked":false},"primary_button_text":"Buy Now","primary_button_link":{"url":"https:\/\/motta.uix.store\/electronic\/product\/soundlink-revolve-bluetooth-speaker\/","is_external":"","nofollow":"","custom_attributes":""},"second_button_text":"Learn More","second_button_link":{"url":"https:\/\/motta.uix.store\/electronic\/product-category\/headphones\/all-headphones\/","is_external":"","nofollow":"","custom_attributes":""},"primary_button_size":"small","primary_button_options":"yes","primary_button_background_color":"#845459","second_button_options":"yes","second_button_color":"#845459","youtube_url":"https:\/\/www.youtube.com\/watch?v=XHOmBV4js_E","primary_button_typography_typography":"custom","primary_button_typography_font_size":{"unit":"px","size":12,"sizes":[]},"second_button_typography_typography":"custom","second_button_typography_font_size":{"unit":"px","size":12,"sizes":[]}},"elements":[],"isInner":false,"widgetType":"motta-banner","elType":"widget"}],"isInner":false,"elType":"column"}],"isInner":false,"elType":"section"},{"id":"725c44ce","settings":{"margin":{"unit":"px","top":"0","right":0,"bottom":"5","left":0,"isLinked":false},"margin_mobile":{"unit":"px","top":"0","right":0,"bottom":"0","left":0,"isLinked":false}},"elements":[{"id":"6b378c9d","settings":{"_column_size":100,"_inline_size":null},"elements":[{"id":"46f92cdb","settings":{"title":"Trending Brands","button_text":"See All Brands","link":{"url":"#","is_external":"","nofollow":"","custom_attributes":""},"title_size":"div","title_color":"#1D2128","typography_typography":"custom","typography_font_size":{"unit":"px","size":24,"sizes":[]},"typography_font_size_mobile":{"unit":"px","size":18,"sizes":[]},"typography_font_weight":"500","typography_line_height":{"unit":"px","size":20,"sizes":[]},"typography_line_height_mobile":{"unit":"px","size":16,"sizes":[]},"button_color":"#1D2128","button_text_mobile":"See All","primary_button_text":"See All Brands","primary_mobile_button_text":"See All","primary_button_link":{"url":"https:\/\/motta.uix.store\/electronic\/shop\/","is_external":"","nofollow":"","custom_attributes":""}},"elements":[],"isInner":false,"widgetType":"motta-heading","elType":"widget"}],"isInner":false,"elType":"column"}],"isInner":false,"elType":"section"},{"id":"c69d695","settings":{"tablet_column_alignment":"column_xxxs","mobile_column_alignment":"column_xxs","structure":"80","margin":{"unit":"px","top":"0","right":0,"bottom":"24","left":0,"isLinked":false},"margin_mobile":{"unit":"px","top":"0","right":0,"bottom":"21","left":0,"isLinked":false}},"elements":[{"id":"455a7d62","settings":{"_column_size":12,"_inline_size":null},"elements":[{"id":"353f6897","settings":{"image":{"id":18145,"url":"https:\/\/motta.uix.store\/electronic\/wp-content\/uploads\/sites\/6\/2022\/09\/homev6-samsung.png","alt":"","source":"library"},"title":"","_background_background":"classic","_background_color":"#ECF0F4","_border_radius":{"unit":"%","top":"100","right":"100","bottom":"100","left":"100","isLinked":true},"_border_radius_tablet":{"unit":"%","top":"","right":"","bottom":"","left":"","isLinked":true},"_border_radius_mobile":{"unit":"%","top":"","right":"","bottom":"","left":"","isLinked":true},"primary_button_link":{"url":"https:\/\/motta.uix.store\/electronic\/product-brand\/samsung\/","is_external":"","nofollow":"","custom_attributes":""}},"elements":[],"isInner":false,"widgetType":"motta-image-box","elType":"widget"}],"isInner":false,"elType":"column"},{"id":"796042a8","settings":{"_column_size":12,"_inline_size":null},"elements":[{"id":"832d9c1","settings":{"image":{"id":18143,"url":"https:\/\/motta.uix.store\/electronic\/wp-content\/uploads\/sites\/6\/2022\/09\/homev6-lenovo.png","alt":"","source":"library"},"title":"","_background_background":"classic","_background_color":"#ECF0F4","_border_radius":{"unit":"%","top":"100","right":"100","bottom":"100","left":"100","isLinked":true},"_border_radius_tablet":{"unit":"%","top":"","right":"","bottom":"","left":"","isLinked":true},"_border_radius_mobile":{"unit":"%","top":"","right":"","bottom":"","left":"","isLinked":true},"primary_button_link":{"url":"https:\/\/motta.uix.store\/electronic\/product-brand\/lenovo\/","is_external":"","nofollow":"","custom_attributes":""}},"elements":[],"isInner":false,"widgetType":"motta-image-box","elType":"widget"}],"isInner":false,"elType":"column"},{"id":"747b6ca","settings":{"_column_size":12,"_inline_size":null},"elements":[{"id":"68e1320d","settings":{"image":{"id":18140,"url":"https:\/\/motta.uix.store\/electronic\/wp-content\/uploads\/sites\/6\/2022\/09\/homev6-apple.png","alt":"","source":"library"},"title":"","_background_background":"classic","_background_color":"#ECF0F4","_border_radius":{"unit":"%","top":"100","right":"100","bottom":"100","left":"100","isLinked":true},"_border_radius_tablet":{"unit":"%","top":"","right":"","bottom":"","left":"","isLinked":true},"_border_radius_mobile":{"unit":"%","top":"","right":"","bottom":"","left":"","isLinked":true},"primary_button_link":{"url":"https:\/\/motta.uix.store\/electronic\/product-brand\/apple\/","is_external":"","nofollow":"","custom_attributes":""}},"elements":[],"isInner":false,"widgetType":"motta-image-box","elType":"widget"}],"isInner":false,"elType":"column"},{"id":"18877956","settings":{"_column_size":12,"_inline_size":null},"elements":[{"id":"39680856","settings":{"image":{"id":18146,"url":"https:\/\/motta.uix.store\/electronic\/wp-content\/uploads\/sites\/6\/2022\/09\/homev6-sony.png","alt":"","source":"library"},"title":"","_background_background":"classic","_background_color":"#ECF0F4","_border_radius":{"unit":"%","top":"100","right":"100","bottom":"100","left":"100","isLinked":true},"_border_radius_tablet":{"unit":"%","top":"","right":"","bottom":"","left":"","isLinked":true},"_border_radius_mobile":{"unit":"%","top":"","right":"","bottom":"","left":"","isLinked":true},"primary_button_link":{"url":"https:\/\/motta.uix.store\/electronic\/product-brand\/sony\/","is_external":"","nofollow":"","custom_attributes":""}},"elements":[],"isInner":false,"widgetType":"motta-image-box","elType":"widget"}],"isInner":false,"elType":"column"},{"id":"1fdd244c","settings":{"_column_size":12,"_inline_size":null},"elements":[{"id":"72c8cfa","settings":{"image":{"id":18142,"url":"https:\/\/motta.uix.store\/electronic\/wp-content\/uploads\/sites\/6\/2022\/09\/homev6-intel.png","alt":"","source":"library"},"title":"","_background_background":"classic","_background_color":"#ECF0F4","_border_radius":{"unit":"%","top":"100","right":"100","bottom":"100","left":"100","isLinked":true},"_border_radius_tablet":{"unit":"%","top":"","right":"","bottom":"","left":"","isLinked":true},"_border_radius_mobile":{"unit":"%","top":"","right":"","bottom":"","left":"","isLinked":true},"primary_button_link":{"url":"https:\/\/motta.uix.store\/electronic\/product-brand\/intel\/","is_external":"","nofollow":"","custom_attributes":""}},"elements":[],"isInner":false,"widgetType":"motta-image-box","elType":"widget"}],"isInner":false,"elType":"column"},{"id":"7865af3b","settings":{"_column_size":12,"_inline_size":null},"elements":[{"id":"2581a9f9","settings":{"image":{"id":18141,"url":"https:\/\/motta.uix.store\/electronic\/wp-content\/uploads\/sites\/6\/2022\/09\/homev6-asus.png","alt":"","source":"library"},"title":"","_background_background":"classic","_background_color":"#ECF0F4","_border_radius":{"unit":"%","top":"100","right":"100","bottom":"100","left":"100","isLinked":true},"_border_radius_tablet":{"unit":"%","top":"","right":"","bottom":"","left":"","isLinked":true},"_border_radius_mobile":{"unit":"%","top":"","right":"","bottom":"","left":"","isLinked":true},"primary_button_link":{"url":"https:\/\/motta.uix.store\/electronic\/product-brand\/asus\/","is_external":"","nofollow":"","custom_attributes":""}},"elements":[],"isInner":false,"widgetType":"motta-image-box","elType":"widget"}],"isInner":false,"elType":"column"},{"id":"5db64c9a","settings":{"_column_size":12,"_inline_size":null},"elements":[{"id":"68f3ed3e","settings":{"image":{"id":18139,"url":"https:\/\/motta.uix.store\/electronic\/wp-content\/uploads\/sites\/6\/2022\/09\/homev6-acer.png","alt":"","source":"library"},"title":"","_background_background":"classic","_background_color":"#ECF0F4","_border_radius":{"unit":"%","top":"100","right":"100","bottom":"100","left":"100","isLinked":true},"_border_radius_tablet":{"unit":"%","top":"","right":"","bottom":"","left":"","isLinked":true},"_border_radius_mobile":{"unit":"%","top":"","right":"","bottom":"","left":"","isLinked":true},"primary_button_link":{"url":"https:\/\/motta.uix.store\/electronic\/product-brand\/acer\/","is_external":"","nofollow":"","custom_attributes":""}},"elements":[],"isInner":false,"widgetType":"motta-image-box","elType":"widget"}],"isInner":false,"elType":"column"},{"id":"6515a9a6","settings":{"_column_size":12,"_inline_size":null},"elements":[{"id":"4d54b04f","settings":{"image":{"id":18144,"url":"https:\/\/motta.uix.store\/electronic\/wp-content\/uploads\/sites\/6\/2022\/09\/homev6-lg.png","alt":"","source":"library"},"title":"","_background_background":"classic","_background_color":"#ECF0F4","_border_radius":{"unit":"%","top":"100","right":"100","bottom":"100","left":"100","isLinked":true},"_border_radius_tablet":{"unit":"%","top":"","right":"","bottom":"","left":"","isLinked":true},"_border_radius_mobile":{"unit":"%","top":"","right":"","bottom":"","left":"","isLinked":true},"primary_button_link":{"url":"https:\/\/motta.uix.store\/electronic\/product-brand\/lg\/","is_external":"","nofollow":"","custom_attributes":""}},"elements":[],"isInner":false,"widgetType":"motta-image-box","elType":"widget"}],"isInner":false,"elType":"column"}],"isInner":false,"elType":"section"},{"id":"2bb72fcb","settings":{"margin":{"unit":"px","top":"0","right":0,"bottom":"5","left":0,"isLinked":false},"margin_mobile":{"unit":"px","top":"0","right":0,"bottom":"13","left":0,"isLinked":false}},"elements":[{"id":"30200e2b","settings":{"_column_size":100,"_inline_size":null},"elements":[{"id":"6711cc46","settings":{"title":"Contactless Shopping Options","link":{"url":"#","is_external":"","nofollow":"","custom_attributes":""},"title_size":"div","title_color":"#1D2128","typography_typography":"custom","typography_font_size":{"unit":"px","size":24,"sizes":[]},"typography_font_size_mobile":{"unit":"px","size":18,"sizes":[]},"typography_font_weight":"500","typography_line_height":{"unit":"px","size":20,"sizes":[]},"typography_line_height_mobile":{"unit":"px","size":16,"sizes":[]},"button_color":"#1D2128"},"elements":[],"isInner":false,"widgetType":"motta-heading","elType":"widget"}],"isInner":false,"elType":"column"}],"isInner":false,"elType":"section"},{"id":"57ee29d5","settings":{"structure":"20","tablet_column_alignment":"column_md"},"elements":[{"id":"390a1547","settings":{"_column_size":50,"_inline_size":null},"elements":[{"id":"6d524b4e","settings":{"image":{"url":"https:\/\/motta.uix.store\/electronic\/wp-content\/uploads\/sites\/6\/2022\/09\/homev6-cashback.png","id":18147,"alt":"","source":"library"},"title":"Earn Cash Back For The Things <br \/>\nYou Buy Everywhere","button_text":"Apply Now","button_link_type":"only","button_text_2":"Learn More","button_link_2":{"url":"#","is_external":false,"nofollow":false,"custom_attributes":""},"slides_horizontal_position_mobile":"center","slides_text_align_mobile":"center","height":{"unit":"px","size":200,"sizes":[]},"height_tablet":{"unit":"%","size":"","sizes":[]},"height_mobile":{"unit":"%","size":240,"sizes":[]},"title_spacing":{"unit":"px","size":20,"sizes":[]},"title_typography_typography":"custom","title_typography_font_size":{"unit":"px","size":18,"sizes":[]},"title_typography_line_height":{"unit":"px","size":24,"sizes":[]},"title_color":"#3E0F9E","skin":"base","shape":"round","button_background_color":"#3E0F9E","spacing_between_button":{"unit":"px","size":16,"sizes":[]},"button_color_2":"#3E0F9E","button_border_color_2":"#3E0F9E","description":"Application via Motta. <a href=\"\">See Terms &amp; Conditions.<\/a>","banner_background_color":"#E9EBFB","background_position":"right center","background_size":"contain","description_position":"after","desc_spacing_top":{"unit":"px","size":28,"sizes":[]},"desc_color":"#3E0F9E","image_zoom":"","desc_typography_typography":"custom","background_position_tablet":"right center","background_position_mobile":"initial","background_position_xy_tablet":{"unit":"%","top":"69","right":0,"bottom":0,"left":"174","isLinked":false},"background_position_xy_mobile":{"unit":"%","top":"0","right":0,"bottom":0,"left":"500","isLinked":false},"background_repeat_mobile":"no-repeat","background_size_tablet":"contain","background_size_mobile":"contain","background_position_x_mobile":{"unit":"%","size":1000,"sizes":[]},"background_position_y_mobile":{"unit":"%","size":1000,"sizes":[]},"banner_text_align_mobile":"center","banner_spacing":{"unit":"px","top":"30","right":"30","bottom":"30","left":"30","isLinked":true},"banner_spacing_mobile":{"unit":"px","top":"25","right":"20","bottom":"25","left":"20","isLinked":false},"border_radius_img":{"unit":"px","top":"6","right":"6","bottom":"6","left":"6","isLinked":true},"primary_button_text":"Apply Now","primary_button_link":{"url":"https:\/\/motta.uix.store\/electronic\/shop\/","is_external":"","nofollow":"","custom_attributes":""},"second_button_text":"Learn More","second_button_link":{"url":"https:\/\/motta.uix.store\/electronic\/shop\/","is_external":"","nofollow":"","custom_attributes":""},"primary_button_size":"small","primary_button_options":"yes","primary_button_background_color":"#3E0F9E","second_button_options":"yes","second_button_color":"#3E0F9E","image_hover_effect":"","youtube_url":"https:\/\/www.youtube.com\/watch?v=XHOmBV4js_E","desc_typography_font_size":{"unit":"px","size":12,"sizes":[]},"primary_button_typography_typography":"custom","primary_button_typography_font_size":{"unit":"px","size":12,"sizes":[]},"second_button_typography_typography":"custom","second_button_typography_font_size":{"unit":"px","size":12,"sizes":[]}},"elements":[],"isInner":false,"widgetType":"motta-banner","elType":"widget"}],"isInner":false,"elType":"column"},{"id":"21cf9b80","settings":{"_column_size":50,"_inline_size":null,"background_background":"classic","background_color":"#FAEADE","background_image":{"url":"https:\/\/motta.uix.store\/electronic\/wp-content\/uploads\/sites\/6\/2023\/03\/homev6-app-bg.jpg","id":20224,"alt":"","source":"library","size":""},"background_position":"center right","background_repeat":"no-repeat","background_size":"contain","margin":{"unit":"px","top":"12","right":"12","bottom":"12","left":"12","isLinked":true},"padding":{"unit":"px","top":"30","right":"30","bottom":"30","left":"30","isLinked":true},"background_position_mobile":"initial","background_ypos_mobile":{"unit":"vh","size":100,"sizes":[]},"border_radius":{"unit":"px","top":"6","right":"6","bottom":"6","left":"6","isLinked":true},"margin_mobile":{"unit":"px","top":"12","right":"16","bottom":"12","left":"16","isLinked":false},"background_image_mobile":{"url":"https:\/\/motta.uix.store\/electronic\/wp-content\/uploads\/sites\/6\/2022\/10\/homev6-bg-banner.jpg","id":19229,"alt":"","source":"library"},"background_xpos_mobile":{"unit":"vw","size":100,"sizes":[]},"background_repeat_mobile":"repeat","background_size_mobile":"cover","css_classes":"rtl-bg"},"elements":[{"id":"28132997","settings":{"title":"Simplify Your Shopping<br \/>\nWith the App","title_size":"div","align_mobile":"center","title_color":"#B56123","typography_typography":"custom","typography_font_size":{"unit":"px","size":18,"sizes":[]},"typography_font_weight":"700","typography_line_height":{"unit":"px","size":24,"sizes":[]},"_margin":{"unit":"px","top":"0","right":"0","bottom":"9","left":"0","isLinked":false},"primary_button_text":" "},"elements":[],"isInner":false,"widgetType":"motta-heading","elType":"widget"},{"id":"4209acff","settings":{"editor":"Shopping on the go is fast and easy with <br \/>\nour free app.","align_mobile":"center","text_color":"#B56123","typography_typography":"custom","typography_font_size":{"unit":"px","size":12,"sizes":[]},"typography_font_weight":"400","typography_line_height":{"unit":"px","size":16,"sizes":[]},"_margin":{"unit":"px","top":"0","right":"0","bottom":"20","left":"0","isLinked":false}},"elements":[],"isInner":false,"widgetType":"text-editor","elType":"widget"},{"id":"660d44d7","settings":{"image_box":[{"_id":"caf80d8","image":{"url":"http:\/\/localhost:3000:3000\/dev\/motta\/wp-content\/uploads\/sites\/12\/2022\/04\/appstore.png","id":4613,"alt":"","source":"library"}},{"_id":"7102017","image":{"url":"http:\/\/localhost:3000:3000\/dev\/motta\/wp-content\/uploads\/sites\/12\/2022\/04\/ggstore.png","id":4614,"alt":"","source":"library"}}],"slides_horizontal_position":"left","images":[{"_id":"5883f88","image":{"url":"https:\/\/motta.uix.store\/electronic\/wp-content\/uploads\/sites\/6\/2022\/09\/appstore.png","id":18149,"alt":"","source":"library"}},{"_id":"b7f3ad7","image":{"url":"https:\/\/motta.uix.store\/electronic\/wp-content\/uploads\/sites\/6\/2022\/09\/ggstore.png","id":18150,"alt":"","source":"library"}}],"slides_horizontal_position_mobile":"center"},"elements":[],"isInner":false,"widgetType":"motta-image-grid","elType":"widget"}],"isInner":false,"elType":"column"}],"isInner":false,"elType":"section"},{"id":"28370136","settings":{"margin":{"unit":"px","top":"0","right":0,"bottom":"20","left":0,"isLinked":false},"margin_mobile":{"unit":"px","top":"20","right":0,"bottom":"13","left":0,"isLinked":false},"border_border":"solid","border_width_mobile":{"unit":"px","top":"4","right":"0","bottom":"0","left":"0","isLinked":false},"border_color":"#ECF0F4","border_width":{"unit":"px","top":"0","right":"0","bottom":"0","left":"0","isLinked":true},"padding_mobile":{"unit":"px","top":"15","right":"0","bottom":"0","left":"0","isLinked":false}},"elements":[{"id":"38a0d4e0","settings":{"_column_size":100,"_inline_size":null},"elements":[{"id":"3009e971","settings":{"limit":10,"hide_empty":"yes","empty_product_description":"Recently Viewed Products is a function which helps you keep track of your recent viewing history.","empty_product_text":"Shop Now","hide_category":"none","hide_rating":"none","hide_attributes":"none","slides_to_show":"7","autoplay":"","sliders_arrow_style":"yes","arrows_spacing_vertical":{"unit":"px","size":110,"sizes":[]},"arrows_spacing_vertical_tablet":{"unit":"%","size":"","sizes":[]},"arrows_spacing_vertical_mobile":{"unit":"%","size":"","sizes":[]},"show_border":"yes","primary_button_link":{"url":"https:\/\/motta.uix.store\/products-recently-viewed\/","is_external":"","nofollow":"","custom_attributes":""},"title_typography_typography":"custom","title_typography_font_size":{"unit":"px","size":24,"sizes":[]},"slides_to_show_mobile":"auto","slides_width_mobile":{"unit":"%","size":40,"sizes":[]},"navigation_mobile":"none","empty_product_link":{"url":"https:\/\/motta.uix.store\/shop\/","is_external":false,"nofollow":false,"custom_attributes":""},"_margin_mobile":{"unit":"px","top":"0","right":"-8","bottom":"0","left":"0","isLinked":false},"heading_block":"yes","title":"Recently Viewed Items","primary_button_text":"See All Products","primary_mobile_button_text":"See All","hide_badge":"none","hide_featured_icons":"none","hide_buttons":"none","border_height":{"unit":"px","size":212,"sizes":[]},"product_item_padding":{"unit":"px","size":0,"sizes":[]},"content_button_padding":{"unit":"px","size":0,"sizes":[]},"hide_vendor":"none","title_typography_font_size_mobile":{"unit":"px","size":18,"sizes":[]},"slides_to_show_tablet":"3"},"elements":[],"isInner":false,"widgetType":"motta-products-recently-viewed-carousel","elType":"widget"}],"isInner":false,"elType":"column"}],"isInner":false,"elType":"section"}],"page_settings":{"footer_mobile_layout":"3024","motta_hide_page_header":"1","motta_content_top_spacing":"no","motta_content_bottom_spacing":"no","footer_layout":"4015","header_layout":"v6","motta_hide_header_border":"1"},"version":"0.4","title":"home-v6","type":"page"}