{"content":[{"id":"5b275c4","settings":[],"elements":[{"id":"51702e25","settings":{"_column_size":100,"_inline_size":null},"elements":[{"id":"f320a23","settings":{"horizontal_scrollable":"yes","horizontal_scrollable_tablet":"yes","horizontal_scrollable_mobile":"yes","columns":8,"columns_tablet":5.5,"columns_mobile":2.5,"image_box":[{"_id":"bd360b3","image":{"url":"http:\/\/localhost\/dev\/motta\/wp-content\/uploads\/sites\/12\/2022\/07\/homev4-Let-the-light-in.jpg","id":9696,"alt":"","source":"library"},"title":"Let The Light In","link":{"url":"https:\/\/motta.uix.store\/product-category\/homegarden\/lamp-lighting\/","is_external":"","nofollow":"","custom_attributes":""}},{"_id":"f1b32ca","image":{"url":"http:\/\/localhost\/dev\/motta\/wp-content\/uploads\/sites\/12\/2022\/07\/homev4-Up-to-10-off-shoes.jpg","id":9700,"alt":"","source":"library"},"title":"Up to 10% off Shoes","link":{"url":"https:\/\/motta.uix.store\/product-category\/fashion\/man\/shoes-man\/","is_external":"","nofollow":"","custom_attributes":""}},{"_id":"61d9680","image":{"url":"http:\/\/localhost\/dev\/motta\/wp-content\/uploads\/sites\/12\/2022\/07\/homev4-New-arrivals.jpg","id":9698,"alt":"","source":"library"},"title":"New Arrivals","link":{"url":"https:\/\/motta.uix.store\/product-category\/homegarden\/?products_group=new","is_external":"","nofollow":"","custom_attributes":""}},{"_id":"debb725","image":{"url":"http:\/\/localhost\/dev\/motta\/wp-content\/uploads\/sites\/12\/2022\/07\/homev4-limited-time-offer.jpg","id":9697,"alt":"","source":"library"},"title":"Limited Time Offer","link":{"url":"https:\/\/motta.uix.store\/product-category\/fashion\/woman\/?products_group=sale","is_external":"","nofollow":"","custom_attributes":""}},{"_id":"2eb812f","image":{"url":"http:\/\/localhost\/dev\/motta\/wp-content\/uploads\/sites\/12\/2022\/07\/homev4-25-off-small-Appliances.jpg","id":9693,"alt":"","source":"library"},"title":"25% off Small App..","link":{"url":"https:\/\/motta.uix.store\/product-category\/electronics\/?products_group=sale","is_external":"","nofollow":"","custom_attributes":""}},{"_id":"28a4e5b","image":{"url":"http:\/\/localhost\/dev\/motta\/wp-content\/uploads\/sites\/12\/2022\/07\/homev4-Air-pods-max.jpg","id":9695,"alt":"","source":"library"},"title":"AirPods Max","link":{"url":"https:\/\/motta.uix.store\/product-category\/electronics\/headphones\/","is_external":"","nofollow":"","custom_attributes":""}},{"_id":"bac64f9","image":{"url":"http:\/\/localhost\/dev\/motta\/wp-content\/uploads\/sites\/12\/2022\/07\/homev4-Power-your-dreams.jpg","id":9699,"alt":"","source":"library"},"title":"Power Your Dreams","link":{"url":"https:\/\/motta.uix.store\/product-category\/electronics\/service-plans\/","is_external":"","nofollow":"","custom_attributes":""}},{"_id":"f47cbee","image":{"url":"http:\/\/localhost\/dev\/motta\/wp-content\/uploads\/sites\/12\/2022\/07\/homev4-30-off-air-purifier.jpg","id":9694,"alt":"","source":"library"},"title":"30% off Air Purifier","link":{"url":"https:\/\/motta.uix.store\/product-category\/electronics\/accessories-supplies\/","is_external":"","nofollow":"","custom_attributes":""}}],"item_spacing_mobile":{"unit":"px","top":"5","right":"5","bottom":"0","left":"5","isLinked":false},"image_border_radius":{"unit":"px","size":100,"sizes":[]},"image_spacing":{"unit":"px","size":13,"sizes":[]},"title_typography_typography":"custom","title_typography_font_size":{"unit":"px","size":14,"sizes":[]},"title_typography_font_weight":"500","title_ellipsis":"yes","item_spacing":{"unit":"px","top":"12","right":"10","bottom":"0","left":"10","isLinked":false},"image_width":{"unit":"px","size":100,"sizes":[]},"image_width_mobile":{"unit":"px","size":80,"sizes":[]},"title_typography_line_height":{"unit":"px","size":32,"sizes":[]}},"elements":[],"isInner":false,"widgetType":"motta-image-box-grid","elType":"widget"}],"isInner":false,"elType":"column"}],"isInner":false,"elType":"section"},{"id":"59ea6e60","settings":[],"elements":[{"id":"46be278a","settings":{"_column_size":100,"_inline_size":null},"elements":[{"id":"3b5a7907","settings":{"slides":[{"title":"Chair W","description":"Chair is suitable for the dining room.","button_text":"Shop Now","_id":"cd797bd","banner_background_img":{"url":"","id":"","alt":"","source":"library"},"background_size":"contain","background_position":"right center","background_repeat":"no-repeat","background_color":"#F4EFEB","before_title":"Furniture","custom_style":"yes","before_heading_custom_color":"#A77B52","title_custom_color":"#A77B52","content_custom_color":"#A77B52","btn_custom_bgcolor":"#A77B52","subtitle":"Furniture","subtitle_custom_color":"#A77B52","image":{"id":9686,"url":"https:\/\/motta.uix.store\/wp-content\/uploads\/2022\/07\/homev4-slider1.jpg","alt":"","source":"library"},"before_description":"Please Be Seated","after_description":"From $225.00","background_size_tablet":"contain","background_position_mobile":"center top","before_desc_custom_color":"#A77B52","after_desc_custom_color":"#A77B52","background_position_tablet":"center top","subtitle_image":{"id":10409,"url":"http:\/\/localhost\/dev\/motta\/wp-content\/uploads\/sites\/12\/2022\/07\/placeholder.png"},"image_background_size_tablet":"cover","image_background_position_tablet":"left center","primary_button_text":"Shop Now","custom_button_options":"yes","custom_button_background_color":"#A77B52","primary_button_link":{"url":"https:\/\/motta.uix.store\/product-category\/homegarden\/furniture\/","is_external":"","nofollow":"","custom_attributes":""}},{"title":"Pro Picks","button_text":"Shop Now","_id":"6e7684e","banner_background_img":{"url":"","id":"","alt":"","source":"library"},"background_size":"contain","background_position":"right center","background_repeat":"no-repeat","background_color":"#E5EBF3","before_title":"Winter Sale","custom_style":"yes","before_heading_custom_color":"#395172","title_custom_color":"#395172","content_custom_color":"#395172","btn_custom_bgcolor":"#395172","subtitle":"Winter Sale","subtitle_custom_color":"#395172","image":{"id":9687,"url":"https:\/\/motta.uix.store\/wp-content\/uploads\/2022\/07\/homev4-slider2.jpg","alt":"","source":"library"},"before_description":"Go big with gear built to take on<br \/> the cold.","after_description":"Up to %25 off","background_position_mobile":"center top","before_desc_custom_color":"#395172","after_desc_custom_color":"#395172","subtitle_image":{"id":10410,"url":"http:\/\/localhost\/dev\/motta\/wp-content\/uploads\/sites\/12\/2022\/07\/placeholder-1.png"},"image_background_size_tablet":"cover","image_background_position_tablet":"left center","image_mobile":{"url":"","id":"","alt":"","source":"library"},"primary_button_text":"Shop Now","after_desc_custom_typography_typography":"custom","custom_button_options":"yes","custom_button_background_color":"#395172","primary_button_link":{"url":"https:\/\/motta.uix.store\/product-category\/fashion\/man\/jackets-man\/","is_external":"","nofollow":"","custom_attributes":""}},{"title":"Oled","button_text":"Shop Now","_id":"ed738e9","banner_background_img":{"url":"","id":"","alt":"","source":"library"},"background_size":"contain","background_position":"right center","background_repeat":"no-repeat","background_color":"#E8EAEB","before_title":"Smart Tv","custom_style":"yes","before_heading_custom_color":"#1D2128","title_custom_color":"#1D2128","content_custom_color":"#1D2128","btn_custom_bgcolor":"#1D2128","subtitle":"Smart Tv","subtitle_custom_color":"#1D2128","before_description":"The depth of colours is<br \/> breathtaking","after_description":"From $779","background_position_mobile":"center top","before_desc_custom_color":"#1D2128","after_desc_custom_color":"#1D2128","image":{"id":9688,"url":"https:\/\/motta.uix.store\/wp-content\/uploads\/2022\/07\/homev4-slider3.jpg","alt":"","source":"library"},"subtitle_image":{"id":10411,"url":"http:\/\/localhost\/dev\/motta\/wp-content\/uploads\/sites\/12\/2022\/07\/placeholder-2.png"},"image_background_size_tablet":"cover","image_background_position_tablet":"left center","image_mobile":{"url":"","id":"","alt":"","source":"library"},"primary_button_text":"Shop Now","custom_button_options":"yes","custom_button_background_color":"#1D2128","primary_button_link":{"url":"https:\/\/motta.uix.store\/product-category\/electronics\/computers-accessories\/","is_external":"","nofollow":"","custom_attributes":""}},{"title":"Refresh","button_text":"Shop Now","banner_background_img":{"url":"","id":"","alt":"","source":"library"},"background_size":"contain","background_position":"right center","background_repeat":"no-repeat","background_color":"#F4ECE7","before_title":"MID-Season Sale","custom_style":"yes","before_heading_custom_color":"#C06E42","title_custom_color":"#C06E42","content_custom_color":"#C06E42","btn_custom_bgcolor":"#C06E42","_id":"d83b2c1","subtitle":"MID-Season Sale","subtitle_custom_color":"#C06E42","before_description":"Furniture, Rugs & Decor","after_description":"From $49","background_position_mobile":"center top","before_desc_custom_color":"#C06E42","after_desc_custom_color":"#C06E42","image":{"id":9689,"url":"https:\/\/motta.uix.store\/wp-content\/uploads\/2022\/07\/homev4-slider4.jpg","alt":"","source":"library"},"subtitle_image":{"id":10412,"url":"http:\/\/localhost\/dev\/motta\/wp-content\/uploads\/sites\/12\/2022\/07\/placeholder-3.png"},"image_background_size_tablet":"cover","image_background_position_tablet":"left center","image_mobile":{"url":"","id":"","alt":"","source":"library"},"primary_button_text":"Shop Now","custom_button_options":"yes","custom_button_background_color":"#C06E42","custom_button_second_options":"yes","after_button_custom_typography_typography":"custom","primary_button_link":{"url":"https:\/\/motta.uix.store\/product-category\/homegarden\/home-decor\/","is_external":"","nofollow":"","custom_attributes":""}}],"slides_height":{"unit":"px","size":400,"sizes":[]},"slides_height_mobile":{"unit":"px","size":365,"sizes":[]},"navigation":"both","autoplay":"","slides_vertical_position":"middle","description_typography_typography":"custom","description_typography_font_size_mobile":{"unit":"px","size":12,"sizes":[]},"description_spacing":{"unit":"px","size":10,"sizes":[]},"button_show":"yes","skin":"base","shape":"round","btn_padding":{"unit":"px","top":"0","right":"33","bottom":"0","left":"33","isLinked":false},"sliders_dots_style":"yes","sliders_dot_item_active_color":"#FFFFFF","navigation_mobile":"dots","slides_vertical_position_mobile":"top","subtitle_typography_typography":"custom","subtitle_typography_font_size":{"unit":"px","size":11,"sizes":[]},"subtitle_typography_font_weight":"700","title_typography_typography":"custom","title_typography_font_size":{"unit":"px","size":54,"sizes":[]},"title_typography_font_size_mobile":{"unit":"px","size":36,"sizes":[]},"title_typography_font_weight":"700","title_typography_line_height":{"unit":"px","size":72,"sizes":[]},"title_typography_line_height_mobile":{"unit":"px","size":45,"sizes":[]},"title_spacing":{"unit":"px","size":0,"sizes":[]},"before_desc_typography_typography":"custom","before_desc_typography_font_size":{"unit":"px","size":18,"sizes":[]},"before_desc_typography_font_size_mobile":{"unit":"px","size":14,"sizes":[]},"before_desc_typography_font_weight":"500","before_desc_typography_line_height":{"unit":"px","size":26,"sizes":[]},"before_desc_spacing":{"unit":"px","size":5,"sizes":[]},"after_desc_typography_typography":"custom","after_desc_typography_font_size":{"unit":"px","size":18,"sizes":[]},"after_desc_typography_font_size_mobile":{"unit":"px","size":14,"sizes":[]},"after_desc_typography_font_weight":"700","after_desc_typography_line_height":{"unit":"px","size":32,"sizes":[]},"sliders_arrow_style":"yes","sliders_arrows_size":{"unit":"px","size":21,"sizes":[]},"sliders_arrows_width":{"unit":"px","size":32,"sizes":[]},"sliders_arrows_height":{"unit":"px","size":60,"sizes":[]},"sliders_arrows_horizontal_spacing":{"unit":"px","size":16,"sizes":[]},"_background_image_tablet":{"url":"","id":"","alt":"","source":"library"},"slides_radius":{"unit":"px","top":"8","right":"8","bottom":"8","left":"8","isLinked":true},"slides_vertical_position_tablet":"middle","subtitle_spacing_mobile":{"unit":"px","size":0,"sizes":[]},"before_desc_typography_line_height_mobile":{"unit":"px","size":24,"sizes":[]},"before_desc_spacing_mobile":{"unit":"px","size":0,"sizes":[]},"description_spacing_mobile":{"unit":"px","size":0,"sizes":[]},"image_position_tablet":"top","image_custom_width":{"unit":"%","size":65,"sizes":[]},"image_custom_width_tablet":{"unit":"%","size":60,"sizes":[]},"image_custom_height_tablet":{"unit":"%","size":100,"sizes":[]},"image_custom_height_mobile":{"unit":"px","size":200,"sizes":[]},"sliders_dots_vertical_spacing_mobile":{"unit":"px","size":175,"sizes":[]},"navigation_tablet":"dots","arrows_icon":"thin","slides_content_width":{"unit":"px","size":400,"sizes":[]},"slides_content_width_tablet":{"unit":"px","size":290,"sizes":[]},"slides_content_padding":{"unit":"px","top":"0","right":"40","bottom":"0","left":"80","isLinked":false},"slides_content_padding_tablet":{"unit":"px","top":"20","right":"30","bottom":"20","left":"30","isLinked":false},"slides_content_padding_mobile":{"unit":"px","top":"24","right":"24","bottom":"13","left":"24","isLinked":false},"hide_button_mobile":"yes","slides_text_align":""},"elements":[],"isInner":false,"widgetType":"motta-slides","elType":"widget"}],"isInner":false,"elType":"column"}],"isInner":false,"elType":"section"},{"id":"788d5eb3","settings":{"structure":"60","padding":{"unit":"px","top":"22","right":"0","bottom":"7","left":"0","isLinked":false},"padding_tablet":{"unit":"px","top":"0","right":"0","bottom":"0","left":"0","isLinked":false}},"elements":[{"id":"275c3bc7","settings":{"_column_size":16,"_inline_size":8,"_inline_size_tablet":100,"_inline_size_mobile":100},"elements":[],"isInner":false,"elType":"column"},{"id":"53ca8306","settings":{"_column_size":16,"_inline_size":20,"_inline_size_tablet":25,"_inline_size_mobile":50},"elements":[{"id":"60f6a0ef","settings":{"icon":{"value":{"url":"https:\/\/motta.uix.store\/wp-content\/uploads\/2022\/08\/free-shipping.svg","id":13410},"library":"svg"},"title":"Fast, Free Shipping","description":"On order over $50","position":"left","position_mobile":"top","alignment_mobile":"center","title_typography_typography":"custom","title_typography_font_size":{"unit":"px","size":14,"sizes":[]},"title_typography_font_weight":"500","title_spacing":{"unit":"px","size":3,"sizes":[]},"description_typography_typography":"custom","description_typography_font_size":{"unit":"px","size":14,"sizes":[]},"icon_spacing":{"unit":"px","size":16,"sizes":[]},"icon_size":{"unit":"px","size":32,"sizes":[]},"image":{"id":9649,"url":"http:\/\/localhost\/dev\/motta\/wp-content\/uploads\/sites\/12\/2022\/07\/placeholder.png"},"position_tablet":"top","alignment_tablet":"center","icon_vertical_alignment":"middle"},"elements":[],"isInner":false,"widgetType":"motta-icon-box","elType":"widget"}],"isInner":false,"elType":"column"},{"id":"2a6505be","settings":{"_column_size":16,"_inline_size":21,"_inline_size_tablet":25,"_inline_size_mobile":50},"elements":[{"id":"1dae8041","settings":{"icon":{"value":{"url":"https:\/\/motta.uix.store\/wp-content\/uploads\/2022\/08\/next-day-delivery.svg","id":13412},"library":"svg"},"title":"Next Day Delivery","description":"Free\u2013 spend over $99","position":"left","position_mobile":"top","alignment_mobile":"center","title_typography_typography":"custom","title_typography_font_size":{"unit":"px","size":14,"sizes":[]},"title_typography_font_weight":"500","title_spacing":{"unit":"px","size":3,"sizes":[]},"description_typography_typography":"custom","description_typography_font_size":{"unit":"px","size":14,"sizes":[]},"icon_spacing":{"unit":"px","size":16,"sizes":[]},"icon_size":{"unit":"px","size":32,"sizes":[]},"image":{"id":9650,"url":"http:\/\/localhost\/dev\/motta\/wp-content\/uploads\/sites\/12\/2022\/07\/placeholder-1.png"},"position_tablet":"top","alignment_tablet":"center","icon_vertical_alignment":"middle"},"elements":[],"isInner":false,"widgetType":"motta-icon-box","elType":"widget"}],"isInner":false,"elType":"column"},{"id":"2616e938","settings":{"_column_size":16,"_inline_size":21,"_inline_size_tablet":25,"_inline_size_mobile":50},"elements":[{"id":"1dbb5ba5","settings":{"icon":{"value":{"url":"https:\/\/motta.uix.store\/wp-content\/uploads\/2022\/08\/day-free-returns.svg","id":13442},"library":"svg"},"title":"60-Day Free Returns","description":"All shipping methods","position":"left","position_mobile":"top","alignment_mobile":"center","title_typography_typography":"custom","title_typography_font_size":{"unit":"px","size":14,"sizes":[]},"title_typography_font_weight":"500","title_spacing":{"unit":"px","size":3,"sizes":[]},"description_typography_typography":"custom","description_typography_font_size":{"unit":"px","size":14,"sizes":[]},"icon_spacing":{"unit":"px","size":16,"sizes":[]},"icon_size":{"unit":"px","size":32,"sizes":[]},"image":{"id":9651,"url":"http:\/\/localhost\/dev\/motta\/wp-content\/uploads\/sites\/12\/2022\/07\/placeholder-2.png"},"position_tablet":"top","alignment_tablet":"center","icon_vertical_alignment":"middle"},"elements":[],"isInner":false,"widgetType":"motta-icon-box","elType":"widget"}],"isInner":false,"elType":"column"},{"id":"5ff6aeb7","settings":{"_column_size":16,"_inline_size":21,"_inline_size_tablet":25,"_inline_size_mobile":50},"elements":[{"id":"6f9d5e0e","settings":{"icon":{"value":{"url":"https:\/\/motta.uix.store\/wp-content\/uploads\/2022\/08\/expert-customer-service.svg","id":13443},"library":"svg"},"title":"Expert Customer Service","description":"Choose chat or call us","position":"left","position_mobile":"top","alignment_mobile":"center","title_typography_typography":"custom","title_typography_font_size":{"unit":"px","size":14,"sizes":[]},"title_typography_font_weight":"500","title_spacing":{"unit":"px","size":3,"sizes":[]},"description_typography_typography":"custom","description_typography_font_size":{"unit":"px","size":14,"sizes":[]},"icon_spacing":{"unit":"px","size":16,"sizes":[]},"icon_size":{"unit":"px","size":32,"sizes":[]},"image":{"id":9652,"url":"http:\/\/localhost\/dev\/motta\/wp-content\/uploads\/sites\/12\/2022\/07\/placeholder-3.png"},"position_tablet":"top","alignment_tablet":"center","icon_vertical_alignment":"middle"},"elements":[],"isInner":false,"widgetType":"motta-icon-box","elType":"widget"}],"isInner":false,"elType":"column"},{"id":"2fb531cd","settings":{"_column_size":16,"_inline_size":7.66,"_inline_size_tablet":100},"elements":[],"isInner":false,"elType":"column"}],"isInner":false,"elType":"section"},{"id":"2dc6e9ee","settings":{"structure":"32"},"elements":[{"id":"312597f6","settings":{"_column_size":50,"_inline_size":null,"_inline_size_tablet":100,"padding_mobile":{"unit":"px","top":"0","right":"16","bottom":"8","left":"16","isLinked":false}},"elements":[{"id":"37384473","settings":{"image":{"id":9681,"url":"https:\/\/motta.uix.store\/wp-content\/uploads\/2022\/07\/homev4-viomi-lto.jpg","alt":"","source":"library"},"before_title":"Viomi Smart","title":"Washing & Drying Machine","description":"<div style=\"font-size:12px; line-height: 20px;       text-decoration: line-through;\">$738.90<\/div>\n$689.00","button_text":"Shop Now","button_link_type":"only","countdown_text":"Limited Time Only","countdown_date":"2022-07-26 12:00","sale_text":"Save","sale_unit":"$49,90","height":{"unit":"px","size":320,"sizes":[]},"border_radius_img":{"unit":"px","top":"6","right":"6","bottom":"6","left":"6","isLinked":true},"before_title_typography_typography":"custom","before_title_typography_font_size":{"unit":"px","size":28,"sizes":[]},"before_title_typography_font_weight":"700","before_title_typography_line_height":{"unit":"px","size":24,"sizes":[]},"before_title_color":"#F2EDD6","title_typography_typography":"custom","title_typography_font_size":{"unit":"px","size":14,"sizes":[]},"title_typography_font_weight":"500","title_typography_line_height":{"unit":"px","size":24,"sizes":[]},"title_color":"#F2EDD6","desc_typography_typography":"custom","desc_typography_font_size":{"unit":"px","size":18,"sizes":[]},"desc_typography_font_weight":"700","desc_typography_line_height":{"unit":"px","size":20,"sizes":[]},"desc_color":"#F2EDD6","skin":"subtle","button_color":"#F2EDD6","countdown_position_x":{"unit":"px","size":30,"sizes":[]},"countdown_position_x_tablet":{"unit":"%","size":"","sizes":[]},"countdown_position_x_mobile":{"unit":"px","size":23,"sizes":[]},"countdown_position_y":{"unit":"%","size":74,"sizes":[]},"countdown_position_y_tablet":{"unit":"%","size":"","sizes":[]},"countdown_position_y_mobile":{"unit":"%","size":70,"sizes":[]},"countdown_text_typography":"custom","countdown_text_font_size":{"unit":"px","size":11,"sizes":[]},"countdown_text_font_weight":"700","countdown_text_line_height":{"unit":"px","size":20,"sizes":[]},"countdown_text_color":"#F2EDD6","countdown_bgcolor":"#B61C1C00","countdown_color":"#F2EDD6","countdown_padding":{"unit":"px","top":"0","right":"0","bottom":"0","left":"0","isLinked":true},"countdown_digits_size_typography":"custom","countdown_digits_size_font_size":{"unit":"px","size":24,"sizes":[]},"countdown_digits_size_font_weight":"500","countdown_digits_size_line_height":{"unit":"px","size":20,"sizes":[]},"countdown_divider_size_typography":"custom","countdown_divider_size_font_size":{"unit":"px","size":24,"sizes":[]},"countdown_divider_size_font_weight":"500","countdown_divider_xy":{"unit":"px","top":"-4","right":"-4","bottom":0,"left":0,"isLinked":false},"sale_text_color":"#3D5F62","sale_text_typography_typography":"custom","sale_text_typography_font_size":{"unit":"px","size":13,"sizes":[]},"sale_text_typography_font_weight":"700","sale_text_typography_line_height":{"unit":"px","size":16,"sizes":[]},"sale_unit_color":"#3D5F62","sale_unit_typography_typography":"custom","sale_unit_typography_font_size":{"unit":"px","size":13,"sizes":[]},"sale_unit_typography_font_weight":"700","sale_unit_typography_line_height":{"unit":"px","size":16,"sizes":[]},"sale_bgcolor":"#FFF5C8","sale_color":"#3D5F62","sale_width":{"unit":"px","size":80,"sizes":[]},"sale_height":{"unit":"px","size":80,"sizes":[]},"height_mobile":{"unit":"px","size":220,"sizes":[]},"background_position":"right bottom","before_title_spacing":{"unit":"px","size":7,"sizes":[]},"before_title_typography_font_size_mobile":{"unit":"px","size":24,"sizes":[]},"title_spacing":{"unit":"px","size":8,"sizes":[]},"title_typography_font_size_mobile":{"unit":"px","size":12,"sizes":[]},"desc_spacing":{"unit":"px","size":12,"sizes":[]},"button_hide_on_mobile":"none","size":"medium","countdown_text_spacing":{"unit":"px","size":10,"sizes":[]},"countdown_text_spacing_mobile":{"unit":"px","size":3,"sizes":[]},"countdown_digits_size_font_size_mobile":{"unit":"px","size":16,"sizes":[]},"countdown_digits_spacing_mobile":{"unit":"px","size":6,"sizes":[]},"countdown_divider_size_font_size_mobile":{"unit":"px","size":16,"sizes":[]},"countdown_divider_xy_mobile":{"unit":"px","top":"2","right":"-2","bottom":0,"left":0,"isLinked":false},"sale_position_x":{"unit":"px","size":26,"sizes":[]},"sale_position_x_tablet":{"unit":"%","size":"","sizes":[]},"sale_position_x_mobile":{"unit":"px","size":24,"sizes":[]},"sale_position_y":{"unit":"px","size":23,"sizes":[]},"sale_position_y_mobile":{"unit":"px","size":24,"sizes":[]},"sale_text_typography_font_size_mobile":{"unit":"px","size":11,"sizes":[]},"sale_text_typography_line_height_mobile":{"unit":"px","size":14,"sizes":[]},"sale_unit_typography_font_size_mobile":{"unit":"px","size":11,"sizes":[]},"sale_unit_typography_line_height_mobile":{"unit":"px","size":14,"sizes":[]},"sale_width_mobile":{"unit":"px","size":60,"sizes":[]},"sale_height_mobile":{"unit":"px","size":60,"sizes":[]},"banner_position":"center","slides_vertical_position":"top","enable_time_text":"","background_position_mobile":"center center","background_repeat_mobile":"no-repeat","background_size_mobile":"cover","banner_spacing":{"unit":"px","top":"30","right":"30","bottom":"30","left":"30","isLinked":false},"banner_spacing_mobile":{"unit":"px","top":"20","right":"24","bottom":"20","left":"24","isLinked":false},"desc_spacing_mobile":{"unit":"px","size":0,"sizes":[]},"section_countdown_position":"after","countdown_digits_spacing":{"unit":"px","size":10,"sizes":[]},"primary_button_text":"Shop Now","primary_button_skin":"subtle","primary_button_options":"yes","primary_button_color":"#F2EDD6","section_countdown_spacing_top":{"unit":"px","size":68,"sizes":[]},"section_countdown_spacing_top_mobile":{"unit":"px","size":32,"sizes":[]},"primary_button_link":{"url":"https:\/\/motta.uix.store\/product\/smart-linear-wash-39dba-dishwasher-in-black-stainless-steel\/","is_external":"","nofollow":"","custom_attributes":""},"youtube_url":"https:\/\/www.youtube.com\/watch?v=XHOmBV4js_E"},"elements":[],"isInner":false,"widgetType":"motta-banner","elType":"widget"}],"isInner":false,"elType":"column"},{"id":"1fff99bb","settings":{"_column_size":25,"_inline_size":null,"_inline_size_tablet":50,"_inline_size_mobile":50,"padding_mobile":{"unit":"px","top":"8","right":"8","bottom":"16","left":"16","isLinked":false}},"elements":[{"id":"6941540d","settings":{"image":{"id":9680,"url":"https:\/\/motta.uix.store\/wp-content\/uploads\/2022\/07\/homev4-activewear.jpg","alt":"","source":"library"},"before_title":"Save up to 40% on","title":"Activewear","button_text":"Shop Now","height":{"unit":"px","size":320,"sizes":[]},"height_mobile":{"unit":"px","size":220,"sizes":[]},"border_radius_img":{"unit":"px","top":"6","right":"6","bottom":"6","left":"6","isLinked":true},"background_position":"center bottom","slides_horizontal_position":"center","slides_text_align":"center","before_title_typography_typography":"custom","before_title_typography_font_size":{"unit":"px","size":12,"sizes":[]},"before_title_typography_font_size_mobile":{"unit":"px","size":11,"sizes":[]},"before_title_typography_font_weight":"700","before_title_typography_text_transform":"uppercase","before_title_color":"#6B3939","title_spacing":{"unit":"px","size":3,"sizes":[]},"title_typography_typography":"custom","title_typography_font_size":{"unit":"px","size":28,"sizes":[]},"title_typography_font_size_mobile":{"unit":"px","size":18,"sizes":[]},"title_typography_font_weight":"700","title_color":"#6B3939","button_hide_on_mobile":"none","skin":"subtle","size":"medium","button_color":"#6B3939","height_tablet":{"unit":"px","size":395,"sizes":[]},"banner_horizontal_position":"center","banner_text_align":"center","banner_spacing":{"unit":"px","top":"28","right":"30","bottom":"28","left":"30","isLinked":false},"banner_spacing_mobile":{"unit":"px","top":"13","right":"10","bottom":"13","left":"10","isLinked":false},"before_title_spacing":{"unit":"px","size":3,"sizes":[]},"before_title_spacing_mobile":{"unit":"px","size":0,"sizes":[]},"primary_button_text":"Shop Now","primary_button_skin":"subtle","primary_button_options":"yes","primary_button_color":"#6B3939","primary_button_link":{"url":"https:\/\/motta.uix.store\/product-category\/fashion\/woman\/?products_group=sale","is_external":"","nofollow":"","custom_attributes":""},"youtube_url":"https:\/\/www.youtube.com\/watch?v=XHOmBV4js_E"},"elements":[],"isInner":false,"widgetType":"motta-banner","elType":"widget"}],"isInner":false,"elType":"column"},{"id":"5d3dd770","settings":{"_column_size":25,"_inline_size":null,"_inline_size_tablet":50,"_inline_size_mobile":50,"padding_mobile":{"unit":"px","top":"8","right":"16","bottom":"16","left":"8","isLinked":false}},"elements":[{"id":"77d7745","settings":{"image":{"id":9682,"url":"https:\/\/motta.uix.store\/wp-content\/uploads\/2022\/07\/homev4-wearable.jpg","alt":"","source":"library"},"before_title":"Save up to 15% on","title":"Wearable Tech","button_text":"Shop Now","height":{"unit":"px","size":320,"sizes":[]},"height_mobile":{"unit":"px","size":220,"sizes":[]},"border_radius_img":{"unit":"px","top":"6","right":"6","bottom":"6","left":"6","isLinked":true},"background_position":"center bottom","slides_horizontal_position":"center","slides_text_align":"center","before_title_typography_typography":"custom","before_title_typography_font_size":{"unit":"px","size":12,"sizes":[]},"before_title_typography_font_size_mobile":{"unit":"px","size":11,"sizes":[]},"before_title_typography_font_weight":"700","before_title_typography_text_transform":"uppercase","before_title_color":"#FA8E86","title_spacing":{"unit":"px","size":3,"sizes":[]},"title_typography_typography":"custom","title_typography_font_size":{"unit":"px","size":28,"sizes":[]},"title_typography_font_size_mobile":{"unit":"px","size":18,"sizes":[]},"title_typography_font_weight":"700","title_color":"#FA8E86","button_hide_on_mobile":"none","skin":"subtle","size":"medium","button_color":"#FA8E86","height_tablet":{"unit":"px","size":395,"sizes":[]},"banner_horizontal_position":"center","banner_text_align":"center","banner_spacing":{"unit":"px","top":"28","right":"30","bottom":"28","left":"30","isLinked":false},"banner_spacing_mobile":{"unit":"px","top":"13","right":"10","bottom":"13","left":"10","isLinked":false},"before_title_spacing_mobile":{"unit":"px","size":0,"sizes":[]},"primary_button_text":"Shop Now","primary_button_skin":"subtle","primary_button_options":"yes","primary_button_color":"#FA8E86","primary_button_link":{"url":"https:\/\/motta.uix.store\/product-category\/electronics\/?products_group=sale","is_external":"","nofollow":"","custom_attributes":""},"youtube_url":"https:\/\/www.youtube.com\/watch?v=XHOmBV4js_E"},"elements":[],"isInner":false,"widgetType":"motta-banner","elType":"widget"}],"isInner":false,"elType":"column"}],"isInner":false,"elType":"section"},{"id":"1cabd2cd","settings":{"padding":{"unit":"px","top":"30","right":"0","bottom":"0","left":"0","isLinked":false},"padding_mobile":{"unit":"px","top":"05","right":"0","bottom":"0","left":"0","isLinked":false}},"elements":[{"id":"123bd6dd","settings":{"_column_size":100,"_inline_size":null,"padding_mobile":{"unit":"px","top":"0","right":"16","bottom":"0","left":"16","isLinked":false},"padding":{"unit":"px","top":"12","right":"12","bottom":"00","left":"12","isLinked":false}},"elements":[{"id":"42182e41","settings":{"title":"Shop Deals by Category","button_text":"See All Categories","button_text_mobile":"See All","link":{"url":"#","is_external":"","nofollow":"","custom_attributes":""},"title_size":"div","typography_font_size":{"unit":"px","size":28,"sizes":[]},"typography_font_size_mobile":{"unit":"px","size":18,"sizes":[]},"typography_font_weight":"500","typography_line_height":{"unit":"px","size":32,"sizes":[]},"primary_button_text":"See All Categories","primary_mobile_button_text":"See All","primary_button_link":{"url":"#","is_external":"","nofollow":"","custom_attributes":""},"size":"large","typography_typography":"custom"},"elements":[],"isInner":false,"widgetType":"motta-heading","elType":"widget"}],"isInner":false,"elType":"column"}],"isInner":false,"elType":"section"},{"id":"30a69363","settings":{"margin":{"unit":"px","top":"0","right":0,"bottom":"10","left":0,"isLinked":false},"margin_mobile":{"unit":"px","top":"0","right":0,"bottom":"5","left":0,"isLinked":false}},"elements":[{"id":"7ce1bb7b","settings":{"_column_size":100,"_inline_size":null},"elements":[{"id":"5549b970","settings":{"image_box":[{"_id":"6f3e2ce","image":{"id":13449,"url":"https:\/\/motta.uix.store\/wp-content\/uploads\/2022\/08\/homev4-cellphones.png","alt":"","source":"library"},"title":"Cell Phones","link":{"url":"https:\/\/motta.uix.store\/product-category\/electronics\/cell-phones-accessories\/","is_external":"","nofollow":"","custom_attributes":""},"image_box_color":"#669F93"},{"image":{"id":13450,"url":"https:\/\/motta.uix.store\/wp-content\/uploads\/2022\/08\/homev4-fashion.png","alt":"","source":"library"},"title":"Fashion","link":{"url":"https:\/\/motta.uix.store\/product-category\/fashion\/","is_external":"","nofollow":"","custom_attributes":""},"image_box_color":"#ED7728","_id":"ff543d6"},{"_id":"e66ab85","image":{"id":13453,"url":"https:\/\/motta.uix.store\/wp-content\/uploads\/2022\/08\/homev4-kitchendining.png","alt":"","source":"library"},"title":"Kitchen & Dining","link":{"url":"https:\/\/motta.uix.store\/product-category\/homegarden\/kitchen-dining\/","is_external":"","nofollow":"","custom_attributes":""},"image_box_color":"#715682"},{"image":{"id":13457,"url":"https:\/\/motta.uix.store\/wp-content\/uploads\/2022\/08\/homev4-toysgames.png","alt":"","source":"library"},"title":"Toys & Games","link":{"url":"https:\/\/motta.uix.store\/product-category\/toysgames\/","is_external":"","nofollow":"","custom_attributes":""},"image_box_color":"#B27C50","_id":"ea26e3e"},{"image":{"id":13451,"url":"https:\/\/motta.uix.store\/wp-content\/uploads\/2022\/08\/homev4-furniture.png","alt":"","source":"library"},"title":"Furniture","link":{"url":"https:\/\/motta.uix.store\/product-category\/homegarden\/furniture\/","is_external":"","nofollow":"","custom_attributes":""},"image_box_color":"#696969","_id":"300abb8"},{"image":{"id":13455,"url":"https:\/\/motta.uix.store\/wp-content\/uploads\/2022\/08\/homev4-small-appliances.png","alt":"","source":"library"},"title":"Small Appliances","link":{"url":"https:\/\/motta.uix.store\/product-category\/electronics\/accessories-supplies\/","is_external":"","nofollow":"","custom_attributes":""},"image_box_color":"#64A1C2","_id":"5e64ec3"},{"image":{"id":13452,"url":"https:\/\/motta.uix.store\/wp-content\/uploads\/2022\/08\/homev4-jewelry.png","alt":"","source":"library"},"title":"Jewelry","link":{"url":"https:\/\/motta.uix.store\/product-category\/jewelry\/","is_external":"","nofollow":"","custom_attributes":""},"image_box_color":"#D18B5D","_id":"2881dd9"},{"image":{"id":13448,"url":"https:\/\/motta.uix.store\/wp-content\/uploads\/2022\/08\/homev4-beauty.png","alt":"","source":"library"},"title":"Beauty","link":{"url":"https:\/\/motta.uix.store\/product-category\/beauty-health\/","is_external":"","nofollow":"","custom_attributes":""},"image_box_color":"#FF6484","_id":"581b434"},{"image":{"id":13458,"url":"https:\/\/motta.uix.store\/wp-content\/uploads\/2022\/08\/homev4-virtual-reality.png","alt":"","source":"library"},"title":"Virtual Reality","link":{"url":"https:\/\/motta.uix.store\/product-category\/toysgames\/video-games\/virtual-reality\/","is_external":"","nofollow":"","custom_attributes":""},"image_box_color":"#3C3C42","_id":"7b44ca9"},{"image":{"id":13447,"url":"https:\/\/motta.uix.store\/wp-content\/uploads\/2022\/08\/homev4-baby-care.png","alt":"","source":"library"},"title":"Baby Care","link":{"url":"https:\/\/motta.uix.store\/product-category\/motherkids\/baby-care\/","is_external":"","nofollow":"","custom_attributes":""},"image_box_color":"#FD834D","_id":"5b3df75"},{"image":{"id":13454,"url":"https:\/\/motta.uix.store\/wp-content\/uploads\/2022\/08\/homev4-sale.png","alt":"","source":"library"},"title":"Sale","link":{"url":"https:\/\/motta.uix.store\/product-category\/electronics\/?products_group=sale","is_external":"","nofollow":"","custom_attributes":""},"image_box_color":"#FF5951","_id":"1bfbfb1"}],"title_typography_typography":"custom","title_typography_font_size_mobile":{"unit":"px","size":18,"sizes":[]},"title_typography_line_height_mobile":{"unit":"px","size":16,"sizes":[]},"title_ellipsis":"yes","columns_tablet":4.5,"columns_mobile":2.5,"horizontal_scrollable_tablet":"yes","horizontal_scrollable_mobile":"yes","item_spacing":{"unit":"px","top":"10","right":"5","bottom":"20","left":"5","isLinked":false},"item_spacing_mobile":{"unit":"px","top":"0","right":"5","bottom":"0","left":"5","isLinked":false},"image_width":{"unit":"px","size":150,"sizes":[]},"image_spacing":{"unit":"px","size":5,"sizes":[]},"title_typography_font_size":{"unit":"px","size":18,"sizes":[]}},"elements":[],"isInner":false,"widgetType":"motta-image-box-grid","elType":"widget"}],"isInner":false,"elType":"column"}],"isInner":false,"elType":"section"},{"id":"7e5ea0bd","settings":{"margin":{"unit":"px","top":"","right":0,"bottom":"","left":0,"isLinked":true}},"elements":[{"id":"394a136e","settings":{"_column_size":100,"_inline_size":null},"elements":[{"id":"64a4174","settings":{"gap":"wide","content_position":"middle","overflow":"hidden","structure":"30","background_background":"classic","background_color":"#313D4C","border_radius":{"unit":"px","top":"8","right":"8","bottom":"8","left":"8","isLinked":true}},"elements":[{"id":"d97d193","settings":{"_column_size":33,"_inline_size":null,"_inline_size_tablet":50,"_inline_size_mobile":50,"padding_mobile":{"unit":"px","top":"12","right":"6","bottom":"12","left":"12","isLinked":false},"column_order_tablet":1},"elements":[{"id":"5f081043","settings":{"image_size":"full","image":{"url":"https:\/\/motta.uix.store\/wp-content\/uploads\/2022\/07\/homev4-woman.jpg","id":9719,"alt":"","source":"library"}},"elements":[],"isInner":false,"widgetType":"image","elType":"widget"}],"isInner":true,"elType":"column"},{"id":"693e9e0","settings":{"_column_size":33,"_inline_size":null,"_inline_size_tablet":100,"padding_mobile":{"unit":"px","top":"4","right":"12","bottom":"20","left":"12","isLinked":false},"column_order_tablet":3},"elements":[{"id":"2cbf48d6","settings":{"image":{"url":"","id":""},"before_title":"#styling inspiration","title":"New Look","description":"The motivation you need to keep moving","button_text":"Shop Women","button_link_type":"only","button_text_2":"Shop Men","button_link_2":{"url":"#","is_external":false,"nofollow":false,"custom_attributes":""},"height":{"unit":"%","size":100,"sizes":[]},"height_tablet":{"unit":"%","size":"","sizes":[]},"height_mobile":{"unit":"%","size":100,"sizes":[]},"slides_horizontal_position":"center","slides_vertical_position":"middle","slides_text_align":"center","before_title_spacing":{"unit":"px","size":17,"sizes":[]},"before_title_spacing_mobile":{"unit":"px","size":12,"sizes":[]},"before_title_typography_typography":"custom","before_title_typography_font_size":{"unit":"px","size":12,"sizes":[]},"before_title_typography_font_size_mobile":{"unit":"px","size":11,"sizes":[]},"before_title_typography_font_weight":"700","before_title_typography_text_transform":"uppercase","before_title_typography_line_height":{"unit":"px","size":20,"sizes":[]},"before_title_color":"#8FBAF0","title_spacing":{"unit":"px","size":22,"sizes":[]},"title_spacing_mobile":{"unit":"px","size":8,"sizes":[]},"title_typography_typography":"custom","title_typography_font_size":{"unit":"px","size":54,"sizes":[]},"title_typography_font_size_mobile":{"unit":"px","size":36,"sizes":[]},"title_typography_font_weight":"500","title_typography_line_height":{"unit":"px","size":40,"sizes":[]},"title_color":"#8FBAF0","desc_spacing":{"unit":"px","size":12,"sizes":[]},"desc_spacing_mobile":{"unit":"px","size":10,"sizes":[]},"desc_typography_typography":"custom","desc_typography_font_size":{"unit":"px","size":16,"sizes":[]},"desc_typography_font_size_mobile":{"unit":"px","size":14,"sizes":[]},"desc_typography_font_weight":"500","desc_typography_line_height":{"unit":"px","size":20,"sizes":[]},"desc_color":"#8FBAF0","skin":"subtle","size":"medium","button_color":"#8FBAF0","spacing_between_button":{"unit":"px","size":40,"sizes":[]},"button_color_2":"#8FBAF0","banner_text_align":"center","banner_spacing":{"unit":"px","top":"0","right":"0","bottom":"0","left":"0","isLinked":true},"primary_button_text":"Shop Women","primary_button_link":{"url":"https:\/\/motta.uix.store\/product-category\/fashion\/woman\/","is_external":"","nofollow":"","custom_attributes":""},"second_button_text":"Shop Men","second_button_link":{"url":"https:\/\/motta.uix.store\/product-category\/fashion\/man\/","is_external":"","nofollow":"","custom_attributes":""},"primary_button_skin":"subtle","primary_button_options":"yes","primary_button_color":"#8FBAF0","second_button_options":"yes","second_button_color":"#8FBAF0","youtube_url":"https:\/\/www.youtube.com\/watch?v=XHOmBV4js_E","primary_button_typography_typography":"custom"},"elements":[],"isInner":false,"widgetType":"motta-banner","elType":"widget"}],"isInner":true,"elType":"column"},{"id":"7993d6dc","settings":{"_column_size":33,"_inline_size":null,"_inline_size_tablet":50,"_inline_size_mobile":50,"padding_mobile":{"unit":"px","top":"12","right":"12","bottom":"12","left":"6","isLinked":false},"column_order_tablet":2},"elements":[{"id":"d5addfc","settings":{"image_size":"full","image":{"url":"https:\/\/motta.uix.store\/wp-content\/uploads\/2022\/07\/homev4-man.jpg","id":9718,"alt":"","source":"library"}},"elements":[],"isInner":false,"widgetType":"image","elType":"widget"}],"isInner":true,"elType":"column"}],"isInner":true,"elType":"section"}],"isInner":false,"elType":"column"}],"isInner":false,"elType":"section"},{"id":"2c35cc0b","settings":{"padding":{"unit":"px","top":"38","right":"0","bottom":"16","left":"0","isLinked":false},"padding_mobile":{"unit":"px","top":"5","right":"0","bottom":"0","left":"0","isLinked":false}},"elements":[{"id":"4d8d75aa","settings":{"_column_size":100,"_inline_size":null},"elements":[{"id":"613e3a51","settings":{"before_title":"Featured Products","title":"Featured Products","title_size":"h3","align":"center","before_title_typography_typography":"custom","before_title_typography_font_size":{"unit":"px","size":32,"sizes":[]},"before_title_typography_font_weight":"700","before_title_typography_line_height":{"unit":"px","size":20,"sizes":[]},"before_title_spacing":{"unit":"px","size":17,"sizes":[]},"title_color":"#1D2128","typography_typography":"custom","typography_font_size":{"unit":"px","size":36,"sizes":[]},"before_title_typography_font_size_mobile":{"unit":"px","size":24,"sizes":[]},"before_title_spacing_mobile":{"unit":"px","size":14,"sizes":[]},"spacing_mobile":{"unit":"px","size":5,"sizes":[]},"typography_font_size_mobile":{"unit":"px","size":28,"sizes":[]},"typography_font_weight":"700","spacing":{"unit":"px","size":10,"sizes":[]}},"elements":[],"isInner":false,"widgetType":"motta-heading","elType":"widget"},{"id":"17a24cfd","settings":{"before_title":"Featured Products","title":"Lorem ipsum dolor sit amet, consectetur adipisicing elit, sed do eiusmod tempor.","title_size":"p","align":"center","before_title_typography_typography":"custom","before_title_typography_font_size":{"unit":"px","size":32,"sizes":[]},"before_title_typography_font_weight":"700","before_title_typography_line_height":{"unit":"px","size":20,"sizes":[]},"before_title_spacing":{"unit":"px","size":17,"sizes":[]},"title_color":"#7C818B","typography_typography":"custom","typography_font_size":{"unit":"px","size":14,"sizes":[]},"typography_line_height":{"unit":"px","size":20,"sizes":[]},"before_title_typography_font_size_mobile":{"unit":"px","size":24,"sizes":[]},"before_title_spacing_mobile":{"unit":"px","size":14,"sizes":[]},"spacing_mobile":{"unit":"px","size":0,"sizes":[]}},"elements":[],"isInner":false,"widgetType":"motta-heading","elType":"widget"}],"isInner":false,"elType":"column"}],"isInner":false,"elType":"section"},{"id":"21be8f1e","settings":{"margin":{"unit":"px","top":"0","right":0,"bottom":"34","left":0,"isLinked":false},"margin_mobile":{"unit":"px","top":"0","right":0,"bottom":"27","left":0,"isLinked":false}},"elements":[{"id":"2ad6b458","settings":{"_column_size":100,"_inline_size":null,"padding_mobile":{"unit":"px","top":"0","right":"0","bottom":"0","left":"0","isLinked":true}},"elements":[{"id":"7843c0be","settings":{"groups":[{"title":"Popular Products","type":"featured_products","_id":"80678b8"},{"title":"New Arrivals","_id":"980dd7f"},{"title":"We Think You'll Love","type":"best_selling_products","_id":"91453f1"},{"_id":"3e45dc6","title":"Most-viewed Products","type":"top_rated_products"}],"category_tabs":[{"_id":"171a50e","category":"accessories-supplies"}],"tag_tabs":[{"_id":"4f08781","tag":"popular-products"},{"tag":"new-arrivals","_id":"0d7629b"},{"tag":"we-think-youll-love","_id":"1d4996c"},{"_id":"9f6d19e","tag":"most-viewed-products"}],"pagination_enable":"yes","_padding_mobile":{"unit":"px","top":"0","right":"16","bottom":"0","left":"16","isLinked":false},"columns":"5","products_border":"has-border","brand_tabs":[],"tabs_type":"tag","tab_typography_typography":"custom","tab_typography_font_size":{"unit":"px","size":18,"sizes":[]}},"elements":[],"isInner":false,"widgetType":"motta-products-tabs","elType":"widget"}],"isInner":false,"elType":"column"}],"isInner":false,"elType":"section"},{"id":"3ddfd901","settings":{"tablet_column_alignment":"column_xxs","mobile_column_alignment":"column_sm","structure":"40"},"elements":[{"id":"5d5c040","settings":{"_column_size":25,"_inline_size":null},"elements":[{"id":"c9a0bbf","settings":{"image":{"id":9726,"url":"https:\/\/motta.uix.store\/wp-content\/uploads\/2022\/07\/homev4-workspace.jpg","alt":"","source":"library"},"title":"Workspace","description":"Create space for productivity.","button_text":"Shop Furniture","sale_text":"From","sale_unit":"$15,90","height":{"unit":"px","size":368,"sizes":[]},"border_radius_img":{"unit":"px","top":"6","right":"6","bottom":"6","left":"6","isLinked":true},"slides_horizontal_position":"center","slides_text_align":"center","title_spacing":{"unit":"px","size":9,"sizes":[]},"title_spacing_mobile":{"unit":"px","size":6,"sizes":[]},"title_typography_typography":"custom","title_typography_font_size":{"unit":"px","size":28,"sizes":[]},"title_typography_font_size_mobile":{"unit":"px","size":18,"sizes":[]},"title_typography_font_weight":"700","title_typography_line_height":{"unit":"px","size":24,"sizes":[]},"title_color":"#3E3997","desc_spacing":{"unit":"px","size":11,"sizes":[]},"desc_typography_typography":"custom","desc_typography_line_height":{"unit":"px","size":20,"sizes":[]},"desc_color":"#3E3997","button_hide_on_mobile":"none","skin":"subtle","size":"medium","button_color":"#3E3997","sale_position_x":{"unit":"%","size":61,"sizes":[]},"sale_position_x_tablet":{"unit":"%","size":55,"sizes":[]},"sale_position_x_mobile":{"unit":"%","size":54,"sizes":[]},"sale_position_y":{"unit":"%","size":72,"sizes":[]},"sale_position_y_tablet":{"unit":"%","size":"","sizes":[]},"sale_position_y_mobile":{"unit":"%","size":68,"sizes":[]},"sale_text_color":"#C5EBF3","sale_text_typography_typography":"custom","sale_text_typography_font_size":{"unit":"px","size":13,"sizes":[]},"sale_text_typography_font_size_mobile":{"unit":"px","size":10,"sizes":[]},"sale_text_typography_font_weight":"700","sale_text_typography_line_height":{"unit":"px","size":16,"sizes":[]},"sale_text_typography_line_height_mobile":{"unit":"px","size":14,"sizes":[]},"sale_unit_color":"#C5EBF3","sale_unit_typography_typography":"custom","sale_unit_typography_font_size":{"unit":"px","size":13,"sizes":[]},"sale_unit_typography_font_size_mobile":{"unit":"px","size":10,"sizes":[]},"sale_unit_typography_font_weight":"700","sale_unit_typography_line_height":{"unit":"px","size":16,"sizes":[]},"sale_unit_typography_line_height_mobile":{"unit":"px","size":14,"sizes":[]},"sale_bgcolor":"#3E3997","sale_color":"#C5EBF3","sale_width":{"unit":"px","size":80,"sizes":[]},"sale_width_mobile":{"unit":"px","size":60,"sizes":[]},"sale_height":{"unit":"px","size":80,"sizes":[]},"sale_height_mobile":{"unit":"px","size":60,"sizes":[]},"banner_text_align":"center","banner_spacing":{"unit":"px","top":"38","right":"10","bottom":"0","left":"10","isLinked":false},"banner_spacing_mobile":{"unit":"px","top":"19","right":"10","bottom":"0","left":"10","isLinked":false},"primary_button_text":"Shop Furniture","primary_button_skin":"subtle","primary_button_options":"yes","primary_button_color":"#3E3997","primary_button_link":{"url":"https:\/\/motta.uix.store\/product-category\/homegarden\/irons-steamers\/","is_external":"","nofollow":"","custom_attributes":""},"youtube_url":"https:\/\/www.youtube.com\/watch?v=XHOmBV4js_E"},"elements":[],"isInner":false,"widgetType":"motta-banner","elType":"widget"}],"isInner":false,"elType":"column"},{"id":"28fa1721","settings":{"_column_size":25,"_inline_size":null},"elements":[{"id":"5e48f623","settings":{"image":{"id":9723,"url":"https:\/\/motta.uix.store\/wp-content\/uploads\/2022\/07\/homev4-clearance.jpg","alt":"","source":"library"},"title":"Clearance Sale","description":"Last chance to save on these deals.","button_text":"Shop Bags","sale_text":"Up to","sale_unit":"50% Off","height":{"unit":"px","size":368,"sizes":[]},"border_radius_img":{"unit":"px","top":"6","right":"6","bottom":"6","left":"6","isLinked":true},"slides_horizontal_position":"center","slides_text_align":"center","title_spacing":{"unit":"px","size":9,"sizes":[]},"title_spacing_mobile":{"unit":"px","size":6,"sizes":[]},"title_typography_typography":"custom","title_typography_font_size":{"unit":"px","size":28,"sizes":[]},"title_typography_font_size_mobile":{"unit":"px","size":18,"sizes":[]},"title_typography_font_weight":"700","title_typography_line_height":{"unit":"px","size":24,"sizes":[]},"title_color":"#3E362E","desc_spacing":{"unit":"px","size":11,"sizes":[]},"desc_typography_typography":"custom","desc_typography_line_height":{"unit":"px","size":20,"sizes":[]},"desc_color":"#3E362E","button_hide_on_mobile":"none","skin":"subtle","size":"medium","button_color":"#3E362E","sale_position_x":{"unit":"%","size":61,"sizes":[]},"sale_position_x_tablet":{"unit":"%","size":55,"sizes":[]},"sale_position_x_mobile":{"unit":"%","size":54,"sizes":[]},"sale_position_y":{"unit":"%","size":72,"sizes":[]},"sale_position_y_tablet":{"unit":"%","size":"","sizes":[]},"sale_position_y_mobile":{"unit":"%","size":68,"sizes":[]},"sale_text_color":"#F1D6BD","sale_text_typography_typography":"custom","sale_text_typography_font_size":{"unit":"px","size":13,"sizes":[]},"sale_text_typography_font_size_mobile":{"unit":"px","size":10,"sizes":[]},"sale_text_typography_font_weight":"700","sale_text_typography_line_height":{"unit":"px","size":16,"sizes":[]},"sale_text_typography_line_height_mobile":{"unit":"px","size":14,"sizes":[]},"sale_unit_color":"#F1D6BD","sale_unit_typography_typography":"custom","sale_unit_typography_font_size":{"unit":"px","size":13,"sizes":[]},"sale_unit_typography_font_size_mobile":{"unit":"px","size":10,"sizes":[]},"sale_unit_typography_font_weight":"700","sale_unit_typography_line_height":{"unit":"px","size":16,"sizes":[]},"sale_unit_typography_line_height_mobile":{"unit":"px","size":14,"sizes":[]},"sale_bgcolor":"#3E362E","sale_color":"#F1D6BD","sale_width":{"unit":"px","size":80,"sizes":[]},"sale_width_mobile":{"unit":"px","size":60,"sizes":[]},"sale_height":{"unit":"px","size":80,"sizes":[]},"sale_height_mobile":{"unit":"px","size":60,"sizes":[]},"banner_text_align":"center","banner_spacing":{"unit":"px","top":"38","right":"10","bottom":"0","left":"10","isLinked":false},"banner_spacing_mobile":{"unit":"px","top":"19","right":"10","bottom":"0","left":"10","isLinked":false},"primary_button_text":"Shop Bags","primary_button_skin":"subtle","primary_button_options":"yes","primary_button_color":"#3E362E","primary_button_link":{"url":"https:\/\/motta.uix.store\/product-category\/fashion\/man\/accessories-man\/","is_external":"","nofollow":"","custom_attributes":""},"youtube_url":"https:\/\/www.youtube.com\/watch?v=XHOmBV4js_E"},"elements":[],"isInner":false,"widgetType":"motta-banner","elType":"widget"}],"isInner":false,"elType":"column"},{"id":"799f79b4","settings":{"_column_size":25,"_inline_size":null},"elements":[{"id":"681c7c6f","settings":{"image":{"id":9724,"url":"https:\/\/motta.uix.store\/wp-content\/uploads\/2022\/07\/homev4-steel-package.jpg","alt":"","source":"library"},"title":"Steel Package","description":"Saving on select appliances.","button_text":"Shop Appliances","sale_text":"Save","sale_unit":"$199,90","height":{"unit":"px","size":368,"sizes":[]},"border_radius_img":{"unit":"px","top":"6","right":"6","bottom":"6","left":"6","isLinked":true},"slides_horizontal_position":"center","slides_text_align":"center","title_spacing":{"unit":"px","size":9,"sizes":[]},"title_spacing_mobile":{"unit":"px","size":6,"sizes":[]},"title_typography_typography":"custom","title_typography_font_size":{"unit":"px","size":28,"sizes":[]},"title_typography_font_size_mobile":{"unit":"px","size":16,"sizes":[]},"title_typography_font_weight":"700","title_typography_line_height":{"unit":"px","size":24,"sizes":[]},"title_color":"#E9D281","desc_spacing":{"unit":"px","size":11,"sizes":[]},"desc_typography_typography":"custom","desc_typography_line_height":{"unit":"px","size":20,"sizes":[]},"desc_color":"#E9D281","button_hide_on_mobile":"none","skin":"subtle","size":"medium","button_color":"#E9D281","sale_position_x":{"unit":"%","size":61,"sizes":[]},"sale_position_x_tablet":{"unit":"%","size":55,"sizes":[]},"sale_position_x_mobile":{"unit":"%","size":54,"sizes":[]},"sale_position_y":{"unit":"%","size":72,"sizes":[]},"sale_position_y_tablet":{"unit":"%","size":"","sizes":[]},"sale_position_y_mobile":{"unit":"%","size":68,"sizes":[]},"sale_text_color":"#453F3F","sale_text_typography_typography":"custom","sale_text_typography_font_size":{"unit":"px","size":13,"sizes":[]},"sale_text_typography_font_size_mobile":{"unit":"px","size":10,"sizes":[]},"sale_text_typography_font_weight":"700","sale_text_typography_line_height":{"unit":"px","size":16,"sizes":[]},"sale_text_typography_line_height_mobile":{"unit":"px","size":14,"sizes":[]},"sale_unit_color":"#453F3F","sale_unit_typography_typography":"custom","sale_unit_typography_font_size":{"unit":"px","size":13,"sizes":[]},"sale_unit_typography_font_size_mobile":{"unit":"px","size":10,"sizes":[]},"sale_unit_typography_font_weight":"700","sale_unit_typography_line_height":{"unit":"px","size":16,"sizes":[]},"sale_unit_typography_line_height_mobile":{"unit":"px","size":14,"sizes":[]},"sale_bgcolor":"#E9D281","sale_color":"#453F3F","sale_width":{"unit":"px","size":80,"sizes":[]},"sale_width_mobile":{"unit":"px","size":60,"sizes":[]},"sale_height":{"unit":"px","size":80,"sizes":[]},"sale_height_mobile":{"unit":"px","size":60,"sizes":[]},"banner_text_align":"center","banner_spacing":{"unit":"px","top":"38","right":"10","bottom":"0","left":"10","isLinked":false},"banner_spacing_mobile":{"unit":"px","top":"19","right":"10","bottom":"0","left":"10","isLinked":false},"primary_button_text":"Shop Appliances","primary_button_skin":"subtle","primary_button_options":"yes","primary_button_color":"#E9D281","primary_button_link":{"url":"https:\/\/motta.uix.store\/product-category\/electronics\/?products_group=sale","is_external":"","nofollow":"","custom_attributes":""},"youtube_url":"https:\/\/www.youtube.com\/watch?v=XHOmBV4js_E"},"elements":[],"isInner":false,"widgetType":"motta-banner","elType":"widget"}],"isInner":false,"elType":"column"},{"id":"48e33427","settings":{"_column_size":25,"_inline_size":null},"elements":[{"id":"1e76ab1b","settings":{"image":{"id":9725,"url":"https:\/\/motta.uix.store\/wp-content\/uploads\/2022\/07\/homev4-supplements.jpg","alt":"","source":"library"},"title":"Supplements","description":"Welcome your wellness.","button_text":"Shop Wellness","sale_text":"Under","sale_unit":"$8,90","height":{"unit":"px","size":368,"sizes":[]},"border_radius_img":{"unit":"px","top":"6","right":"6","bottom":"6","left":"6","isLinked":true},"slides_horizontal_position":"center","slides_text_align":"center","title_spacing":{"unit":"px","size":9,"sizes":[]},"title_spacing_mobile":{"unit":"px","size":6,"sizes":[]},"title_typography_typography":"custom","title_typography_font_size":{"unit":"px","size":28,"sizes":[]},"title_typography_font_size_mobile":{"unit":"px","size":16,"sizes":[]},"title_typography_font_weight":"700","title_typography_line_height":{"unit":"px","size":24,"sizes":[]},"title_color":"#460D6D","desc_spacing":{"unit":"px","size":11,"sizes":[]},"desc_typography_typography":"custom","desc_typography_line_height":{"unit":"px","size":20,"sizes":[]},"desc_color":"#460D6D","button_hide_on_mobile":"none","skin":"subtle","size":"medium","button_color":"#460D6D","sale_position_x":{"unit":"%","size":61,"sizes":[]},"sale_position_x_tablet":{"unit":"%","size":55,"sizes":[]},"sale_position_x_mobile":{"unit":"%","size":54,"sizes":[]},"sale_position_y":{"unit":"%","size":72,"sizes":[]},"sale_position_y_tablet":{"unit":"%","size":"","sizes":[]},"sale_position_y_mobile":{"unit":"%","size":68,"sizes":[]},"sale_text_color":"#FFFFFF","sale_text_typography_typography":"custom","sale_text_typography_font_size":{"unit":"px","size":13,"sizes":[]},"sale_text_typography_font_size_mobile":{"unit":"px","size":10,"sizes":[]},"sale_text_typography_font_weight":"700","sale_text_typography_line_height":{"unit":"px","size":16,"sizes":[]},"sale_text_typography_line_height_mobile":{"unit":"px","size":14,"sizes":[]},"sale_unit_color":"#FFFFFF","sale_unit_typography_typography":"custom","sale_unit_typography_font_size":{"unit":"px","size":13,"sizes":[]},"sale_unit_typography_font_size_mobile":{"unit":"px","size":10,"sizes":[]},"sale_unit_typography_font_weight":"700","sale_unit_typography_line_height":{"unit":"px","size":16,"sizes":[]},"sale_unit_typography_line_height_mobile":{"unit":"px","size":14,"sizes":[]},"sale_bgcolor":"#460D6D","sale_color":"#FFFFFF","sale_width":{"unit":"px","size":80,"sizes":[]},"sale_width_mobile":{"unit":"px","size":60,"sizes":[]},"sale_height":{"unit":"px","size":80,"sizes":[]},"sale_height_mobile":{"unit":"px","size":60,"sizes":[]},"banner_text_align":"center","banner_spacing":{"unit":"px","top":"38","right":"10","bottom":"0","left":"10","isLinked":false},"banner_spacing_mobile":{"unit":"px","top":"19","right":"10","bottom":"0","left":"10","isLinked":false},"primary_button_text":"Shop Wellness","primary_button_skin":"subtle","primary_button_options":"yes","primary_button_color":"#460D6D","primary_button_link":{"url":"https:\/\/motta.uix.store\/product-category\/beauty-health\/health\/home-health-care\/","is_external":"","nofollow":"","custom_attributes":""},"youtube_url":"https:\/\/www.youtube.com\/watch?v=XHOmBV4js_E"},"elements":[],"isInner":false,"widgetType":"motta-banner","elType":"widget"}],"isInner":false,"elType":"column"}],"isInner":false,"elType":"section"},{"id":"17769728","settings":[],"elements":[{"id":"7f4dd819","settings":{"_column_size":100,"_inline_size":null},"elements":[{"id":"3921a9d4","settings":{"title":"Explore our Exclusive Brands","button_text_mobile":"See All","link":{"url":"#","is_external":"","nofollow":"","custom_attributes":""},"title_size":"div","align":"center","align_mobile":"space-between","typography_font_size":{"unit":"px","size":28,"sizes":[]},"typography_font_size_mobile":{"unit":"px","size":18,"sizes":[]},"typography_font_weight":"500","typography_line_height":{"unit":"px","size":20,"sizes":[]},"_padding":{"unit":"px","top":"37","right":"0","bottom":"0","left":"0","isLinked":false},"_padding_mobile":{"unit":"px","top":"7","right":"0","bottom":"0","left":"0","isLinked":false},"button_typography_mobile_typography":"custom","button_color_mobile":"#1D2128","size":"large","primary_mobile_button_text":"See All","primary_button_link":{"url":"#","is_external":"","nofollow":"","custom_attributes":""},"typography_typography":"custom"},"elements":[],"isInner":false,"widgetType":"motta-heading","elType":"widget"}],"isInner":false,"elType":"column"}],"isInner":false,"elType":"section"},{"id":"364dff2d","settings":{"gap":"wider","content_position":"middle","stretch_section":"section-stretched","tablet_column_alignment":"column_xxxs","mobile_column_alignment":"column_xs","structure":"50","margin":{"unit":"px","top":"-15","right":0,"bottom":"0","left":0,"isLinked":false},"margin_tablet":{"unit":"px","top":"0","right":0,"bottom":"0","left":0,"isLinked":true},"margin_mobile":{"unit":"px","top":"","right":0,"bottom":"","left":0,"isLinked":true}},"elements":[{"id":"59677820","settings":{"_column_size":20,"_inline_size":null},"elements":[{"id":"15473b81","settings":{"image_size":"full","_padding_tablet":{"unit":"px","top":"0","right":"33","bottom":"0","left":"0","isLinked":false},"image":{"url":"http:\/\/localhost\/dev\/motta\/wp-content\/uploads\/sites\/12\/2022\/07\/homev4-brand1.png","id":9730,"alt":"","source":"library"},"link_to":"custom","link":{"url":"https:\/\/motta.uix.store\/blog\/product-brand\/muuto\/","is_external":"","nofollow":"","custom_attributes":""}},"elements":[],"isInner":false,"widgetType":"image","elType":"widget"}],"isInner":false,"elType":"column"},{"id":"4dcec83a","settings":{"_column_size":20,"_inline_size":null},"elements":[{"id":"359f2617","settings":{"image_size":"full","_padding_tablet":{"unit":"px","top":"0","right":"33","bottom":"0","left":"0","isLinked":false},"image":{"url":"http:\/\/localhost\/dev\/motta\/wp-content\/uploads\/sites\/12\/2022\/07\/homev4-brand2.png","id":9731,"alt":"","source":"library"},"link_to":"custom","link":{"url":"https:\/\/motta.uix.store\/blog\/product-brand\/dyson\/","is_external":"","nofollow":"","custom_attributes":""}},"elements":[],"isInner":false,"widgetType":"image","elType":"widget"}],"isInner":false,"elType":"column"},{"id":"1934cb60","settings":{"_column_size":20,"_inline_size":null},"elements":[{"id":"4adc7ddb","settings":{"image_size":"full","_padding_tablet":{"unit":"px","top":"0","right":"33","bottom":"0","left":"0","isLinked":false},"image":{"url":"http:\/\/localhost\/dev\/motta\/wp-content\/uploads\/sites\/12\/2022\/07\/homev4-brand3.png","id":9732,"alt":"","source":"library"},"link_to":"custom","link":{"url":"https:\/\/motta.uix.store\/blog\/product-brand\/xbox\/","is_external":"","nofollow":"","custom_attributes":""}},"elements":[],"isInner":false,"widgetType":"image","elType":"widget"}],"isInner":false,"elType":"column"},{"id":"79c51a80","settings":{"_column_size":20,"_inline_size":null},"elements":[{"id":"62f2a023","settings":{"image_size":"full","_padding_tablet":{"unit":"px","top":"0","right":"33","bottom":"0","left":"0","isLinked":false},"image":{"url":"http:\/\/localhost\/dev\/motta\/wp-content\/uploads\/sites\/12\/2022\/07\/homev4-brand4.png","id":9733,"alt":"","source":"library"},"link_to":"custom","link":{"url":"https:\/\/motta.uix.store\/blog\/product-brand\/smeg\/","is_external":"","nofollow":"","custom_attributes":""}},"elements":[],"isInner":false,"widgetType":"image","elType":"widget"}],"isInner":false,"elType":"column"},{"id":"4d9d2156","settings":{"_column_size":20,"_inline_size":null},"elements":[{"id":"2f4c95e6","settings":{"image_size":"full","_padding_tablet":{"unit":"px","top":"0","right":"33","bottom":"0","left":"0","isLinked":false},"image":{"url":"http:\/\/localhost\/dev\/motta\/wp-content\/uploads\/sites\/12\/2022\/07\/homev4-brand5.png","id":9734,"alt":"","source":"library"},"link_to":"custom","link":{"url":"https:\/\/motta.uix.store\/blog\/product-brand\/moncler\/","is_external":"","nofollow":"","custom_attributes":""}},"elements":[],"isInner":false,"widgetType":"image","elType":"widget"}],"isInner":false,"elType":"column"}],"isInner":false,"elType":"section"}],"page_settings":{"footer_mobile_layout":"4179","motta_hide_header_section":"default","motta_hide_topbar":"default","motta_hide_campain_bar":"default","motta_hide_page_header":"1","motta_hide_title":"default","motta_hide_breadcrumb":"default","motta_content_top_spacing":"no","motta_content_top_padding":{"unit":"px","size":"63","sizes":[]},"motta_content_bottom_spacing":"no","motta_content_bottom_padding":{"unit":"px","size":"63","sizes":[]},"motta_hide_footer_section":"default","header_layout":"v4","footer_layout":"3651"},"version":"0.4","title":"home-v4","type":"page"}