{"content":[{"id":"d32e8e5","settings":{"structure":"30","tablet_column_alignment":"column_sm","mobile_column_alignment":"column_lg","gap_columns_custom":{"unit":"px","size":8,"sizes":[]},"margin":{"unit":"px","top":"4","right":0,"bottom":"-8","left":0,"isLinked":false},"margin_mobile":{"unit":"px","top":"8","right":0,"bottom":"-4","left":0,"isLinked":false}},"elements":[{"id":"312a2270","settings":{"_column_size":33,"_inline_size":null},"elements":[{"id":"53257755","settings":{"image":{"id":18532,"url":"https:\/\/motta.uix.store\/electronic\/wp-content\/uploads\/sites\/6\/2022\/10\/discoverzone-img.png","alt":"","source":"library"},"title_type":"external","title":"This is title","title_image":{"id":11602,"url":"http:\/\/localhost\/dev\/motta\/wp-content\/uploads\/sites\/12\/2022\/08\/homev8-pcb-t01.png","alt":"","source":"library"},"description":"Great Gear, Awesome prices","link":{"url":"#","is_external":"","nofollow":"","custom_attributes":""},"description_typography_typography":"custom","description_typography_font_size":{"unit":"px","size":11,"sizes":[]},"description_typography_font_weight":"500","description_typography_text_transform":"uppercase","description_typography_line_height":{"unit":"px","size":14,"sizes":[]},"description_color":"#D1005E","_padding_mobile":{"unit":"px","top":"4","right":"22","bottom":"8","left":"22","isLinked":false},"icon_button":"yes","image_size":"custom","image_custom_dimension":{"width":"66","height":"51"},"icon_size":{"unit":"px","size":21,"sizes":[]},"icon_color":"#D1005E","image_position":"after","flexible_items":"flex","image_spacing":{"unit":"px","size":10,"sizes":[]},"_padding":{"unit":"px","top":"4","right":"32","bottom":"3","left":"32","isLinked":false},"_border_border":"solid","_border_width":{"unit":"px","top":"1","right":"1","bottom":"1","left":"1","isLinked":true},"_border_color":"#ECF0F4","_border_radius":{"unit":"px","top":"30","right":"30","bottom":"30","left":"30","isLinked":true},"primary_button_link":{"url":"https:\/\/motta.uix.store\/electronic\/product-category\/cameras\/cameras-lenses\/","is_external":"","nofollow":"","custom_attributes":""},"primary_button_selected_icon":{"value":{"url":"https:\/\/motta.uix.store\/electronic\/wp-content\/uploads\/sites\/6\/2022\/10\/homev8-pr-arrow.svg","id":18627},"library":"svg"},"primary_button_skin":"text","primary_button_options":"yes","primary_button_color":"#D1005E","external_url":"https:\/\/motta.uix.store\/wp-content\/uploads\/2022\/08\/discoverzone.svg","title_spacing_mobile":{"unit":"px","size":0,"sizes":[]},"title_spacing":{"unit":"px","size":6,"sizes":[]},"title_typography_typography":"custom","title_typography_font_size":{"unit":"px","size":0,"sizes":[]},"title_typography_line_height":{"unit":"px","size":1,"sizes":[]},"button_link_type":"all"},"elements":[],"isInner":false,"widgetType":"motta-image-box","elType":"widget"}],"isInner":false,"elType":"column"},{"id":"37e01976","settings":{"_column_size":33,"_inline_size":null},"elements":[{"id":"7d85c2","settings":{"image":{"id":18533,"url":"https:\/\/motta.uix.store\/electronic\/wp-content\/uploads\/sites\/6\/2022\/10\/gamerdays-img.png","alt":"","source":"library"},"title_type":"external","title":"This is title","title_image":{"id":11603,"url":"http:\/\/localhost\/dev\/motta\/wp-content\/uploads\/sites\/12\/2022\/08\/homev8-pcb-t02.png","alt":"","source":"library"},"description":"save up to $99 on Gamer pc","link":{"url":"#","is_external":"","nofollow":"","custom_attributes":""},"description_typography_typography":"custom","description_typography_font_size":{"unit":"px","size":11,"sizes":[]},"description_typography_font_weight":"500","description_typography_text_transform":"uppercase","description_typography_line_height":{"unit":"px","size":14,"sizes":[]},"description_color":"#1326DB","_padding_mobile":{"unit":"px","top":"4","right":"22","bottom":"8","left":"22","isLinked":false},"icon_button":"yes","image_size":"custom","image_custom_dimension":{"width":"66","height":"51"},"icon_size":{"unit":"px","size":21,"sizes":[]},"icon_color":"#1326DB","image_position":"after","flexible_items":"flex","image_spacing":{"unit":"px","size":23,"sizes":[]},"_padding":{"unit":"px","top":"4","right":"32","bottom":"3","left":"32","isLinked":false},"_border_border":"solid","_border_width":{"unit":"px","top":"1","right":"1","bottom":"1","left":"1","isLinked":true},"_border_color":"#ECF0F4","_border_radius":{"unit":"px","top":"30","right":"30","bottom":"30","left":"30","isLinked":true},"primary_button_selected_icon":{"value":{"url":"https:\/\/motta.uix.store\/electronic\/wp-content\/uploads\/sites\/6\/2022\/10\/homev8-pr-arrow.svg","id":18627},"library":"svg"},"primary_button_skin":"text","primary_button_options":"yes","primary_button_color":"#1326DB","external_url":"https:\/\/motta.uix.store\/wp-content\/uploads\/2022\/08\/gamerdays.svg","title_spacing_mobile":{"unit":"px","size":0,"sizes":[]},"primary_button_link":{"url":"https:\/\/motta.uix.store\/electronic\/product-category\/headphones\/","is_external":"","nofollow":"","custom_attributes":""},"title_spacing":{"unit":"px","size":6,"sizes":[]},"title_typography_typography":"custom","title_typography_font_size":{"unit":"px","size":0,"sizes":[]},"title_typography_line_height":{"unit":"px","size":1,"sizes":[]},"button_link_type":"all"},"elements":[],"isInner":false,"widgetType":"motta-image-box","elType":"widget"}],"isInner":false,"elType":"column"},{"id":"64f3e09d","settings":{"_column_size":33,"_inline_size":null},"elements":[{"id":"2c2f6ef0","settings":{"image":{"id":18531,"url":"https:\/\/motta.uix.store\/electronic\/wp-content\/uploads\/sites\/6\/2022\/10\/clearance-img.png","alt":"","source":"library"},"title_type":"external","title":"This is title","title_image":{"id":11604,"url":"http:\/\/localhost\/dev\/motta\/wp-content\/uploads\/sites\/12\/2022\/08\/homev8-pcb-t03.png","alt":"","source":"library"},"description":"Up to 20% off Laptops ","link":{"url":"#","is_external":"","nofollow":"","custom_attributes":""},"description_typography_typography":"custom","description_typography_font_size":{"unit":"px","size":11,"sizes":[]},"description_typography_font_weight":"500","description_typography_text_transform":"uppercase","description_typography_line_height":{"unit":"px","size":14,"sizes":[]},"description_color":"#1D2128","_padding_mobile":{"unit":"px","top":"4","right":"22","bottom":"8","left":"22","isLinked":false},"icon_button":"yes","image_size":"custom","image_custom_dimension":{"width":"66","height":"51"},"icon_size":{"unit":"px","size":21,"sizes":[]},"icon_color":"#1D2128","image_position":"after","flexible_items":"flex","image_spacing":{"unit":"px","size":36,"sizes":[]},"_padding":{"unit":"px","top":"4","right":"32","bottom":"3","left":"32","isLinked":false},"_border_border":"solid","_border_width":{"unit":"px","top":"1","right":"1","bottom":"1","left":"1","isLinked":true},"_border_color":"#ECF0F4","_border_radius":{"unit":"px","top":"30","right":"30","bottom":"30","left":"30","isLinked":true},"primary_button_selected_icon":{"value":{"url":"https:\/\/motta.uix.store\/electronic\/wp-content\/uploads\/sites\/6\/2022\/10\/homev8-pr-arrow.svg","id":18627},"library":"svg"},"primary_button_skin":"text","external_url":"https:\/\/motta.uix.store\/wp-content\/uploads\/2022\/08\/clearance.svg","title_spacing_mobile":{"unit":"px","size":0,"sizes":[]},"primary_button_link":{"url":"https:\/\/motta.uix.store\/electronic\/product-category\/laptops-computers\/laptops\/","is_external":"","nofollow":"","custom_attributes":""},"title_spacing":{"unit":"px","size":6,"sizes":[]},"title_typography_typography":"custom","title_typography_font_size":{"unit":"px","size":0,"sizes":[]},"title_typography_line_height":{"unit":"px","size":1,"sizes":[]},"button_link_type":"all"},"elements":[],"isInner":false,"widgetType":"motta-image-box","elType":"widget"}],"isInner":false,"elType":"column"}],"isInner":false,"elType":"section"},{"id":"3197cbef","settings":{"structure":"21"},"elements":[{"id":"567fa913","settings":{"_column_size":33,"_inline_size":25,"hide_tablet":"hidden-tablet","hide_mobile":"hidden-mobile","_inline_size_tablet":100},"elements":[{"id":"6f20e9fa","settings":{"list_menu":"category-menu-home-7","_border_border":"solid","_border_width":{"unit":"px","top":"1","right":"1","bottom":"1","left":"1","isLinked":true},"_border_color":"#ECF0F4","_border_radius":{"unit":"px","top":"16","right":"16","bottom":"16","left":"16","isLinked":true}},"elements":[],"isInner":false,"widgetType":"motta-advanced-menu","elType":"widget"}],"isInner":false,"elType":"column"},{"id":"4de460a0","settings":{"_column_size":66,"_inline_size":74.665,"_inline_size_tablet":100},"elements":[{"id":"7856dfc7","settings":{"slides":[{"title":"Galaxy S21 Ultra","description":"The highest resolution photos and video<br>\non a smartphone.","button_text":"Shop Now","_id":"7350d46","banner_background_img":{"url":"","id":"","alt":"","source":"library"},"background_size":"contain","background_position":"right bottom","background_position_mobile":"center top","background_repeat":"no-repeat","before_title":"<img class=\"alignnone size-full wp-image-3094\" src=\"http:\/\/localhost\/motta\/wp-content\/uploads\/sites\/30\/2022\/07\/home8-slider01.png\" alt=\"\" width=\"76\" height=\"12\" \/>","button_text_2":"Learn More","link_2":{"url":"#","is_external":"","nofollow":"","custom_attributes":""},"subtitle_image":{"id":13530,"url":"https:\/\/motta.uix.store\/wp-content\/uploads\/2022\/08\/homev8-slider-title1.png","alt":"","source":"library"},"subtitle_type":"image","image":{"id":20150,"url":"https:\/\/motta.uix.store\/electronic\/wp-content\/uploads\/sites\/6\/2023\/03\/homev8-slider01.jpg","alt":"","source":"library","size":""},"background_color_mobile":"#ECF0F4","custom_style":"yes","image_background_size_mobile":"cover","image_background_position_mobile":"center top","primary_button_text":"Shop Now","primary_button_link":{"url":"https:\/\/motta.uix.store\/electronic\/product\/galaxy-s20-5g-uw-128gb-cosmic-gray\/","is_external":"","nofollow":"","custom_attributes":""},"second_button_text":"Learn More","second_button_link":{"url":"https:\/\/motta.uix.store\/electronic\/product-category\/cell-phones\/cell-phones-cell-phones\/","is_external":"","nofollow":"","custom_attributes":""}},{"title":"Save on <br class=\"hidden-xs\" \/>\nselect 4K TVs","description":"Free shipping. Installation available.","button_text":"Shop Now","_id":"c2d38bb","banner_background_img":{"id":"","url":""},"background_size":"contain","background_position":"right bottom","background_repeat":"no-repeat","before_title":"<img class=\"alignnone size-full wp-image-3123\" src=\"http:\/\/localhost\/motta\/wp-content\/uploads\/sites\/30\/2022\/07\/home8-slider02.png\" alt=\"\" width=\"64\" height=\"11\" \/>","button_text_2":"Learn More","link_2":{"url":"#","is_external":"","nofollow":"","custom_attributes":""},"custom_style":"yes","title_custom_typography_typography":"custom","title_custom_typography_line_height":{"unit":"px","size":40,"sizes":[]},"background_position_mobile":"center top","title_custom_typography_line_height_mobile":{"unit":"px","size":"","sizes":[]},"subtitle_image":{"id":13531,"url":"https:\/\/motta.uix.store\/wp-content\/uploads\/2022\/08\/homev8-slider-title2.png","alt":"","source":"library"},"subtitle_type":"image","image":{"url":"https:\/\/motta.uix.store\/electronic\/wp-content\/uploads\/sites\/6\/2023\/03\/homev8-slider02.jpg","id":20151,"alt":"","source":"library","size":""},"primary_button_text":"Shop Now","primary_button_link":{"url":"https:\/\/motta.uix.store\/electronic\/product\/lenovo-81jw0001us-chromebook-s330-14-hd-display\/","is_external":"","nofollow":"","custom_attributes":""},"second_button_text":"Learn More","second_button_link":{"url":"https:\/\/motta.uix.store\/electronic\/product-category\/tvs-video\/tvs\/","is_external":"","nofollow":"","custom_attributes":""},"background_color_mobile":"#ECF0F4"},{"title":"EarBuds","description":"Headphone sound. Earphone size.","button_text":"Shop Now","_id":"987c225","banner_background_img":{"id":"","url":""},"background_size":"contain","background_position":"right bottom","background_repeat":"no-repeat","before_title":"<img class=\"alignnone size-full wp-image-3125\" src=\"http:\/\/localhost\/motta\/wp-content\/uploads\/sites\/30\/2022\/07\/home8-slider03.png\" alt=\"\" width=\"63\" height=\"8\" \/>","button_text_2":"Learn More","link_2":{"url":"#","is_external":"","nofollow":"","custom_attributes":""},"background_position_mobile":"center top","subtitle_image":{"id":13532,"url":"https:\/\/motta.uix.store\/wp-content\/uploads\/2022\/08\/homev8-slider-title3.png","alt":"","source":"library"},"subtitle_type":"image","before_description":"Bose QuietComfort\u00ae Earbuds","image":{"url":"https:\/\/motta.uix.store\/electronic\/wp-content\/uploads\/sites\/6\/2023\/03\/homev8-slider03.jpg","id":20152,"alt":"","source":"library","size":""},"primary_button_text":"Shop Now","primary_button_link":{"url":"https:\/\/motta.uix.store\/electronic\/product\/explorer-505-bluetooth-headset-black\/","is_external":"","nofollow":"","custom_attributes":""},"second_button_text":"Learn More","second_button_link":{"url":"https:\/\/motta.uix.store\/electronic\/product-category\/headphones\/earbud-in-ear-headphones\/","is_external":"","nofollow":"","custom_attributes":""},"background_color_mobile":"#ECF0F4"},{"title":"Easy does it all","description":"The new iPad is designed for all the <br>\nthings you love to do.","button_text":"Shop Now","banner_background_img":{"id":"","url":""},"background_size":"contain","background_position":"right bottom","background_repeat":"no-repeat","before_title":"<img class=\"alignnone size-full wp-image-3127\" src=\"http:\/\/localhost\/motta\/wp-content\/uploads\/sites\/30\/2022\/07\/home8-slider04.png\" alt=\"\" width=\"24\" height=\"29\" \/>","button_text_2":"Learn More","link_2":{"url":"#","is_external":"","nofollow":"","custom_attributes":""},"_id":"a4a0b1d","background_position_mobile":"center top","subtitle_image":{"id":13533,"url":"https:\/\/motta.uix.store\/wp-content\/uploads\/2022\/08\/homev8-slider-title4.png","alt":"","source":"library"},"subtitle_type":"image","image":{"url":"https:\/\/motta.uix.store\/electronic\/wp-content\/uploads\/sites\/6\/2023\/03\/homev8-slider04.jpg","id":20153,"alt":"","source":"library","size":""},"primary_button_text":"Shop Now","primary_button_link":{"url":"https:\/\/motta.uix.store\/electronic\/product\/11-inch-tablet-pro-2020-space-gray\/","is_external":"","nofollow":"","custom_attributes":""},"second_button_text":"Learn More","second_button_link":{"url":"https:\/\/motta.uix.store\/electronic\/product-category\/ipads-tablets\/ipad\/","is_external":"","nofollow":"","custom_attributes":""},"background_color_mobile":"#ECF0F4"}],"autoplay":"","slides_height_mobile":{"unit":"px","size":538,"sizes":[]},"navigation_mobile":"dots","slides_vertical_position_mobile":"bottom","slides_text_align_mobile":"center","slides_height":{"unit":"px","size":478,"sizes":[]},"navigation":"dots","slides_horizontal_position":"left","slides_vertical_position":"middle","before_title_spacing":{"unit":"px","size":11,"sizes":[]},"title_color":"#1D2128","title_typography_typography":"custom","title_typography_font_size":{"unit":"px","size":34,"sizes":[]},"title_typography_font_weight":"700","title_spacing":{"unit":"px","size":6,"sizes":[]},"description_color":"#1D2128","description_typography_typography":"custom","description_typography_font_size":{"unit":"px","size":16,"sizes":[]},"description_typography_line_height":{"unit":"px","size":20,"sizes":[]},"description_spacing":{"unit":"px","size":18,"sizes":[]},"skin":"base","shape":"circle","_border_border":"solid","_border_width":{"unit":"px","top":"1","right":"1","bottom":"1","left":"1","isLinked":true},"_border_color":"#ECF0F4","_border_radius":{"unit":"px","top":"16","right":"16","bottom":"16","left":"16","isLinked":true},"slides_width":{"unit":"%","size":100,"sizes":[]},"slides_padding_mobile":{"unit":"px","top":"0","right":"0","bottom":"43","left":"0","isLinked":false},"slides_horizontal_position_mobile":"left","title_typography_font_size_mobile":{"unit":"px","size":24,"sizes":[]},"description_typography_font_size_mobile":{"unit":"px","size":14,"sizes":[]},"description_typography_line_height_mobile":{"unit":"px","size":16,"sizes":[]},"sliders_background_color_mobile":"#ECF0F4","before_title_spacing_mobile":{"unit":"px","size":8,"sizes":[]},"title_spacing_mobile":{"unit":"px","size":3,"sizes":[]},"description_spacing_mobile":{"unit":"px","size":12,"sizes":[]},"subtitle_spacing":{"unit":"px","size":12,"sizes":[]},"slides_radius_mobile":{"unit":"px","top":"16","right":"16","bottom":"16","left":"16","isLinked":true},"background_color_mobile":"#ECF0F4","slides_padding":{"unit":"px","top":"0","right":"30","bottom":"0","left":"0","isLinked":false},"slides_content_width":{"unit":"px","size":345,"sizes":[]},"slides_content_padding":{"unit":"px","top":"30","right":"0","bottom":"30","left":"60","isLinked":false},"slides_content_width_mobile":{"unit":"%","size":100,"sizes":[]},"slides_content_padding_mobile":{"unit":"px","top":"20","right":"0","bottom":"0","left":"0","isLinked":false},"image_custom_height_mobile":{"unit":"%","size":100,"sizes":[]},"subtitle_spacing_mobile":{"unit":"px","size":8,"sizes":[]},"sliders_dots_vertical_spacing_mobile":{"unit":"px","size":9,"sizes":[]},"primary_button_options":"yes","second_button_options":"yes","second_button_border_color":"#554444","primary_button_typography_typography":"custom","primary_button_typography_font_size_mobile":{"unit":"px","size":12,"sizes":[]},"primary_button_width_mobile":{"unit":"px","size":90,"sizes":[]},"primary_button_height_mobile":{"unit":"px","size":32,"sizes":[]},"slides_text_align":"","second_button_typography_typography":"custom","second_button_typography_font_size_mobile":{"unit":"px","size":12,"sizes":[]}},"elements":[],"isInner":false,"widgetType":"motta-slides","elType":"widget"}],"isInner":false,"elType":"column"}],"isInner":false,"elType":"section"},{"id":"65ce1cc5","settings":[],"elements":[{"id":"1b3f7883","settings":{"_column_size":100,"_inline_size":null},"elements":[{"id":"6677fd36","settings":{"title":"Our Featured Offers","button_text":"See All Offers","button_text_mobile":"See All","link":{"url":"#","is_external":"","nofollow":"","custom_attributes":""},"title_size":"div","typography_typography":"custom","typography_font_size":{"unit":"px","size":24,"sizes":[]},"typography_font_weight":"500","typography_line_height":{"unit":"px","size":32,"sizes":[]},"typography_font_size_mobile":{"unit":"px","size":18,"sizes":[]},"_padding":{"unit":"px","top":"13","right":"0","bottom":"0","left":"0","isLinked":false},"_padding_mobile":{"unit":"px","top":"0","right":"0","bottom":"0","left":"0","isLinked":false},"primary_button_text":"See All Offers","primary_mobile_button_text":"See All","primary_button_link":{"url":"https:\/\/motta.uix.store\/electronic\/shop\/","is_external":"","nofollow":"","custom_attributes":""}},"elements":[],"isInner":false,"widgetType":"motta-heading","elType":"widget"}],"isInner":false,"elType":"column"}],"isInner":false,"elType":"section"},{"id":"16dfb147","settings":{"border_border":"solid","border_width":{"unit":"px","top":"0","right":"0","bottom":"0","left":"0","isLinked":false},"border_width_mobile":{"unit":"px","top":"4","right":"0","bottom":"0","left":"0","isLinked":false},"border_color":"#ECF0F4","padding_mobile":{"unit":"px","top":"0","right":"0","bottom":"15","left":"0","isLinked":false},"padding":{"unit":"px","top":"0","right":"0","bottom":"8","left":"0","isLinked":false}},"elements":[{"id":"4c480226","settings":{"_column_size":100,"_inline_size":null},"elements":[{"id":"22a1d035","settings":{"autoplay":"","title":"<img class=\"alignnone size-full wp-image-2989\" src=\"http:\/\/localhost\/motta\/wp-content\/uploads\/sites\/30\/2022\/07\/home8-titleproduct01.png\" alt=\"\" width=\"89\" height=\"48\" \/>","description":"Students save up to $430 on<br>\nselect Surface devices","button_text":"See All","link":{"url":"#","is_external":"","nofollow":"","custom_attributes":""},"show_border":"yes","btn_bgcolor":"#1D2128","hide_category":"none","hide_rating":"none","hide_attributes":"none","navigation_mobile":"scrollbar","_padding":{"unit":"px","top":"31","right":"0","bottom":"6","left":"0","isLinked":false},"_border_border":"solid","_border_width":{"unit":"px","top":"1","right":"1","bottom":"1","left":"1","isLinked":true},"_border_color":"#ECF0F4","_border_radius":{"unit":"px","top":"16","right":"16","bottom":"16","left":"16","isLinked":true},"_border_width_mobile":{"unit":"px","top":"0","right":"0","bottom":"0","left":"0","isLinked":false},"_border_radius_mobile":{"unit":"px","top":"0","right":"0","bottom":"0","left":"0","isLinked":false},"slides_to_show_mobile":"auto","slides_width_mobile":{"unit":"%","size":40,"sizes":[]},"_padding_mobile":{"unit":"px","top":"9","right":"0","bottom":"0","left":"0","isLinked":false},"heading_block":"yes","title_type":"svg","title_icon":{"value":{"url":"https:\/\/motta.uix.store\/electronic\/wp-content\/uploads\/sites\/6\/2022\/10\/homev8-studentdeal.svg","id":18543},"library":"svg"},"title_image":{"id":"","url":"http:\/\/localhost\/dev\/motta\/wp-content\/plugins\/elementor\/assets\/images\/placeholder.png"},"title_typography_typography":"custom","title_typography_font_size":{"unit":"px","size":90,"sizes":[]},"heading_padding":{"unit":"px","top":"0","right":"46","bottom":"23","left":"61","isLinked":false},"title_spacing":{"unit":"px","size":10,"sizes":[]},"description_spacing":{"unit":"px","size":15,"sizes":[]},"heading_padding_mobile":{"unit":"px","top":"0","right":"8","bottom":"15","left":"0","isLinked":false},"title_typography_font_size_mobile":{"unit":"px","size":60,"sizes":[]},"title_spacing_mobile":{"unit":"px","size":15,"sizes":[]},"scrollbar_spacing_mobile":{"unit":"px","size":20,"sizes":[]},"primary_button_text":"See All","primary_mobile_button_options":"yes","primary_button_link":{"url":"https:\/\/motta.uix.store\/electronic\/flash-deals\/","is_external":"","nofollow":"","custom_attributes":""},"primary_button_size":"small","primary_button_typography_typography":"custom","primary_button_options":"yes","primary_button_padding":{"unit":"px","top":"0","right":"10","bottom":"0","left":"10","isLinked":false},"primary_button_padding_mobile":{"unit":"px","top":"0","right":"0","bottom":"0","left":"0","isLinked":true},"title_size":{"unit":"px","size":90,"sizes":[]},"title_size_mobile":{"unit":"px","size":55,"sizes":[]},"primary_button_width_mobile":{"unit":"px","size":30,"sizes":[]},"primary_button_background_color_mobile":"#02010100","primary_button_color_mobile":"#0B0B0B","primary_button_height_mobile":{"unit":"px","size":16,"sizes":[]},"primary_button_border_border":"solid","primary_button_border_width":{"unit":"px","top":"0","right":"0","bottom":"0","left":"0","isLinked":true},"primary_button_border_width_mobile":{"unit":"px","top":"0","right":"0","bottom":"1","left":"0","isLinked":false},"primary_button_border_radius_mobile":{"unit":"px","top":"0","right":"0","bottom":"0","left":"0","isLinked":true},"tag":[""],"sliders_arrows_horizontal_spacing_tablet":{"unit":"px","size":0,"sizes":[]},"product_item_padding":{"unit":"px","top":"0","right":"0","bottom":"0","left":"0","isLinked":false,"size":0},"product_item_padding_mobile":{"unit":"px","top":"0","right":"4","bottom":"0","left":"4","isLinked":false},"content_button_padding":{"unit":"px","size":0,"sizes":[]},"scrollbar_width_mobile":{"unit":"%","size":98,"sizes":[]},"_margin_mobile":{"unit":"px","top":"0","right":"-8","bottom":"0","left":"0","isLinked":false},"description_typography_typography":"custom"},"elements":[],"isInner":false,"widgetType":"motta-products-carousel","elType":"widget"}],"isInner":false,"elType":"column"}],"isInner":false,"elType":"section"},{"id":"3f032208","settings":{"border_border":"solid","border_width":{"unit":"px","top":"0","right":"0","bottom":"0","left":"0","isLinked":false},"border_width_mobile":{"unit":"px","top":"4","right":"0","bottom":"0","left":"0","isLinked":false},"border_color":"#ECF0F4","margin":{"unit":"px","top":"0","right":0,"bottom":"36","left":0,"isLinked":false},"margin_mobile":{"unit":"px","top":"0","right":0,"bottom":"15","left":0,"isLinked":false}},"elements":[{"id":"5d0a2291","settings":{"_column_size":100,"_inline_size":null},"elements":[{"id":"5b422ef8","settings":{"autoplay":"","title":"<img class=\"alignnone size-full wp-image-3033\" src=\"http:\/\/localhost\/motta\/wp-content\/uploads\/sites\/30\/2022\/07\/home8-titleproduct02.png\" alt=\"\" width=\"124\" height=\"60\" \/>","description":"Now\u2019s the time to pickup what<br\/>\nyou\u2019ve been looking for.","button_text":"See All","link":{"url":"#","is_external":"","nofollow":"","custom_attributes":""},"show_border":"yes","btn_bgcolor":"#1D2128","hide_category":"none","hide_rating":"none","hide_attributes":"none","navigation_mobile":"scrollbar","_padding":{"unit":"px","top":"31","right":"0","bottom":"6","left":"0","isLinked":false},"_border_border":"solid","_border_width":{"unit":"px","top":"1","right":"1","bottom":"1","left":"1","isLinked":true},"_border_color":"#ECF0F4","_border_radius":{"unit":"px","top":"16","right":"16","bottom":"16","left":"16","isLinked":true},"_border_width_mobile":{"unit":"px","top":"0","right":"0","bottom":"0","left":"0","isLinked":false},"_border_radius_mobile":{"unit":"px","top":"0","right":"0","bottom":"0","left":"0","isLinked":false},"button_bgcolor":"#1D2128","button_mobile_color":"#1D2128","slides_to_show_mobile":"auto","slides_width_mobile":{"unit":"%","size":40,"sizes":[]},"_padding_mobile":{"unit":"px","top":"9","right":"0","bottom":"0","left":"0","isLinked":false},"category":[],"heading_block":"yes","title_type":"svg","title_icon":{"value":{"url":"https:\/\/motta.uix.store\/electronic\/wp-content\/uploads\/sites\/6\/2022\/10\/homev8-labordaysale.svg","id":18544},"library":"svg"},"heading_padding":{"unit":"px","top":"0","right":"46","bottom":"23","left":"61","isLinked":false},"title_typography_typography":"custom","title_typography_font_size":{"unit":"px","size":90,"sizes":[]},"title_spacing":{"unit":"px","size":10,"sizes":[]},"description_spacing":{"unit":"px","size":15,"sizes":[]},"heading_padding_mobile":{"unit":"px","top":"0","right":"8","bottom":"015","left":"0","isLinked":false},"title_typography_font_size_mobile":{"unit":"px","size":60,"sizes":[]},"title_spacing_mobile":{"unit":"px","size":15,"sizes":[]},"scrollbar_spacing_mobile":{"unit":"px","size":20,"sizes":[]},"primary_button_text":"See All","primary_mobile_button_text":"See All","title_size":{"unit":"px","size":125,"sizes":[]},"title_size_mobile":{"unit":"px","size":65,"sizes":[]},"primary_button_size":"small","primary_button_typography_typography":"custom","primary_button_options":"yes","primary_button_padding":{"unit":"px","top":"0","right":"10","bottom":"0","left":"10","isLinked":false},"primary_button_padding_mobile":{"unit":"px","top":"0","right":"0","bottom":"0","left":"0","isLinked":true},"primary_button_width_mobile":{"unit":"px","size":30,"sizes":[]},"primary_button_height_mobile":{"unit":"px","size":16,"sizes":[]},"primary_button_border_border":"solid","primary_button_border_width":{"unit":"px","top":"0","right":"0","bottom":"0","left":"0","isLinked":true},"primary_button_border_width_mobile":{"unit":"px","top":"0","right":"0","bottom":"1","left":"0","isLinked":false},"primary_button_border_radius_mobile":{"unit":"px","top":"0","right":"0","bottom":"0","left":"0","isLinked":true},"primary_button_background_color_mobile":"#02010100","primary_button_color_mobile":"#0B0B0B","tag":[""],"sliders_arrows_horizontal_spacing_tablet":{"unit":"px","size":0,"sizes":[]},"product_item_padding":{"unit":"px","top":"0","right":"0","bottom":"0","left":"0","isLinked":true,"size":0},"image_width_mobile":{"unit":"px","size":122,"sizes":[]},"product_item_padding_mobile":{"unit":"px","top":"0","right":"4","bottom":"0","left":"4","isLinked":false},"primary_button_link":{"url":"https:\/\/motta.uix.store\/electronic\/product-deals-of-the-day\/","is_external":"","nofollow":"","custom_attributes":""},"content_button_padding":{"unit":"px","size":0,"sizes":[]},"scrollbar_width_mobile":{"unit":"%","size":98,"sizes":[]},"_margin_mobile":{"unit":"px","top":"0","right":"-8","bottom":"0","left":"0","isLinked":false}},"elements":[],"isInner":false,"widgetType":"motta-products-carousel","elType":"widget"}],"isInner":false,"elType":"column"}],"isInner":false,"elType":"section"},{"id":"3ff82f35","settings":{"stretch_section":"section-stretched","gap_columns_custom":{"unit":"px","size":47,"sizes":[]},"border_radius_mobile":{"unit":"px","top":"0","right":"0","bottom":"0","left":"0","isLinked":false},"content_width":{"unit":"px","size":1236,"sizes":[]}},"elements":[{"id":"2afeab1d","settings":{"_column_size":100,"_inline_size":null,"background_background":"classic","background_color":"#ECF0F4","border_radius":{"unit":"px","top":"16","right":"16","bottom":"16","left":"16","isLinked":true},"padding":{"unit":"px","top":"41","right":"48","bottom":"40","left":"48","isLinked":false},"padding_mobile":{"unit":"px","top":"21","right":"16","bottom":"32","left":"16","isLinked":false},"border_radius_mobile":{"unit":"px","top":"0","right":"0","bottom":"0","left":"0","isLinked":true},"padding_tablet":{"unit":"px","top":"40","right":"16","bottom":"16","left":"16","isLinked":false}},"elements":[{"id":"4317f253","settings":{"title":"Today's Best Deals","button_text":"See All Deals","link":{"url":"#","is_external":"","nofollow":"","custom_attributes":""},"title_size":"div","typography_typography":"custom","typography_font_size":{"unit":"px","size":24,"sizes":[]},"typography_font_weight":"500","typography_line_height":{"unit":"px","size":32,"sizes":[]},"typography_font_size_mobile":{"unit":"px","size":18,"sizes":[]},"_padding_mobile":{"unit":"px","top":"2","right":"0","bottom":"22","left":"0","isLinked":false},"_padding":{"unit":"px","top":"0","right":"0","bottom":"23","left":"0","isLinked":false},"primary_button_text":"See All Deals","primary_mobile_button_text":"See All","primary_button_link":{"url":"https:\/\/motta.uix.store\/electronic\/product-deals-of-the-day\/","is_external":"","nofollow":"","custom_attributes":""}},"elements":[],"isInner":false,"widgetType":"motta-heading","elType":"widget"},{"id":"5110a012","settings":{"gap_columns_custom":{"unit":"px","size":32,"sizes":[]},"structure":"30"},"elements":[{"id":"4806ce87","settings":{"_column_size":33,"_inline_size":null,"background_background":"classic","border_radius":{"unit":"px","top":"16","right":"16","bottom":"16","left":"16","isLinked":true},"margin":{"unit":"px","top":"0","right":"12","bottom":"0","left":"0","isLinked":false},"_inline_size_tablet":50,"margin_mobile":{"unit":"px","top":"0","right":"0","bottom":"16","left":"0","isLinked":false},"padding":{"unit":"px","top":"0","right":"0","bottom":"0","left":"0","isLinked":true}},"elements":[{"id":"4a967e26","settings":{"image":{"id":20156,"url":"https:\/\/motta.uix.store\/electronic\/wp-content\/uploads\/sites\/6\/2023\/03\/homev8-stbd-001.jpg","alt":"","source":"library","size":""},"before_title":"SAVE UP TO 20%","title":"Asus VivoBook","description":"Lighten everything","button_text":"Buy Now","button_text_2":"Learn More","button_link_2":{"url":"#","is_external":false,"nofollow":false,"custom_attributes":""},"height":{"unit":"px","size":365,"sizes":[]},"background_position":"center bottom","background_size":"contain","content_spacing":{"unit":"px","top":"0","right":"0","bottom":"0","left":"0","isLinked":false},"slides_horizontal_position":"center","slides_text_align":"center","before_title_spacing":{"unit":"px","size":5,"sizes":[]},"before_title_typography_typography":"custom","before_title_typography_font_size":{"unit":"px","size":11,"sizes":[]},"before_title_typography_font_weight":"700","title_spacing":{"unit":"px","size":6,"sizes":[]},"title_typography_typography":"custom","title_typography_font_size":{"unit":"px","size":28,"sizes":[]},"title_typography_font_weight":"700","desc_spacing":{"unit":"px","size":10,"sizes":[]},"desc_typography_typography":"custom","desc_typography_font_size":{"unit":"px","size":14,"sizes":[]},"desc_typography_line_height":{"unit":"px","size":20,"sizes":[]},"skin":"base","shape":"circle","button_background_color":"#1D2128","spacing_between_button":{"unit":"px","size":16,"sizes":[]},"button_color_2":"#1D2128","height_mobile":{"unit":"px","size":"","sizes":[]},"banner_text_align":"center","banner_spacing":{"unit":"px","top":"31","right":"32","bottom":"0","left":"32","isLinked":false},"primary_button_text":"Buy Now","banner_background_color":"#FFFFFF","primary_button_link":{"url":"https:\/\/motta.uix.store\/electronic\/product\/galaxy-13-3-book-s-256gb-mercury-gray-wi-fi\/","is_external":"","nofollow":"","custom_attributes":""},"second_button_text":"Learn More","second_button_link":{"url":"https:\/\/motta.uix.store\/electronic\/product-category\/laptops-computers\/laptops\/","is_external":"","nofollow":"","custom_attributes":""},"border_radius_img":{"unit":"px","top":"16","right":"16","bottom":"16","left":"16","isLinked":true},"primary_button_size":"small","primary_button_options":"yes","primary_button_width":{"unit":"px","size":90,"sizes":[]},"youtube_url":"https:\/\/www.youtube.com\/watch?v=XHOmBV4js_E","primary_button_typography_typography":"custom","primary_button_typography_font_size":{"unit":"px","size":12,"sizes":[]},"second_button_typography_typography":"custom","second_button_typography_font_size":{"unit":"px","size":12,"sizes":[]}},"elements":[],"isInner":false,"widgetType":"motta-banner","elType":"widget"}],"isInner":true,"elType":"column"},{"id":"34153e80","settings":{"_column_size":33,"_inline_size":null,"background_background":"classic","margin":{"unit":"px","top":"0","right":"12","bottom":"0","left":"12","isLinked":false},"padding":{"unit":"px","top":"0","right":"0","bottom":"0","left":"0","isLinked":true},"_inline_size_tablet":50,"margin_mobile":{"unit":"px","top":"0","right":"0","bottom":"16","left":"0","isLinked":false}},"elements":[{"id":"42a30aad","settings":{"image":{"id":20157,"url":"https:\/\/motta.uix.store\/electronic\/wp-content\/uploads\/sites\/6\/2023\/03\/homev8-stbd002.jpg","alt":"","source":"library","size":""},"before_title":"Deal of the Day","title":"Limited Quantities","description":"Save up to $500 on select big-screen TVs.","button_text":"Buy Now","button_text_2":"Learn More","button_link_2":{"url":"#","is_external":false,"nofollow":false,"custom_attributes":""},"height":{"unit":"px","size":365,"sizes":[]},"background_position":"center bottom","background_size":"contain","content_spacing":{"unit":"px","top":"0","right":"0","bottom":"0","left":"0","isLinked":false},"slides_horizontal_position":"center","slides_text_align":"center","before_title_spacing":{"unit":"px","size":5,"sizes":[]},"before_title_typography_typography":"custom","before_title_typography_font_size":{"unit":"px","size":11,"sizes":[]},"before_title_typography_font_weight":"700","title_spacing":{"unit":"px","size":6,"sizes":[]},"title_typography_typography":"custom","title_typography_font_size":{"unit":"px","size":28,"sizes":[]},"title_typography_font_weight":"700","desc_spacing":{"unit":"px","size":10,"sizes":[]},"desc_typography_typography":"custom","desc_typography_font_size":{"unit":"px","size":14,"sizes":[]},"desc_typography_line_height":{"unit":"px","size":20,"sizes":[]},"skin":"base","shape":"circle","button_background_color":"#1D2128","spacing_between_button":{"unit":"px","size":16,"sizes":[]},"button_color_2":"#1D2128","height_mobile":{"unit":"px","size":"","sizes":[]},"banner_text_align":"center","banner_spacing":{"unit":"px","top":"31","right":"32","bottom":"0","left":"32","isLinked":false},"primary_button_text":"Buy Now","primary_button_link":{"url":"https:\/\/motta.uix.store\/electronic\/product\/inspiron-7000-2-in-1-15-6-uhd-touch-laptop-11th-gen-intel-core-i7\/","is_external":"","nofollow":"","custom_attributes":""},"second_button_text":"Learn More","second_button_link":{"url":"https:\/\/motta.uix.store\/electronic\/product-category\/tvs-video\/tvs\/","is_external":"","nofollow":"","custom_attributes":""},"banner_background_color":"#FFFFFF","border_radius_img":{"unit":"px","top":"16","right":"16","bottom":"16","left":"16","isLinked":true},"before_title_typography_text_transform":"uppercase","primary_button_size":"small","youtube_url":"https:\/\/www.youtube.com\/watch?v=XHOmBV4js_E","primary_button_typography_typography":"custom","primary_button_typography_font_size":{"unit":"px","size":12,"sizes":[]},"primary_button_options":"yes","primary_button_width":{"unit":"px","size":90,"sizes":[]},"second_button_typography_typography":"custom","second_button_typography_font_size":{"unit":"px","size":12,"sizes":[]}},"elements":[],"isInner":false,"widgetType":"motta-banner","elType":"widget"}],"isInner":true,"elType":"column"},{"id":"48fa07d5","settings":{"_column_size":33,"_inline_size":null,"background_color":"#FFFFFF","border_radius":{"unit":"px","top":"16","right":"16","bottom":"16","left":"16","isLinked":true},"padding":{"unit":"px","top":"0","right":"0","bottom":"0","left":"12","isLinked":false},"_inline_size_tablet":100,"padding_tablet":{"unit":"px","top":"24","right":"0","bottom":"0","left":"0","isLinked":false},"padding_mobile":{"unit":"px","top":"0","right":"0","bottom":"0","left":"0","isLinked":false}},"elements":[{"id":"316a052d","settings":{"image":{"id":20158,"url":"https:\/\/motta.uix.store\/electronic\/wp-content\/uploads\/sites\/6\/2023\/03\/homev8-stbd03.jpg","alt":"","source":"library","size":""},"before_title":"INTRODUCING","title":"iRobot Select","description":"Come home to clean","button_text":"Shop Now","height":{"unit":"px","size":170,"sizes":[]},"height_mobile":{"unit":"px","size":"","sizes":[]},"border_radius_img":{"unit":"px","top":"16","right":"16","bottom":"16","left":"16","isLinked":true},"banner_background_color":"#FFFFFF","background_position":"right center","background_size":"contain","slides_vertical_position":"middle","before_title_spacing":{"unit":"px","size":3,"sizes":[]},"before_title_typography_typography":"custom","before_title_typography_font_size":{"unit":"px","size":11,"sizes":[]},"before_title_typography_font_weight":"700","before_title_typography_text_transform":"uppercase","title_spacing":{"unit":"px","size":3,"sizes":[]},"title_typography_typography":"custom","title_typography_font_size":{"unit":"px","size":18,"sizes":[]},"title_typography_font_weight":"700","desc_spacing":{"unit":"px","size":1,"sizes":[]},"desc_typography_typography":"custom","desc_typography_font_size":{"unit":"px","size":14,"sizes":[]},"desc_typography_line_height":{"unit":"px","size":20,"sizes":[]},"skin":"subtle","button_color":"#1D2128","_margin":{"unit":"px","top":"0","right":"0","bottom":"24","left":"0","isLinked":false},"banner_vertical_position_mobile":"middle","_margin_mobile":{"unit":"px","top":"0","right":"0","bottom":"16","left":"0","isLinked":false},"primary_button_text":"Shop Now","primary_button_link":{"url":"https:\/\/motta.uix.store\/electronic\/product-category\/smart-home\/sprinkler-irrigation-control\/","is_external":"","nofollow":"","custom_attributes":""},"banner_vertical_position":"middle","banner_spacing_mobile":{"unit":"px","top":"0","right":"24","bottom":"0","left":"24","isLinked":false},"primary_button_skin":"subtle","youtube_url":"https:\/\/www.youtube.com\/watch?v=XHOmBV4js_E","primary_button_typography_typography":"custom","primary_button_typography_font_size":{"unit":"px","size":12,"sizes":[]}},"elements":[],"isInner":false,"widgetType":"motta-banner","elType":"widget"},{"id":"37d2db54","settings":{"image":{"id":20159,"url":"https:\/\/motta.uix.store\/electronic\/wp-content\/uploads\/sites\/6\/2023\/03\/homev8-stbd04.jpg","alt":"","source":"library","size":""},"before_title":"New  Arr\u0131val","title":"Galaxy Tab S7+","description":"Meet the Galaxy Tab","button_text":"Shop Now","height":{"unit":"px","size":170,"sizes":[]},"height_mobile":{"unit":"px","size":"","sizes":[]},"border_radius_img":{"unit":"px","top":"16","right":"16","bottom":"16","left":"16","isLinked":true},"banner_background_color":"#FFFFFF","background_position":"right center","background_size":"contain","slides_vertical_position":"middle","before_title_spacing":{"unit":"px","size":3,"sizes":[]},"before_title_typography_typography":"custom","before_title_typography_font_size":{"unit":"px","size":11,"sizes":[]},"before_title_typography_font_weight":"700","before_title_typography_text_transform":"uppercase","title_spacing":{"unit":"px","size":3,"sizes":[]},"title_typography_typography":"custom","title_typography_font_size":{"unit":"px","size":18,"sizes":[]},"title_typography_font_weight":"700","desc_spacing":{"unit":"px","size":1,"sizes":[]},"desc_typography_typography":"custom","desc_typography_font_size":{"unit":"px","size":14,"sizes":[]},"desc_typography_line_height":{"unit":"px","size":20,"sizes":[]},"skin":"subtle","button_color":"#1D2128","banner_vertical_position_mobile":"middle","primary_button_text":"Shop Now","banner_vertical_position":"middle","banner_spacing_mobile":{"unit":"px","top":"0","right":"24","bottom":"0","left":"24","isLinked":false},"primary_button_skin":"subtle","primary_button_link":{"url":"https:\/\/motta.uix.store\/electronic\/product\/galaxy-tab-s6-10-5-256gb-wifi-android-9-0\/","is_external":"","nofollow":"","custom_attributes":""},"youtube_url":"https:\/\/www.youtube.com\/watch?v=XHOmBV4js_E","primary_button_typography_typography":"custom","primary_button_typography_font_size":{"unit":"px","size":12,"sizes":[]},"_margin":{"unit":"px","top":"0","right":"0","bottom":"24","left":"0","isLinked":false},"_margin_mobile":{"unit":"px","top":"0","right":"0","bottom":"16","left":"0","isLinked":false}},"elements":[],"isInner":false,"widgetType":"motta-banner","elType":"widget"}],"isInner":true,"elType":"column"}],"isInner":true,"elType":"section"}],"isInner":false,"elType":"column"}],"isInner":false,"elType":"section"},{"id":"73936171","settings":[],"elements":[{"id":"43a1d47b","settings":{"_column_size":100,"_inline_size":null},"elements":[{"id":"6bab107","settings":{"title":"Explore More Categories","button_text":"See All Categories","button_text_mobile":"See All","link":{"url":"#","is_external":"","nofollow":"","custom_attributes":""},"title_size":"div","typography_typography":"custom","typography_font_size":{"unit":"px","size":24,"sizes":[]},"typography_font_weight":"500","typography_line_height":{"unit":"px","size":32,"sizes":[]},"typography_font_size_mobile":{"unit":"px","size":18,"sizes":[]},"_padding":{"unit":"px","top":"29","right":"0","bottom":"0","left":"0","isLinked":false},"_padding_mobile":{"unit":"px","top":"11","right":"0","bottom":"0","left":"0","isLinked":false},"typography_line_height_mobile":{"unit":"em","size":1,"sizes":[]},"primary_button_text":"See All Categories","primary_mobile_button_text":"See All","primary_button_link":{"url":"https:\/\/motta.uix.store\/electronic\/all-categories\/","is_external":"","nofollow":"","custom_attributes":""}},"elements":[],"isInner":false,"widgetType":"motta-heading","elType":"widget"}],"isInner":false,"elType":"column"}],"isInner":false,"elType":"section"},{"id":"39a17c01","settings":{"tablet_column_alignment":"column_xxxs","mobile_column_alignment":"column_xs","structure":"60","border_width":{"unit":"px","top":"0","right":"0","bottom":"0","left":"0","isLinked":false},"border_width_mobile":{"unit":"px","top":"0","right":"0","bottom":"4","left":"0","isLinked":false},"border_color":"#ECF0F4"},"elements":[{"id":"4b06f8da","settings":{"_column_size":16,"_inline_size":null},"elements":[{"id":"62d280a7","settings":{"image":{"id":20054,"url":"https:\/\/motta.uix.store\/electronic\/wp-content\/uploads\/sites\/6\/2022\/11\/homev8-emc01.png","alt":"","source":"library","size":""},"title":"Cell Phones","link":{"url":"#","is_external":"","nofollow":"","custom_attributes":""},"image_spacing":{"unit":"px","size":16,"sizes":[]},"image_spacing_mobile":{"unit":"px","size":7,"sizes":[]},"title_typography_typography":"custom","title_typography_font_size":{"unit":"px","size":18,"sizes":[]},"title_typography_font_size_mobile":{"unit":"px","size":14,"sizes":[]},"title_typography_font_weight":"500","title_typography_line_height":{"unit":"px","size":28,"sizes":[]},"_padding":{"unit":"px","top":"0","right":"0","bottom":"24","left":"0","isLinked":false},"_padding_mobile":{"unit":"px","top":"0","right":"0","bottom":"14","left":"0","isLinked":false},"_background_background":"classic","_background_color":"#ECF0F4","_background_hover_background":"classic","_background_hover_color":"#FFFFFF","_background_hover_transition":{"unit":"px","size":0.3,"sizes":[]},"_border_radius":{"unit":"px","top":"16","right":"16","bottom":"16","left":"16","isLinked":true},"_box_shadow_hover_box_shadow_type":"yes","_box_shadow_hover_box_shadow":{"horizontal":0,"vertical":5,"blur":16,"spread":0,"color":"rgba(0, 0, 0, 0.1)"},"_border_hover_transition":{"unit":"px","size":0.3,"sizes":[]},"primary_button_link":{"url":"https:\/\/motta.uix.store\/electronic\/product-category\/cell-phones\/","is_external":"","nofollow":"","custom_attributes":""}},"elements":[],"isInner":false,"widgetType":"motta-image-box","elType":"widget"}],"isInner":false,"elType":"column"},{"id":"652a8387","settings":{"_column_size":16,"_inline_size":null},"elements":[{"id":"35c52856","settings":{"image":{"id":20055,"url":"https:\/\/motta.uix.store\/electronic\/wp-content\/uploads\/sites\/6\/2022\/11\/homev8-emc02.png","alt":"","source":"library","size":""},"title":"Laptops","link":{"url":"#","is_external":"","nofollow":"","custom_attributes":""},"image_spacing":{"unit":"px","size":16,"sizes":[]},"image_spacing_mobile":{"unit":"px","size":7,"sizes":[]},"title_typography_typography":"custom","title_typography_font_size":{"unit":"px","size":18,"sizes":[]},"title_typography_font_size_mobile":{"unit":"px","size":14,"sizes":[]},"title_typography_font_weight":"500","title_typography_line_height":{"unit":"px","size":28,"sizes":[]},"_padding":{"unit":"px","top":"0","right":"0","bottom":"24","left":"0","isLinked":false},"_padding_mobile":{"unit":"px","top":"0","right":"0","bottom":"14","left":"0","isLinked":false},"_background_background":"classic","_background_color":"#ECF0F4","_background_hover_background":"classic","_background_hover_color":"#FFFFFF","_background_hover_transition":{"unit":"px","size":0.3,"sizes":[]},"_border_radius":{"unit":"px","top":"16","right":"16","bottom":"16","left":"16","isLinked":true},"_box_shadow_hover_box_shadow_type":"yes","_box_shadow_hover_box_shadow":{"horizontal":0,"vertical":5,"blur":16,"spread":0,"color":"rgba(0, 0, 0, 0.1)"},"_border_hover_transition":{"unit":"px","size":0.3,"sizes":[]},"primary_button_link":{"url":"https:\/\/motta.uix.store\/electronic\/product-category\/laptops-computers\/laptops\/","is_external":"","nofollow":"","custom_attributes":""}},"elements":[],"isInner":false,"widgetType":"motta-image-box","elType":"widget"}],"isInner":false,"elType":"column"},{"id":"497eed25","settings":{"_column_size":16,"_inline_size":null},"elements":[{"id":"3d066976","settings":{"image":{"id":20056,"url":"https:\/\/motta.uix.store\/electronic\/wp-content\/uploads\/sites\/6\/2022\/11\/homev8-emc03.png","alt":"","source":"library","size":""},"title":"TVs & Video","link":{"url":"#","is_external":"","nofollow":"","custom_attributes":""},"image_spacing":{"unit":"px","size":16,"sizes":[]},"image_spacing_mobile":{"unit":"px","size":7,"sizes":[]},"title_typography_typography":"custom","title_typography_font_size":{"unit":"px","size":18,"sizes":[]},"title_typography_font_size_mobile":{"unit":"px","size":14,"sizes":[]},"title_typography_font_weight":"500","title_typography_line_height":{"unit":"px","size":28,"sizes":[]},"_padding":{"unit":"px","top":"0","right":"0","bottom":"24","left":"0","isLinked":false},"_padding_mobile":{"unit":"px","top":"0","right":"0","bottom":"14","left":"0","isLinked":false},"_background_background":"classic","_background_color":"#ECF0F4","_background_hover_background":"classic","_background_hover_color":"#FFFFFF","_background_hover_transition":{"unit":"px","size":0.3,"sizes":[]},"_border_radius":{"unit":"px","top":"16","right":"16","bottom":"16","left":"16","isLinked":true},"_box_shadow_hover_box_shadow_type":"yes","_box_shadow_hover_box_shadow":{"horizontal":0,"vertical":5,"blur":16,"spread":0,"color":"rgba(0, 0, 0, 0.1)"},"_border_hover_transition":{"unit":"px","size":0.3,"sizes":[]},"primary_button_link":{"url":"https:\/\/motta.uix.store\/electronic\/product-category\/tvs-video\/tvs\/","is_external":"","nofollow":"","custom_attributes":""}},"elements":[],"isInner":false,"widgetType":"motta-image-box","elType":"widget"}],"isInner":false,"elType":"column"},{"id":"61190ba0","settings":{"_column_size":16,"_inline_size":null},"elements":[{"id":"4ed4df3c","settings":{"image":{"id":20057,"url":"https:\/\/motta.uix.store\/electronic\/wp-content\/uploads\/sites\/6\/2022\/11\/homev8-emc04.png","alt":"","source":"library","size":""},"title":"Tablets","link":{"url":"#","is_external":"","nofollow":"","custom_attributes":""},"image_spacing":{"unit":"px","size":16,"sizes":[]},"image_spacing_mobile":{"unit":"px","size":7,"sizes":[]},"title_typography_typography":"custom","title_typography_font_size":{"unit":"px","size":18,"sizes":[]},"title_typography_font_size_mobile":{"unit":"px","size":14,"sizes":[]},"title_typography_font_weight":"500","title_typography_line_height":{"unit":"px","size":28,"sizes":[]},"_padding":{"unit":"px","top":"0","right":"0","bottom":"24","left":"0","isLinked":false},"_padding_mobile":{"unit":"px","top":"0","right":"0","bottom":"14","left":"0","isLinked":false},"_background_background":"classic","_background_color":"#ECF0F4","_background_hover_background":"classic","_background_hover_color":"#FFFFFF","_background_hover_transition":{"unit":"px","size":0.3,"sizes":[]},"_border_radius":{"unit":"px","top":"16","right":"16","bottom":"16","left":"16","isLinked":true},"_box_shadow_hover_box_shadow_type":"yes","_box_shadow_hover_box_shadow":{"horizontal":0,"vertical":5,"blur":16,"spread":0,"color":"rgba(0, 0, 0, 0.1)"},"_border_hover_transition":{"unit":"px","size":0.3,"sizes":[]},"primary_button_link":{"url":"https:\/\/motta.uix.store\/electronic\/product-category\/ipads-tablets\/android-tablets\/","is_external":"","nofollow":"","custom_attributes":""}},"elements":[],"isInner":false,"widgetType":"motta-image-box","elType":"widget"}],"isInner":false,"elType":"column"},{"id":"6d33841c","settings":{"_column_size":16,"_inline_size":null},"elements":[{"id":"4ff22494","settings":{"image":{"id":20058,"url":"https:\/\/motta.uix.store\/electronic\/wp-content\/uploads\/sites\/6\/2022\/11\/homev8-emc05.png","alt":"","source":"library","size":""},"title":"Smart Watches","link":{"url":"#","is_external":"","nofollow":"","custom_attributes":""},"image_spacing":{"unit":"px","size":16,"sizes":[]},"image_spacing_mobile":{"unit":"px","size":7,"sizes":[]},"title_typography_typography":"custom","title_typography_font_size":{"unit":"px","size":18,"sizes":[]},"title_typography_font_size_mobile":{"unit":"px","size":14,"sizes":[]},"title_typography_font_weight":"500","title_typography_line_height":{"unit":"px","size":28,"sizes":[]},"_padding":{"unit":"px","top":"0","right":"0","bottom":"24","left":"0","isLinked":false},"_padding_mobile":{"unit":"px","top":"0","right":"0","bottom":"14","left":"0","isLinked":false},"_background_background":"classic","_background_color":"#ECF0F4","_background_hover_background":"classic","_background_hover_color":"#FFFFFF","_background_hover_transition":{"unit":"px","size":0.3,"sizes":[]},"_border_radius":{"unit":"px","top":"16","right":"16","bottom":"16","left":"16","isLinked":true},"_box_shadow_hover_box_shadow_type":"yes","_box_shadow_hover_box_shadow":{"horizontal":0,"vertical":5,"blur":16,"spread":0,"color":"rgba(0, 0, 0, 0.1)"},"_border_hover_transition":{"unit":"px","size":0.3,"sizes":[]},"primary_button_link":{"url":"https:\/\/motta.uix.store\/electronic\/product-category\/wearable-technology\/apple-watch\/","is_external":"","nofollow":"","custom_attributes":""}},"elements":[],"isInner":false,"widgetType":"motta-image-box","elType":"widget"}],"isInner":false,"elType":"column"},{"id":"7e8ad53c","settings":{"_column_size":16,"_inline_size":null},"elements":[{"id":"7b182b7c","settings":{"image":{"id":20059,"url":"https:\/\/motta.uix.store\/electronic\/wp-content\/uploads\/sites\/6\/2022\/11\/homev8-emc06.png","alt":"","source":"library","size":""},"title":"Headphones","link":{"url":"#","is_external":"","nofollow":"","custom_attributes":""},"image_spacing":{"unit":"px","size":16,"sizes":[]},"image_spacing_mobile":{"unit":"px","size":7,"sizes":[]},"title_typography_typography":"custom","title_typography_font_size":{"unit":"px","size":18,"sizes":[]},"title_typography_font_size_mobile":{"unit":"px","size":14,"sizes":[]},"title_typography_font_weight":"500","title_typography_line_height":{"unit":"px","size":28,"sizes":[]},"_padding":{"unit":"px","top":"0","right":"0","bottom":"24","left":"0","isLinked":false},"_padding_mobile":{"unit":"px","top":"0","right":"0","bottom":"14","left":"0","isLinked":false},"_background_background":"classic","_background_color":"#ECF0F4","_background_hover_background":"classic","_background_hover_color":"#FFFFFF","_background_hover_transition":{"unit":"px","size":0.3,"sizes":[]},"_border_radius":{"unit":"px","top":"16","right":"16","bottom":"16","left":"16","isLinked":true},"_box_shadow_hover_box_shadow_type":"yes","_box_shadow_hover_box_shadow":{"horizontal":0,"vertical":5,"blur":16,"spread":0,"color":"rgba(0, 0, 0, 0.1)"},"_border_hover_transition":{"unit":"px","size":0.3,"sizes":[]},"primary_button_link":{"url":"https:\/\/motta.uix.store\/electronic\/product-category\/headphones\/","is_external":"","nofollow":"","custom_attributes":""}},"elements":[],"isInner":false,"widgetType":"motta-image-box","elType":"widget"}],"isInner":false,"elType":"column"}],"isInner":false,"elType":"section"},{"id":"7e203a56","settings":{"border_border":"solid","border_width":{"unit":"px","top":"0","right":"0","bottom":"0","left":"0","isLinked":false},"border_width_mobile":{"unit":"px","top":"4","right":"0","bottom":"0","left":"0","isLinked":false},"border_color":"#ECF0F4","margin_mobile":{"unit":"px","top":"24","right":0,"bottom":"0","left":0,"isLinked":false}},"elements":[{"id":"46c17f62","settings":{"_column_size":100,"_inline_size":null},"elements":[{"id":"238dc518","settings":{"title":"Featured Products","button_text":"See All Products","button_text_mobile":"See All","link":{"url":"#","is_external":"","nofollow":"","custom_attributes":""},"title_size":"div","typography_typography":"custom","typography_font_size":{"unit":"px","size":24,"sizes":[]},"typography_font_weight":"500","typography_line_height":{"unit":"px","size":32,"sizes":[]},"typography_font_size_mobile":{"unit":"px","size":18,"sizes":[]},"_padding":{"unit":"px","top":"17","right":"0","bottom":"0","left":"0","isLinked":false},"_padding_mobile":{"unit":"px","top":"10","right":"0","bottom":"0","left":"0","isLinked":false},"typography_line_height_mobile":{"unit":"em","size":1,"sizes":[]},"primary_button_text":"See All Products","primary_mobile_button_text":"See All","primary_button_link":{"url":"https:\/\/motta.uix.store\/electronic\/shop\/","is_external":"","nofollow":"","custom_attributes":""}},"elements":[],"isInner":false,"widgetType":"motta-heading","elType":"widget"}],"isInner":false,"elType":"column"}],"isInner":false,"elType":"section"},{"id":"52843f63","settings":{"padding":{"unit":"px","top":"11","right":"0","bottom":"0","left":"0","isLinked":false},"padding_mobile":{"unit":"px","top":"0","right":"0","bottom":"0","left":"0","isLinked":true}},"elements":[{"id":"5df09546","settings":{"_column_size":100,"_inline_size":null},"elements":[{"id":"240ee5ea","settings":{"navigation_tablet":"scrollbar","navigation_mobile":"scrollbar","autoplay":"","show_border":"yes","scrollbar_spacing_mobile":{"unit":"px","size":20,"sizes":[]},"tag":[""],"slides_to_show_tablet":"3","slides_to_scroll_tablet":3,"product_item_padding":{"unit":"px","top":"0","right":"11","bottom":"0","left":"11","isLinked":false,"size":12},"slides_to_show_mobile":"2","slides_to_scroll_mobile":1,"product_item_padding_mobile":{"unit":"px","top":"0","right":"7","bottom":"0","left":"7","isLinked":false},"content_button_padding":{"unit":"px","size":11,"sizes":[]},"content_button_padding_mobile":{"unit":"px","size":12,"sizes":[]}},"elements":[],"isInner":false,"widgetType":"motta-products-carousel","elType":"widget"}],"isInner":false,"elType":"column"}],"isInner":false,"elType":"section"},{"id":"4bda35f","settings":{"hide_mobile":"hidden-mobile"},"elements":[{"id":"3ff06fa9","settings":{"_column_size":100,"_inline_size":null},"elements":[{"id":"5721dc9a","settings":{"text":"Divider","color":"#ECF0F4","gap":{"unit":"px","size":8,"sizes":[]}},"elements":[],"isInner":false,"widgetType":"divider","elType":"widget"}],"isInner":false,"elType":"column"}],"isInner":false,"elType":"section"},{"id":"4454614d","settings":{"border_width":{"unit":"px","top":"0","right":"0","bottom":"0","left":"0","isLinked":false},"border_width_mobile":{"unit":"px","top":"4","right":"0","bottom":"0","left":"0","isLinked":false},"border_color":"#ECF0F4","margin":{"unit":"px","top":"","right":0,"bottom":"","left":0,"isLinked":true},"margin_mobile":{"unit":"px","top":"17","right":0,"bottom":"0","left":0,"isLinked":false},"border_border":"solid"},"elements":[{"id":"41f2ea66","settings":{"_column_size":100,"_inline_size":null},"elements":[{"id":"c69f188","settings":{"title":"Trending Brands","button_text":"See All Brands","button_text_mobile":"See All","link":{"url":"#","is_external":"","nofollow":"","custom_attributes":""},"title_size":"div","typography_typography":"custom","typography_font_size":{"unit":"px","size":24,"sizes":[]},"typography_font_weight":"500","typography_line_height":{"unit":"px","size":32,"sizes":[]},"typography_font_size_mobile":{"unit":"px","size":18,"sizes":[]},"_padding":{"unit":"px","top":"09","right":"0","bottom":"0","left":"0","isLinked":false},"_padding_mobile":{"unit":"px","top":"11","right":"0","bottom":"0","left":"0","isLinked":false},"primary_button_text":"See All Brands","primary_mobile_button_text":"See All","primary_button_link":{"url":"https:\/\/motta.uix.store\/electronic\/brand\/","is_external":"","nofollow":"","custom_attributes":""}},"elements":[],"isInner":false,"widgetType":"motta-heading","elType":"widget"}],"isInner":false,"elType":"column"}],"isInner":false,"elType":"section"},{"id":"601510d","settings":{"tablet_column_alignment":"column_xxs","mobile_column_alignment":"column_xs","structure":"60","margin":{"unit":"px","top":"0","right":0,"bottom":"36","left":0,"isLinked":false},"margin_mobile":{"unit":"px","top":"0","right":0,"bottom":"32","left":0,"isLinked":false}},"elements":[{"id":"32992792","settings":{"_column_size":16,"_inline_size":null},"elements":[{"id":"708707dc","settings":{"image_size":"full","image":{"id":20045,"url":"https:\/\/motta.uix.store\/electronic\/wp-content\/uploads\/sites\/6\/2022\/11\/home8-dyson.png","alt":"","source":"library","size":""},"_margin":{"unit":"px","top":"0","right":"0","bottom":"18","left":"0","isLinked":false},"link_to":"custom","link":{"url":"https:\/\/motta.uix.store\/electronic\/product-brand\/dyson\/","is_external":"","nofollow":"","custom_attributes":""}},"elements":[],"isInner":false,"widgetType":"image","elType":"widget"},{"id":"2d88872d","settings":{"image_size":"full","image":{"id":20164,"url":"https:\/\/motta.uix.store\/electronic\/wp-content\/uploads\/sites\/6\/2023\/03\/home8-apple.png","alt":"","source":"library","size":""},"link_to":"custom","link":{"url":"https:\/\/motta.uix.store\/electronic\/product-brand\/apple\/","is_external":"","nofollow":"","custom_attributes":""}},"elements":[],"isInner":false,"widgetType":"image","elType":"widget"}],"isInner":false,"elType":"column"},{"id":"4fc98931","settings":{"_column_size":16,"_inline_size":null},"elements":[{"id":"560f6aaf","settings":{"image_size":"full","image":{"id":20161,"url":"https:\/\/motta.uix.store\/electronic\/wp-content\/uploads\/sites\/6\/2023\/03\/home8-lenovo.png","alt":"","source":"library","size":""},"_margin":{"unit":"px","top":"0","right":"0","bottom":"18","left":"0","isLinked":false},"link_to":"custom","link":{"url":"https:\/\/motta.uix.store\/electronic\/product-brand\/lenovo\/","is_external":"","nofollow":"","custom_attributes":""}},"elements":[],"isInner":false,"widgetType":"image","elType":"widget"},{"id":"7b26ab43","settings":{"image_size":"full","image":{"id":20047,"url":"https:\/\/motta.uix.store\/electronic\/wp-content\/uploads\/sites\/6\/2022\/11\/home8-google.png","alt":"","source":"library","size":""},"link_to":"custom","link":{"url":"https:\/\/motta.uix.store\/electronic\/product-brand\/google\/","is_external":"","nofollow":"","custom_attributes":""}},"elements":[],"isInner":false,"widgetType":"image","elType":"widget"}],"isInner":false,"elType":"column"},{"id":"207eb936","settings":{"_column_size":16,"_inline_size":null},"elements":[{"id":"2861573","settings":{"image_size":"full","image":{"id":20044,"url":"https:\/\/motta.uix.store\/electronic\/wp-content\/uploads\/sites\/6\/2022\/11\/home8-cisco.png","alt":"","source":"library","size":""},"_margin":{"unit":"px","top":"0","right":"0","bottom":"18","left":"0","isLinked":false},"link_to":"custom","link":{"url":"https:\/\/motta.uix.store\/electronic\/product-brand\/cisco\/","is_external":"","nofollow":"","custom_attributes":""}},"elements":[],"isInner":false,"widgetType":"image","elType":"widget"},{"id":"4fd0ab92","settings":{"image_size":"full","image":{"id":20048,"url":"https:\/\/motta.uix.store\/electronic\/wp-content\/uploads\/sites\/6\/2022\/11\/home8-nvidia.png","alt":"","source":"library","size":""},"link_to":"custom","link":{"url":"https:\/\/motta.uix.store\/electronic\/product-brand\/nvidia\/","is_external":"","nofollow":"","custom_attributes":""}},"elements":[],"isInner":false,"widgetType":"image","elType":"widget"}],"isInner":false,"elType":"column"},{"id":"11ce5bc7","settings":{"_column_size":16,"_inline_size":null},"elements":[{"id":"1f1dfcee","settings":{"image_size":"full","image":{"id":20162,"url":"https:\/\/motta.uix.store\/electronic\/wp-content\/uploads\/sites\/6\/2023\/03\/home8-samsung.png","alt":"","source":"library","size":""},"_margin":{"unit":"px","top":"0","right":"0","bottom":"18","left":"0","isLinked":false},"link_to":"custom","link":{"url":"https:\/\/motta.uix.store\/electronic\/product-brand\/samsung\/","is_external":"","nofollow":"","custom_attributes":""}},"elements":[],"isInner":false,"widgetType":"image","elType":"widget"},{"id":"67bc9680","settings":{"image_size":"full","image":{"id":20046,"url":"https:\/\/motta.uix.store\/electronic\/wp-content\/uploads\/sites\/6\/2022\/11\/home8-electrolux.png","alt":"","source":"library","size":""},"link_to":"custom","link":{"url":"https:\/\/motta.uix.store\/electronic\/product-brand\/electrolux\/","is_external":"","nofollow":"","custom_attributes":""}},"elements":[],"isInner":false,"widgetType":"image","elType":"widget"}],"isInner":false,"elType":"column"},{"id":"b169c94","settings":{"_column_size":16,"_inline_size":null},"elements":[{"id":"49fce662","settings":{"image_size":"full","image":{"id":20163,"url":"https:\/\/motta.uix.store\/electronic\/wp-content\/uploads\/sites\/6\/2023\/03\/home8-lg.png","alt":"","source":"library","size":""},"_margin":{"unit":"px","top":"0","right":"0","bottom":"18","left":"0","isLinked":false},"link_to":"custom","link":{"url":"https:\/\/motta.uix.store\/electronic\/product-brand\/lg\/","is_external":"","nofollow":"","custom_attributes":""}},"elements":[],"isInner":false,"widgetType":"image","elType":"widget"},{"id":"4cba4b","settings":{"image_size":"full","image":{"id":20165,"url":"https:\/\/motta.uix.store\/electronic\/wp-content\/uploads\/sites\/6\/2023\/03\/home8-sony.png","alt":"","source":"library","size":""},"link_to":"custom","link":{"url":"https:\/\/motta.uix.store\/electronic\/product-brand\/sony\/","is_external":"","nofollow":"","custom_attributes":""}},"elements":[],"isInner":false,"widgetType":"image","elType":"widget"}],"isInner":false,"elType":"column"},{"id":"14bf20fc","settings":{"_column_size":16,"_inline_size":null},"elements":[{"id":"bd56bf8","settings":{"image_size":"full","image":{"id":20043,"url":"https:\/\/motta.uix.store\/electronic\/wp-content\/uploads\/sites\/6\/2022\/11\/home8-bose.png","alt":"","source":"library","size":""},"_margin":{"unit":"px","top":"0","right":"0","bottom":"18","left":"0","isLinked":false},"link_to":"custom","link":{"url":"https:\/\/motta.uix.store\/electronic\/product-brand\/bose\/","is_external":"","nofollow":"","custom_attributes":""}},"elements":[],"isInner":false,"widgetType":"image","elType":"widget"},{"id":"327928c5","settings":{"image_size":"full","image":{"id":20166,"url":"https:\/\/motta.uix.store\/electronic\/wp-content\/uploads\/sites\/6\/2023\/03\/home8-intel.png","alt":"","source":"library","size":""},"link_to":"custom","link":{"url":"https:\/\/motta.uix.store\/electronic\/product-brand\/intel\/","is_external":"","nofollow":"","custom_attributes":""}},"elements":[],"isInner":false,"widgetType":"image","elType":"widget"}],"isInner":false,"elType":"column"}],"isInner":false,"elType":"section"},{"id":"2f32ed3c","settings":{"gap":"wider","gap_columns_custom":{"unit":"px","size":47,"sizes":[]},"stretch_section":"section-stretched","border_radius_mobile":{"unit":"px","top":"0","right":"0","bottom":"0","left":"0","isLinked":false},"content_width":{"unit":"px","size":1236,"sizes":[]}},"elements":[{"id":"754e9f53","settings":{"_column_size":100,"_inline_size":null,"background_background":"classic","background_color":"#ECF0F4","border_radius":{"unit":"px","top":"16","right":"16","bottom":"16","left":"16","isLinked":true},"padding_mobile":{"unit":"px","top":"15","right":"16","bottom":"18","left":"16","isLinked":false},"border_radius_mobile":{"unit":"px","top":"0","right":"0","bottom":"0","left":"0","isLinked":true}},"elements":[{"id":"6d45bba8","settings":{"structure":"40"},"elements":[{"id":"443473ae","settings":{"_column_size":25,"_inline_size":null,"_inline_size_tablet":50,"_inline_size_mobile":50,"padding":{"unit":"px","top":"17","right":"16","bottom":"17","left":"16","isLinked":false},"padding_mobile":{"unit":"px","top":"15","right":"3","bottom":"11","left":"3","isLinked":false}},"elements":[{"id":"383bb21f","settings":{"icon":{"value":{"url":"https:\/\/motta.uix.store\/electronic\/wp-content\/uploads\/sites\/6\/2021\/12\/worldwide.svg","id":18469},"library":"svg"},"title":"Worldwide Delivery","description":"200 countries and regions<br \/>\nworldwide","position":"left","position_mobile":"top","alignment_mobile":"center","title_typography_typography":"custom","title_typography_font_size":{"unit":"px","size":16,"sizes":[]},"title_typography_font_weight":"500","title_typography_line_height":{"unit":"px","size":24,"sizes":[]},"title_spacing":{"unit":"px","size":0,"sizes":[]},"description_typography_typography":"custom","description_typography_font_size":{"unit":"px","size":14,"sizes":[]},"description_typography_line_height":{"unit":"px","size":20,"sizes":[]},"description_spacing":{"unit":"px","size":0,"sizes":[]},"icon_size":{"unit":"px","size":47,"sizes":[]},"description_typography_font_size_mobile":{"unit":"px","size":14,"sizes":[]}},"elements":[],"isInner":false,"widgetType":"motta-icon-box","elType":"widget"}],"isInner":true,"elType":"column"},{"id":"744a1a30","settings":{"_column_size":25,"_inline_size":null,"_inline_size_tablet":50,"_inline_size_mobile":50,"padding":{"unit":"px","top":"17","right":"16","bottom":"17","left":"16","isLinked":false},"padding_mobile":{"unit":"px","top":"15","right":"6","bottom":"11","left":"6","isLinked":false}},"elements":[{"id":"41450e69","settings":{"icon":{"value":{"url":"https:\/\/motta.uix.store\/electronic\/wp-content\/uploads\/sites\/6\/2021\/12\/secure-payment.svg","id":18470},"library":"svg"},"title":"Secure Payment","description":"Pay with popular and secure<br class=\"hidden-xs\"\/>\npayment methods","position":"left","position_mobile":"top","alignment_mobile":"center","title_typography_typography":"custom","title_typography_font_size":{"unit":"px","size":16,"sizes":[]},"title_typography_font_weight":"500","title_typography_line_height":{"unit":"px","size":24,"sizes":[]},"title_spacing":{"unit":"px","size":0,"sizes":[]},"description_typography_typography":"custom","description_typography_font_size":{"unit":"px","size":14,"sizes":[]},"description_typography_line_height":{"unit":"px","size":20,"sizes":[]},"description_spacing":{"unit":"px","size":0,"sizes":[]},"icon_size":{"unit":"px","size":47,"sizes":[]},"description_typography_font_size_mobile":{"unit":"px","size":14,"sizes":[]}},"elements":[],"isInner":false,"widgetType":"motta-icon-box","elType":"widget"}],"isInner":true,"elType":"column"},{"id":"6eff4f2","settings":{"_column_size":25,"_inline_size":null,"_inline_size_tablet":50,"_inline_size_mobile":50,"padding":{"unit":"px","top":"17","right":"16","bottom":"17","left":"16","isLinked":false},"padding_mobile":{"unit":"px","top":"15","right":"2","bottom":"11","left":"2","isLinked":false}},"elements":[{"id":"50c31548","settings":{"icon":{"value":{"url":"https:\/\/motta.uix.store\/electronic\/wp-content\/uploads\/sites\/6\/2021\/12\/return.svg","id":18473},"library":"svg"},"title":"60-day Return Policy","description":"Merchandise must be returned<br class=\"hidden-xs\"\/>\nwithin 60 days.","position":"left","position_mobile":"top","alignment_mobile":"center","title_typography_typography":"custom","title_typography_font_size":{"unit":"px","size":16,"sizes":[]},"title_typography_font_weight":"500","title_typography_line_height":{"unit":"px","size":24,"sizes":[]},"title_spacing":{"unit":"px","size":0,"sizes":[]},"description_typography_typography":"custom","description_typography_font_size":{"unit":"px","size":14,"sizes":[]},"description_typography_line_height":{"unit":"px","size":20,"sizes":[]},"description_spacing":{"unit":"px","size":0,"sizes":[]},"icon_size":{"unit":"px","size":47,"sizes":[]},"description_typography_font_size_mobile":{"unit":"px","size":14,"sizes":[]}},"elements":[],"isInner":false,"widgetType":"motta-icon-box","elType":"widget"}],"isInner":true,"elType":"column"},{"id":"43590ed7","settings":{"_column_size":25,"_inline_size":null,"_inline_size_tablet":50,"_inline_size_mobile":50,"padding":{"unit":"px","top":"17","right":"16","bottom":"17","left":"16","isLinked":false},"padding_mobile":{"unit":"px","top":"15","right":"5","bottom":"11","left":"5","isLinked":false}},"elements":[{"id":"5ed22e19","settings":{"icon":{"value":{"url":"https:\/\/motta.uix.store\/electronic\/wp-content\/uploads\/sites\/6\/2021\/12\/help-center.svg","id":18478},"library":"svg"},"title":"24\/7 Help Center","description":"We'll respond to you within<br class=\"hidden-xs\"\/>\n24 hours","position":"left","position_mobile":"top","alignment_mobile":"center","title_typography_typography":"custom","title_typography_font_size":{"unit":"px","size":16,"sizes":[]},"title_typography_font_weight":"500","title_typography_line_height":{"unit":"px","size":24,"sizes":[]},"title_spacing":{"unit":"px","size":0,"sizes":[]},"description_typography_typography":"custom","description_typography_font_size":{"unit":"px","size":14,"sizes":[]},"description_typography_line_height":{"unit":"px","size":20,"sizes":[]},"description_spacing":{"unit":"px","size":0,"sizes":[]},"icon_size":{"unit":"px","size":47,"sizes":[]},"description_typography_font_size_mobile":{"unit":"px","size":14,"sizes":[]}},"elements":[],"isInner":false,"widgetType":"motta-icon-box","elType":"widget"}],"isInner":true,"elType":"column"}],"isInner":true,"elType":"section"}],"isInner":false,"elType":"column"}],"isInner":false,"elType":"section"}],"page_settings":{"footer_mobile_layout":"16455","motta_hide_topbar":"default","motta_hide_campain_bar":"default","header_layout":"v8","motta_hide_page_header":"1","motta_hide_title":"default","motta_hide_breadcrumb":"default","motta_content_top_spacing":"no","motta_content_top_padding":{"unit":"px","size":"63","sizes":[]},"motta_content_bottom_spacing":"no","motta_content_bottom_padding":{"unit":"px","size":"63","sizes":[]},"motta_hide_footer_section":"default","footer_layout":"11669"},"version":"0.4","title":"home-v8","type":"page"}