{"content":[{"id":"7c9d2f07","settings":{"structure":"20","padding":{"unit":"px","top":"10","right":"0","bottom":"0","left":"0","isLinked":false}},"elements":[{"id":"1e7703ca","settings":{"_column_size":50,"_inline_size":66,"padding":{"unit":"px","top":"0","right":"5","bottom":"0","left":"12","isLinked":false},"padding_tablet":{"unit":"px","top":"0","right":"0","bottom":"0","left":"16","isLinked":false},"padding_mobile":{"unit":"px","top":"0","right":"0","bottom":"0","left":"0","isLinked":false}},"elements":[{"id":"3ab83184","settings":{"slides":[{"before_desc":"Spring Deals","description":"Spring into incredible deals on a selection of TVs, Smart screens, and so much more.","button_text":"Shop Now","_id":"d2b607b","title":"Spring Deals","banner_background_img":{"id":9881,"url":"https:\/\/motta.uix.store\/wp-content\/uploads\/2022\/07\/homev3-slider1.jpg","alt":"","source":"library"},"custom_style":"yes","btn_custom_bgcolor":"#0B5052","before_title":"Electronics","background_size_mobile":"cover","background_position_mobile":"center center","subtitle":"Electronics","primary_button_text":"Shop Now","primary_button_link":{"url":"https:\/\/motta.uix.store\/product-category\/electronics\/?products_group=sale","is_external":"","nofollow":"","custom_attributes":""}},{"before_desc":"Abracadabra.","description":"A perfectly poised stand. And blazingly fast Thunderbolt ports.","button_text":"Shop Now","_id":"235218b","title":"Abracadabra.","banner_background_img":{"id":9882,"url":"https:\/\/motta.uix.store\/wp-content\/uploads\/2022\/07\/homev3-slider2.jpg","alt":"","source":"library"},"before_title":"imac","background_position_mobile":"center center","subtitle":"Imac","primary_button_text":"Shop Now","primary_button_link":{"url":"https:\/\/motta.uix.store\/product-category\/electronics\/computers-accessories\/","is_external":"","nofollow":"","custom_attributes":""}},{"before_desc":"Simple Style","description":"Dining, living, and desk areas serve their purposes in total harmony of style.","button_text":"Shop Now","_id":"012d9fe","title":"Simple Style","banner_background_img":{"id":9883,"url":"https:\/\/motta.uix.store\/wp-content\/uploads\/2022\/07\/homev3-slider3.jpg","alt":"","source":"library"},"before_title":"Furniture","background_position_mobile":"center center","subtitle":"Furniture","primary_button_text":"Shop Now","primary_button_link":{"url":"https:\/\/motta.uix.store\/product-category\/homegarden\/furniture\/","is_external":"","nofollow":"","custom_attributes":""}}],"autoplay":"","sliders_arrow_style":"yes","arrows_spacing":{"unit":"px","size":16,"sizes":[]},"arrows_spacing_vertical":{"unit":"px","size":161,"sizes":[]},"sliders_arrows_size":{"unit":"px","size":18,"sizes":[]},"sliders_arrows_width":{"unit":"px","size":32,"sizes":[]},"shape":"round","btn_bgcolor":"#0B5052","sliders_arrows_height":{"unit":"px","size":60,"sizes":[]},"sliders_arrow_boxshadow_style":"yes","sliders_arrow_boxshadow":{"horizontal":0,"vertical":0,"blur":0,"spread":0,"color":"rgba(0,0,0,0.5)"},"slides_height":{"unit":"px","size":400,"sizes":[]},"heading_color":"#1D2128","heading_typography_typography":"custom","heading_typography_font_size":{"unit":"px","size":10,"sizes":[]},"heading_typography_font_weight":"600","heading_typography_text_transform":"uppercase","heading_spacing":{"unit":"px","size":5,"sizes":[]},"beforedesc_color":"#1D2128","beforedesc_typography_typography":"custom","beforedesc_typography_font_size":{"unit":"px","size":40,"sizes":[]},"beforedesc_typography_font_weight":"600","beforedesc_spacing":{"unit":"px","size":13,"sizes":[]},"description_color":"#1D2128","description_typography_typography":"custom","description_typography_font_size":{"unit":"px","size":16,"sizes":[]},"description_typography_font_weight":"400","description_typography_line_height":{"unit":"px","size":24,"sizes":[]},"description_spacing":{"unit":"px","size":25,"sizes":[]},"_border_radius":{"unit":"%","top":"","right":"","bottom":"","left":"","isLinked":true},"_border_radius_tablet":{"unit":"%","top":"","right":"","bottom":"","left":"","isLinked":true},"_border_radius_mobile":{"unit":"%","top":"","right":"","bottom":"","left":"","isLinked":true},"slides_height_mobile":{"unit":"px","size":240,"sizes":[]},"navigation":"both","navigation_tablet":"dots","infinite":"yes","beforedesc_typography_font_size_mobile":{"unit":"px","size":24,"sizes":[]},"description_typography_font_size_mobile":{"unit":"px","size":12,"sizes":[]},"description_spacing_mobile":{"unit":"px","size":12,"sizes":[]},"centeredSlides":"yes","arrow_style_layout":"2","dots_style_layout":"2","sliders_dots_style":"yes","sliders_dots_offset_ver":{"unit":"px","size":2,"sizes":[]},"sliders_bgcolor_dots":"#02010100","navigation_mobile":"dots","before_title_typography_text_transform":"uppercase","before_title_spacing":{"unit":"px","size":11,"sizes":[]},"before_title_spacing_mobile":{"unit":"px","size":3,"sizes":[]},"title_typography_typography":"custom","title_spacing":{"unit":"px","size":19,"sizes":[]},"title_spacing_mobile":{"unit":"px","size":9,"sizes":[]},"description_typography_line_height_mobile":{"unit":"px","size":16,"sizes":[]},"size":"small","btn_padding":{"unit":"px","top":"6","right":"35","bottom":"6","left":"35","isLinked":false},"btn_padding_mobile":{"unit":"px","top":"0","right":"0","bottom":"0","left":"0","isLinked":true},"sliders_dots_offset_ver_mobile":{"unit":"px","size":-4,"sizes":[]},"slides_radius":{"unit":"px","top":"6","right":"6","bottom":"6","left":"6","isLinked":true},"slides_layout":"","sliders_arrows_horizontal_spacing":{"unit":"px","size":15,"sizes":[]},"slides_vertical_position":"middle","slides_vertical_position_tablet":"middle","slides_vertical_position_mobile":"middle","subtitle_spacing":{"unit":"px","size":13,"sizes":[]},"slides_content_width":{"unit":"px","size":485,"sizes":[]},"slides_content_width_tablet":{"unit":"px","size":406,"sizes":[]},"slides_content_width_mobile":{"unit":"px","size":217,"sizes":[]},"slides_content_padding":{"unit":"px","top":"20","right":"50","bottom":"20","left":"80","isLinked":false},"slides_content_padding_tablet":{"unit":"px","top":"20","right":"30","bottom":"20","left":"30","isLinked":false},"slides_content_padding_mobile":{"unit":"px","top":"20","right":"20","bottom":"30","left":"20","isLinked":false},"primary_button_typography_typography":"custom","primary_button_typography_font_size_mobile":{"unit":"px","size":11,"sizes":[]},"primary_button_options":"yes","primary_button_width_mobile":{"unit":"px","size":89,"sizes":[]},"primary_button_height_mobile":{"unit":"px","size":32,"sizes":[]},"arrows_icon":"thin","slides_text_align":"","subtitle_typography_typography":"custom","title_typography_font_size":{"unit":"px","size":44,"sizes":[]},"title_typography_font_size_mobile":{"unit":"px","size":28,"sizes":[]},"primary_button_width":{"unit":"px","size":135,"sizes":[]}},"elements":[],"isInner":false,"widgetType":"motta-slides","elType":"widget"}],"isInner":false,"elType":"column"},{"id":"7cf05ebe","settings":{"_column_size":50,"_inline_size":34,"padding":{"unit":"px","top":"0","right":"12","bottom":"0","left":"5","isLinked":false},"padding_tablet":{"unit":"px","top":"0","right":"16","bottom":"0","left":"10","isLinked":false},"padding_mobile":{"unit":"px","top":"12","right":"16","bottom":"12","left":"16","isLinked":false}},"elements":[{"id":"38fd353c","settings":{"title":" Stay Comfy\n","button_text":"Shop Now","image":{"id":9884,"url":"https:\/\/motta.uix.store\/wp-content\/uploads\/2022\/07\/homev3-Newarrivals.jpg","alt":"","source":"library"},"height":{"unit":"px","size":195,"sizes":[]},"_border_radius":{"unit":"px","top":"35","right":"35","bottom":"35","left":"35","isLinked":true},"border_radius_img":{"unit":"px","top":"6","right":"6","bottom":"6","left":"6","isLinked":true},"before_title":"New Arrivals","description":"A collection of premium <br>\norganic pieces.\n","link_type":"only","background_position_mobile":"center center","background_size_mobile":"cover","height_mobile":{"unit":"px","size":160,"sizes":[]},"before_title_spacing":{"unit":"px","size":4,"sizes":[]},"before_title_spacing_tablet":{"unit":"px","size":0,"sizes":[]},"before_title_spacing_mobile":{"unit":"px","size":4,"sizes":[]},"before_title_typography_typography":"custom","before_title_typography_font_size":{"unit":"px","size":11,"sizes":[]},"before_title_typography_font_weight":"700","before_title_typography_text_transform":"uppercase","title_spacing":{"unit":"px","size":4,"sizes":[]},"title_spacing_tablet":{"unit":"px","size":0,"sizes":[]},"title_spacing_mobile":{"unit":"px","size":2,"sizes":[]},"title_typography_typography":"custom","title_typography_font_size":{"unit":"px","size":24,"sizes":[]},"title_typography_font_weight":"700","desc_spacing":{"unit":"px","size":4,"sizes":[]},"desc_spacing_tablet":{"unit":"px","size":0,"sizes":[]},"desc_spacing_mobile":{"unit":"px","size":4,"sizes":[]},"desc_typography_typography":"custom","desc_typography_font_size_mobile":{"unit":"px","size":14,"sizes":[]},"desc_typography_line_height":{"unit":"px","size":16,"sizes":[]},"type":"subtle","button_color":"#1D2128","skin":"subtle","shape":"round","desc_color":"#1D2128","banner_vertical_position_tablet":"middle","banner_spacing":{"unit":"px","top":"40","right":"30","bottom":"40","left":"30","isLinked":false},"banner_spacing_tablet":{"unit":"px","top":"20","right":"20","bottom":"20","left":"20","isLinked":true},"primary_button_text":"Shop Now","primary_button_skin":"subtle","primary_button_options":"yes","primary_button_color":"#1D2128","primary_button_link":{"url":"https:\/\/motta.uix.store\/product-category\/fashion\/","is_external":"","nofollow":"","custom_attributes":""},"youtube_url":"https:\/\/www.youtube.com\/watch?v=XHOmBV4js_E"},"elements":[],"isInner":false,"widgetType":"motta-banner","elType":"widget"},{"id":"61b6284","settings":{"image":{"id":9885,"url":"https:\/\/motta.uix.store\/wp-content\/uploads\/2022\/07\/homev3-featured.jpg","alt":"","source":"library"},"title":"Smart Toothbrush","button_text":"Shop Now","height":{"unit":"px","size":195,"sizes":[]},"_margin":{"unit":"px","top":"10","right":"0","bottom":"0","left":"0","isLinked":false},"border_radius_img":{"unit":"px","top":"6","right":"6","bottom":"6","left":"6","isLinked":true},"before_title":"Featured","description":"A brush that knows you. an app <br>\nthat shows you.\n","background_position_mobile":"center center","background_size_mobile":"cover","height_mobile":{"unit":"px","size":160,"sizes":[]},"before_title_spacing":{"unit":"px","size":4,"sizes":[]},"before_title_spacing_tablet":{"unit":"px","size":0,"sizes":[]},"before_title_spacing_mobile":{"unit":"px","size":4,"sizes":[]},"before_title_typography_typography":"custom","before_title_typography_font_size":{"unit":"px","size":11,"sizes":[]},"before_title_typography_font_weight":"700","before_title_typography_text_transform":"uppercase","title_spacing":{"unit":"px","size":2,"sizes":[]},"title_spacing_tablet":{"unit":"px","size":0,"sizes":[]},"title_spacing_mobile":{"unit":"px","size":2,"sizes":[]},"title_typography_typography":"custom","title_typography_font_size":{"unit":"px","size":24,"sizes":[]},"title_typography_font_weight":"700","desc_spacing":{"unit":"px","size":4,"sizes":[]},"desc_spacing_tablet":{"unit":"px","size":0,"sizes":[]},"desc_spacing_mobile":{"unit":"px","size":4,"sizes":[]},"desc_typography_typography":"custom","desc_typography_font_size_mobile":{"unit":"px","size":14,"sizes":[]},"desc_typography_line_height":{"unit":"px","size":16,"sizes":[]},"type":"subtle","button_color":"#1D2128","_border_radius":{"unit":"px","top":"35","right":"35","bottom":"35","left":"35","isLinked":true},"skin":"subtle","shape":"round","desc_color":"#1D2128","_margin_mobile":{"unit":"px","top":"12","right":"0","bottom":"0","left":"0","isLinked":false},"banner_vertical_position_tablet":"middle","banner_spacing":{"unit":"px","top":"40","right":"30","bottom":"40","left":"30","isLinked":false},"banner_spacing_tablet":{"unit":"px","top":"20","right":"20","bottom":"20","left":"20","isLinked":true},"primary_button_text":"Shop Now","primary_button_skin":"subtle","primary_button_options":"yes","primary_button_color":"#1D2128","primary_button_link":{"url":"https:\/\/motta.uix.store\/product-category\/electronics\/accessories-supplies\/","is_external":"","nofollow":"","custom_attributes":""},"youtube_url":"https:\/\/www.youtube.com\/watch?v=XHOmBV4js_E"},"elements":[],"isInner":false,"widgetType":"motta-banner","elType":"widget"}],"isInner":false,"elType":"column"}],"isInner":false,"elType":"section"},{"id":"48bc9435","settings":{"padding_mobile":{"unit":"px","top":"0","right":"0","bottom":"0","left":"0","isLinked":true},"padding":{"unit":"px","top":"15","right":"0","bottom":"1","left":"0","isLinked":false}},"elements":[{"id":"5afabf5c","settings":{"_column_size":100,"_inline_size":null},"elements":[{"id":"3186cc52","settings":{"title":"Shop by Category","button_text":"See All","title_size":"h4","button_color":"#1D2128","typography_font_size_mobile":{"unit":"px","size":24,"sizes":[]},"typography_font_weight":"500","primary_button_text":"See All","primary_button_link":{"url":"#","is_external":"","nofollow":"","custom_attributes":""},"size":"large","typography_typography":"custom","typography_font_size":{"unit":"px","size":28,"sizes":[]}},"elements":[],"isInner":false,"widgetType":"motta-heading","elType":"widget"}],"isInner":false,"elType":"column"}],"isInner":false,"elType":"section"},{"id":"7ff20965","settings":{"padding_mobile":{"unit":"px","top":"0","right":"0","bottom":"019","left":"0","isLinked":false},"tablet_column_alignment":"column_xxs"},"elements":[{"id":"62cfee90","settings":{"_column_size":100,"_inline_size":null,"padding_mobile":{"unit":"px","top":"11","right":"0","bottom":"6","left":"6","isLinked":false}},"elements":[{"id":"5ba050e2","settings":{"horizontal_scrollable":"yes","horizontal_scrollable_tablet":"yes","horizontal_scrollable_mobile":"yes","columns":9,"columns_tablet":5.5,"columns_mobile":3.5,"image_box":[{"_id":"355b6d5","image":{"url":"https:\/\/motta.uix.store\/wp-content\/uploads\/2022\/08\/homev3-deals.jpg","id":13419,"alt":"","source":"library"},"title":"Deals","link":{"url":"https:\/\/motta.uix.store\/product-category\/deals\/","is_external":"","nofollow":"","custom_attributes":""}},{"image":{"url":"https:\/\/motta.uix.store\/wp-content\/uploads\/2022\/08\/homev3-electronics.jpg","id":13420,"alt":"","source":"library"},"title":"Electronics","link":{"url":"https:\/\/motta.uix.store\/product-category\/electronics\/","is_external":"","nofollow":"","custom_attributes":""},"_id":"9edde3b"},{"image":{"url":"https:\/\/motta.uix.store\/wp-content\/uploads\/2022\/08\/homev3-homegarden.jpg","id":13422,"alt":"","source":"library"},"title":"Home & Garden","_id":"967e533","link":{"url":"https:\/\/motta.uix.store\/product-category\/homegarden\/","is_external":"","nofollow":"","custom_attributes":""}},{"image":{"url":"https:\/\/motta.uix.store\/wp-content\/uploads\/2022\/08\/homev3-fashion.jpg","id":13421,"alt":"","source":"library"},"title":"Fashion","_id":"d5ae99a","link":{"url":"https:\/\/motta.uix.store\/product-category\/fashion\/","is_external":"","nofollow":"","custom_attributes":""}},{"image":{"url":"https:\/\/motta.uix.store\/wp-content\/uploads\/2022\/08\/homev3-jewelry.jpg","id":13423,"alt":"","source":"library"},"title":"Jewelry","_id":"dfa2f67","link":{"url":"https:\/\/motta.uix.store\/product-category\/jewelry\/","is_external":"","nofollow":"","custom_attributes":""}},{"image":{"url":"https:\/\/motta.uix.store\/wp-content\/uploads\/2022\/08\/homev3-beauty.jpg","id":13418,"alt":"","source":"library"},"title":"Beauty & Heathy","link":{"url":"https:\/\/motta.uix.store\/product-category\/beauty-health\/","is_external":"","nofollow":"","custom_attributes":""},"_id":"d89f832"},{"image":{"url":"https:\/\/motta.uix.store\/wp-content\/uploads\/2022\/08\/homev3-toys.jpg","id":13426,"alt":"","source":"library"},"title":"Toys & Games","_id":"399afa9","link":{"url":"https:\/\/motta.uix.store\/product-category\/toysgames\/","is_external":"","nofollow":"","custom_attributes":""}},{"image":{"url":"https:\/\/motta.uix.store\/wp-content\/uploads\/2022\/08\/homev3-motherkids.jpg","id":13424,"alt":"","source":"library"},"title":"Mother & Kids","_id":"73d46e1","link":{"url":"https:\/\/motta.uix.store\/product-category\/motherkids\/","is_external":"","nofollow":"","custom_attributes":""}},{"image":{"url":"https:\/\/motta.uix.store\/wp-content\/uploads\/2022\/08\/homev3-sports.jpg","id":13425,"alt":"","source":"library"},"title":"Sports","_id":"0340518","link":{"url":"https:\/\/motta.uix.store\/product-category\/sports\/","is_external":"","nofollow":"","custom_attributes":""}}],"item_spacing":{"unit":"px","top":"0","right":"10","bottom":"0","left":"10","isLinked":false},"image_size":"thumbnail","image_border_radius":{"unit":"px","size":100,"sizes":[]},"image_spacing":{"unit":"px","size":15,"sizes":[]},"title_typography_typography":"custom","title_typography_font_size":{"unit":"px","size":14,"sizes":[]},"title_typography_font_weight":"500","image_width":{"unit":"px","size":85,"sizes":[]},"title_typography_line_height":{"unit":"px","size":36,"sizes":[]}},"elements":[],"isInner":false,"widgetType":"motta-image-box-grid","elType":"widget"}],"isInner":false,"elType":"column"}],"isInner":false,"elType":"section"},{"id":"39312c42","settings":{"border_border":"solid","border_width":{"unit":"px","top":"0","right":"0","bottom":"0","left":"0","isLinked":true},"border_width_tablet":{"unit":"px","top":"0","right":"0","bottom":"0","left":"0","isLinked":true},"border_width_mobile":{"unit":"px","top":"4","right":"0","bottom":"0","left":"0","isLinked":false},"border_color":"#ECF0F4","padding":{"unit":"px","top":"45","right":"0","bottom":"0","left":"0","isLinked":false},"padding_mobile":{"unit":"px","top":"12","right":"0","bottom":"0","left":"0","isLinked":false}},"elements":[{"id":"47d9a948","settings":{"_column_size":100,"_inline_size":null},"elements":[{"id":"4e884ba3","settings":{"title":"Daily Deals","title_size":"h4","button_color":"#1D2128","typography_font_size_mobile":{"unit":"px","size":24,"sizes":[]},"typography_font_weight":"500","button_text_mobile":"See All Products","primary_button_link":{"url":"https:\/\/motta.uix.store\/product-deals-of-the-day\/","is_external":"","nofollow":"","custom_attributes":""},"primary_button_options":"yes","primary_mobile_button_options":"yes","primary_mobile_button_color":"#1D2128","before_title":"before","primary_button_text":"See All","size":"large","typography_typography":"custom","typography_font_size":{"unit":"px","size":28,"sizes":[]}},"elements":[],"isInner":false,"widgetType":"motta-heading","elType":"widget"}],"isInner":false,"elType":"column"}],"isInner":false,"elType":"section"},{"id":"3153b468","settings":{"padding_mobile":{"unit":"px","top":"0","right":"0","bottom":"24","left":"0","isLinked":false},"padding":{"unit":"px","top":"2","right":"0","bottom":"0","left":"0","isLinked":false}},"elements":[{"id":"253e6681","settings":{"_column_size":100,"_inline_size":null,"padding_mobile":{"unit":"px","top":"11","right":"16","bottom":"10","left":"16","isLinked":false}},"elements":[{"id":"5660eb1f","settings":{"title":"Only Available For\n24 Hours.","after_title":"Don't Miss Out!","button_text":"See All Products","slides_to_show":4,"slides_to_show_tablet":2,"slides_to_show_mobile":1,"slides_to_scroll_tablet":1,"slides_to_scroll_mobile":1,"navigation_tablet":"arrows","navigation_mobile":"none","button_padding_mobile":{"unit":"px","top":"0","right":"15","bottom":"0","left":"15","isLinked":false},"sale_text":"Sale Ends in","heading_style":"2","heading_position":"left","show_progress_bar":"","skin":"default","hide_progress_bar":"yes","heading_width":{"unit":"px","size":218,"sizes":[]},"primary_button_text":"See All Products","primary_button_link":{"url":"https:\/\/motta.uix.store\/product-deals-of-the-day\/","is_external":"","nofollow":"","custom_attributes":""},"heading_width_mobile":{"unit":"px","size":165,"sizes":[]},"primary_button_skin":"base","primary_mobile_button_skin":"base","primary_button_options":"yes","primary_button_width":{"unit":"px","size":165,"sizes":[]},"primary_button_background_color":"#FF9E20","primary_button_typography_typography":"custom","primary_mobile_button_typography_typography":"custom","primary_mobile_button_options":"yes","primary_mobile_button_padding_mobile":{"unit":"px","top":"0","right":"0","bottom":"0","left":"0","isLinked":true},"primary_mobile_button_width_mobile":{"unit":"px","size":132,"sizes":[]},"primary_mobile_button_background_color":"#FF9E20","primary_button_padding_mobile":{"unit":"px","top":"0","right":"10","bottom":"0","left":"10","isLinked":false},"primary_button_width_mobile":{"unit":"px","size":132,"sizes":[]},"orderby":"date","product_tag":"","type":"recent","hide_vendor":"none","title_typography_typography":"custom","after_title_typography_typography":"custom","sale_text_typography_typography":"custom"},"elements":[],"isInner":false,"widgetType":"motta-product-deals","elType":"widget"}],"isInner":false,"elType":"column"}],"isInner":false,"elType":"section"},{"id":"7efeea46","settings":{"border_border":"solid","border_width":{"unit":"px","top":"0","right":"0","bottom":"0","left":"0","isLinked":true},"border_width_tablet":{"unit":"px","top":"0","right":"0","bottom":"0","left":"0","isLinked":true},"border_width_mobile":{"unit":"px","top":"4","right":"0","bottom":"0","left":"0","isLinked":false},"border_color":"#ECF0F4","padding":{"unit":"px","top":"40","right":"0","bottom":"0","left":"0","isLinked":false},"padding_mobile":{"unit":"px","top":"12","right":"0","bottom":"0","left":"0","isLinked":false}},"elements":[{"id":"19940f73","settings":{"_column_size":100,"_inline_size":null},"elements":[{"id":"29aa56a9","settings":{"title":"Our Featured Offers","button_text":"See All Offers","title_size":"h4","button_color":"#1D2128","typography_font_size_mobile":{"unit":"px","size":24,"sizes":[]},"typography_font_weight":"500","primary_button_text":"See All Offers","primary_mobile_button_text":"See All ","primary_button_link":{"url":"https:\/\/motta.uix.store\/shop\/","is_external":"","nofollow":"","custom_attributes":""},"size":"large","typography_typography":"custom","typography_font_size":{"unit":"px","size":28,"sizes":[]}},"elements":[],"isInner":false,"widgetType":"motta-heading","elType":"widget"}],"isInner":false,"elType":"column"}],"isInner":false,"elType":"section"},{"id":"29ad965","settings":{"structure":"20","padding_mobile":{"unit":"px","top":"6","right":"0","bottom":"0","left":"0","isLinked":false}},"elements":[{"id":"6f57b2d9","settings":{"_column_size":50,"_inline_size":49.855,"padding_mobile":{"unit":"px","top":"5","right":"16","bottom":"5","left":"16","isLinked":false},"padding":{"unit":"px","top":"12","right":"5","bottom":"12","left":"12","isLinked":false}},"elements":[{"id":"39443e41","settings":{"title":"Trade in and Save","button_text":"Shop Now","link_type":"only","button_text_2":"Learn More","image":{"id":9886,"url":"https:\/\/motta.uix.store\/wp-content\/uploads\/2022\/07\/homev3-trade.jpg","alt":"","source":"library"},"before_title":"Cell Phones","description":"From $29.12\/mo. for 24 mo. or $699 before trade-in","background_position":"center center","height":{"unit":"px","size":560,"sizes":[]},"before_title_spacing":{"unit":"px","size":6,"sizes":[]},"before_title_typography_typography":"custom","before_title_typography_font_size":{"unit":"px","size":11,"sizes":[]},"before_title_typography_font_weight":"700","before_title_typography_text_transform":"uppercase","title_spacing":{"unit":"px","size":10,"sizes":[]},"title_typography_typography":"custom","title_typography_font_size":{"unit":"px","size":28,"sizes":[]},"title_typography_font_weight":"700","desc_spacing":{"unit":"px","size":22,"sizes":[]},"desc_typography_typography":"custom","shape":"round","size":"medium","button_padding":{"unit":"px","top":"0","right":"33","bottom":"0","left":"33","isLinked":false},"button_background_color":"#0B5052","button_color_2":"#1D2128","border_radius_img":{"unit":"px","top":"6","right":"6","bottom":"6","left":"6","isLinked":true},"height_mobile":{"unit":"px","size":355,"sizes":[]},"title_typography_font_size_mobile":{"unit":"px","size":24,"sizes":[]},"desc_spacing_mobile":{"unit":"px","size":15,"sizes":[]},"image_mobile":{"url":"https:\/\/motta.uix.store\/wp-content\/uploads\/2022\/09\/homev3-mtrade.png","id":15730,"alt":"","source":"library"},"background_position_xy_mobile":{"unit":"px","top":"5","right":0,"bottom":0,"left":"3","isLinked":false},"background_repeat_mobile":"no-repeat","background_size_mobile":"contain","button_link_2":{"url":"#","is_external":false,"nofollow":false,"custom_attributes":""},"spacing_between_button":{"unit":"px","size":32,"sizes":[]},"desc_color":"#1D2128","banner_spacing":{"unit":"px","top":"29","right":"32","bottom":"29","left":"32","isLinked":false},"banner_spacing_tablet":{"unit":"px","top":"20","right":"20","bottom":"20","left":"20","isLinked":true},"banner_spacing_mobile":{"unit":"px","top":"20","right":"5","bottom":"20","left":"20","isLinked":false},"primary_button_text":"Shop Now","primary_button_link":{"url":"https:\/\/motta.uix.store\/product-category\/electronics\/cell-phones-accessories\/","is_external":"","nofollow":"","custom_attributes":""},"button_link_type":"only","second_button_text":"Learn More","second_button_link":{"url":"https:\/\/motta.uix.store\/product-category\/electronics\/cell-phones-accessories\/","is_external":"","nofollow":"","custom_attributes":""},"second_button_options":"yes","second_button_color":"#1D2128","background_position_mobile":"center bottom","youtube_url":"https:\/\/www.youtube.com\/watch?v=XHOmBV4js_E","banner_background_color":"#ECF0F5","desc_typography_font_size_mobile":{"unit":"px","size":14,"sizes":[]}},"elements":[],"isInner":false,"widgetType":"motta-banner","elType":"widget"}],"isInner":false,"elType":"column"},{"id":"6894423","settings":{"_column_size":50,"_inline_size":50.102,"padding":{"unit":"px","top":"0","right":"0","bottom":"0","left":"0","isLinked":false}},"elements":[{"id":"3fcbc2b2","settings":{"gap":"no","structure":"20","padding_mobile":{"unit":"px","top":"0","right":"0","bottom":"0","left":"0","isLinked":false}},"elements":[{"id":"5c2283fb","settings":{"_column_size":50,"_inline_size":50,"padding":{"unit":"px","top":"12","right":"5","bottom":"5","left":"5","isLinked":false},"padding_mobile":{"unit":"px","top":"5","right":"16","bottom":"5","left":"16","isLinked":false}},"elements":[{"id":"6bd51eb2","settings":{"title":"Limited Edition","button_text":"Shop Now","image":{"id":9887,"url":"https:\/\/motta.uix.store\/wp-content\/uploads\/2022\/07\/homev3-limitededition.jpg","alt":"","source":"library"},"height":{"unit":"px","size":315,"sizes":[]},"_border_radius":{"unit":"px","top":"35","right":"35","bottom":"35","left":"35","isLinked":true},"border_radius_img":{"unit":"px","top":"6","right":"6","bottom":"6","left":"6","isLinked":true},"before_title":"Fragrance","description":"The perfect complement your outfit\n","link_type":"only","background_position_mobile":"center center","background_size_mobile":"cover","height_mobile":{"unit":"px","size":343,"sizes":[]},"before_title_spacing":{"unit":"px","size":3,"sizes":[]},"before_title_spacing_tablet":{"unit":"px","size":0,"sizes":[]},"before_title_spacing_mobile":{"unit":"px","size":5,"sizes":[]},"before_title_typography_typography":"custom","before_title_typography_font_size":{"unit":"px","size":11,"sizes":[]},"before_title_typography_font_weight":"700","before_title_typography_text_transform":"uppercase","title_spacing":{"unit":"px","size":10,"sizes":[]},"title_spacing_tablet":{"unit":"px","size":0,"sizes":[]},"title_spacing_mobile":{"unit":"px","size":8,"sizes":[]},"title_typography_typography":"custom","title_typography_font_size":{"unit":"px","size":24,"sizes":[]},"title_typography_font_weight":"700","desc_spacing":{"unit":"px","size":4,"sizes":[]},"desc_spacing_tablet":{"unit":"px","size":0,"sizes":[]},"desc_spacing_mobile":{"unit":"px","size":4,"sizes":[]},"desc_typography_typography":"custom","desc_typography_font_size_mobile":{"unit":"px","size":14,"sizes":[]},"desc_typography_line_height":{"unit":"px","size":16,"sizes":[]},"type":"subtle","button_color":"#1D2128","skin":"subtle","shape":"round","image_mobile":{"url":"","id":"","alt":"","source":"library"},"desc_color":"#1D2128","banner_spacing":{"unit":"px","top":"29","right":"30","bottom":"29","left":"32","isLinked":false},"banner_spacing_tablet":{"unit":"px","top":"20","right":"20","bottom":"20","left":"20","isLinked":true},"primary_button_text":"Shop Now","primary_button_skin":"subtle","primary_button_options":"yes","primary_button_color":"#1D2128","primary_button_link":{"url":"https:\/\/motta.uix.store\/product-category\/beauty-health\/beauty\/makeup-tools\/","is_external":"","nofollow":"","custom_attributes":""},"youtube_url":"https:\/\/www.youtube.com\/watch?v=XHOmBV4js_E"},"elements":[],"isInner":false,"widgetType":"motta-banner","elType":"widget"}],"isInner":true,"elType":"column"},{"id":"2b26db92","settings":{"_column_size":50,"_inline_size":49.999,"padding":{"unit":"px","top":"12","right":"12","bottom":"5","left":"5","isLinked":false},"padding_mobile":{"unit":"px","top":"5","right":"16","bottom":"5","left":"16","isLinked":false}},"elements":[{"id":"9e9d499","settings":{"title":"Springtime\n","button_text":"Shop Now","image":{"id":9888,"url":"https:\/\/motta.uix.store\/wp-content\/uploads\/2022\/07\/homev3-springtime.jpg","alt":"","source":"library"},"height":{"unit":"px","size":315,"sizes":[]},"_border_radius":{"unit":"px","top":"35","right":"35","bottom":"35","left":"35","isLinked":true},"border_radius_img":{"unit":"px","top":"6","right":"6","bottom":"6","left":"6","isLinked":true},"before_title":"Furniture","description":"Best-selling industrial collection","link_type":"only","background_position_mobile":"center center","background_size_mobile":"cover","height_mobile":{"unit":"px","size":343,"sizes":[]},"before_title_spacing":{"unit":"px","size":3,"sizes":[]},"before_title_spacing_tablet":{"unit":"px","size":0,"sizes":[]},"before_title_spacing_mobile":{"unit":"px","size":5,"sizes":[]},"before_title_typography_typography":"custom","before_title_typography_font_size":{"unit":"px","size":11,"sizes":[]},"before_title_typography_font_weight":"700","before_title_typography_text_transform":"uppercase","title_spacing":{"unit":"px","size":10,"sizes":[]},"title_spacing_tablet":{"unit":"px","size":0,"sizes":[]},"title_spacing_mobile":{"unit":"px","size":8,"sizes":[]},"title_typography_typography":"custom","title_typography_font_size":{"unit":"px","size":24,"sizes":[]},"title_typography_font_weight":"700","desc_spacing":{"unit":"px","size":4,"sizes":[]},"desc_spacing_tablet":{"unit":"px","size":0,"sizes":[]},"desc_spacing_mobile":{"unit":"px","size":4,"sizes":[]},"desc_typography_typography":"custom","desc_typography_font_size_mobile":{"unit":"px","size":14,"sizes":[]},"desc_typography_line_height":{"unit":"px","size":16,"sizes":[]},"type":"subtle","button_color":"#1D2128","skin":"subtle","shape":"round","image_mobile":{"url":"","id":"","alt":"","source":"library"},"desc_color":"#1D2128","banner_spacing":{"unit":"px","top":"29","right":"32","bottom":"29","left":"32","isLinked":false},"banner_spacing_tablet":{"unit":"px","top":"20","right":"20","bottom":"20","left":"20","isLinked":true},"primary_button_text":"Shop Now","primary_button_skin":"subtle","primary_button_options":"yes","primary_button_color":"#1D2128","primary_button_link":{"url":"https:\/\/motta.uix.store\/product-category\/homegarden\/furniture\/","is_external":"","nofollow":"","custom_attributes":""},"youtube_url":"https:\/\/www.youtube.com\/watch?v=XHOmBV4js_E"},"elements":[],"isInner":false,"widgetType":"motta-banner","elType":"widget"}],"isInner":true,"elType":"column"}],"isInner":true,"elType":"section"},{"id":"2e0bb1d9","settings":{"title":"Discover Dinnerware\n","button_text":"Shop Now","image":{"id":9889,"url":"https:\/\/motta.uix.store\/wp-content\/uploads\/2022\/07\/homev3-Discover-diningware.jpg","alt":"","source":"library"},"height":{"unit":"px","size":235,"sizes":[]},"_border_radius":{"unit":"px","top":"35","right":"35","bottom":"35","left":"35","isLinked":true},"border_radius_img":{"unit":"px","top":"6","right":"6","bottom":"6","left":"6","isLinked":true},"before_title":"kitchen & dining","description":"Soft tones & simplistic details add<br>\na special touch.\n","link_type":"only","background_size_mobile":"cover","height_mobile":{"unit":"px","size":343,"sizes":[]},"before_title_spacing":{"unit":"px","size":8,"sizes":[]},"before_title_spacing_tablet":{"unit":"px","size":0,"sizes":[]},"before_title_spacing_mobile":{"unit":"px","size":8,"sizes":[]},"before_title_typography_typography":"custom","before_title_typography_font_size":{"unit":"px","size":11,"sizes":[]},"before_title_typography_font_weight":"700","before_title_typography_text_transform":"uppercase","title_spacing":{"unit":"px","size":10,"sizes":[]},"title_spacing_tablet":{"unit":"px","size":0,"sizes":[]},"title_spacing_mobile":{"unit":"px","size":10,"sizes":[]},"title_typography_typography":"custom","title_typography_font_size":{"unit":"px","size":24,"sizes":[]},"title_typography_font_weight":"700","desc_spacing":{"unit":"px","size":9,"sizes":[]},"desc_spacing_tablet":{"unit":"px","size":0,"sizes":[]},"desc_spacing_mobile":{"unit":"px","size":7,"sizes":[]},"desc_typography_typography":"custom","desc_typography_font_size_mobile":{"unit":"px","size":14,"sizes":[]},"desc_typography_line_height":{"unit":"px","size":16,"sizes":[]},"type":"subtle","button_color":"#1D2128","skin":"subtle","shape":"round","_padding":{"unit":"px","top":"5","right":"12","bottom":"5","left":"5","isLinked":false},"image_mobile":{"url":"https:\/\/motta.uix.store\/wp-content\/uploads\/2022\/07\/homev3-mbanner06.png","id":9897,"alt":"","source":"library"},"background_repeat_mobile":"no-repeat","_padding_mobile":{"unit":"px","top":"5","right":"16","bottom":"5","left":"16","isLinked":false},"title_color":"#1D2128","desc_typography_font_weight":"400","desc_color":"#1D2128","banner_vertical_position":"middle","banner_vertical_position_mobile":"top","banner_spacing":{"unit":"px","top":"29","right":"32","bottom":"29","left":"32","isLinked":false},"banner_spacing_tablet":{"unit":"px","top":"20","right":"20","bottom":"20","left":"20","isLinked":true},"primary_button_text":"Shop Now","primary_button_link":{"url":"https:\/\/motta.uix.store\/product-category\/homegarden\/kitchen-dining\/","is_external":"","nofollow":"","custom_attributes":""},"primary_button_skin":"subtle","primary_button_options":"yes","primary_button_color":"#1D2128","youtube_url":"https:\/\/www.youtube.com\/watch?v=XHOmBV4js_E"},"elements":[],"isInner":false,"widgetType":"motta-banner","elType":"widget"}],"isInner":false,"elType":"column"}],"isInner":false,"elType":"section"},{"id":"6d9da1ab","settings":{"padding_mobile":{"unit":"px","top":"0","right":"0","bottom":"0","left":"0","isLinked":true},"padding":{"unit":"px","top":"50","right":"0","bottom":"0","left":"0","isLinked":false}},"elements":[{"id":"28fe7009","settings":{"_column_size":100,"_inline_size":null,"padding_mobile":{"unit":"px","top":"16","right":"16","bottom":"12","left":"16","isLinked":false}},"elements":[{"id":"5e0c689e","settings":{"title":"Shop With Confidence","title_size":"h4","button_color":"#1D2128","typography_font_size_mobile":{"unit":"px","size":24,"sizes":[]},"typography_font_weight":"500","typography_line_height_mobile":{"unit":"px","size":"","sizes":[]},"size":"large","typography_typography":"custom","typography_font_size":{"unit":"px","size":28,"sizes":[]}},"elements":[],"isInner":false,"widgetType":"motta-heading","elType":"widget"}],"isInner":false,"elType":"column"}],"isInner":false,"elType":"section"},{"id":"6d6daf2d","settings":{"structure":"50","padding_mobile":{"unit":"px","top":"0","right":"0","bottom":"0","left":"0","isLinked":true},"padding":{"unit":"px","top":"3","right":"0","bottom":"51","left":"0","isLinked":false},"tablet_column_alignment":"column_xxxs"},"elements":[{"id":"3339d644","settings":{"_column_size":20,"_inline_size":null,"_inline_size_mobile":50,"padding_mobile":{"unit":"px","top":"0","right":"0","bottom":"0","left":"0","isLinked":true}},"elements":[{"id":"21ac745f","settings":{"icon":{"value":{"url":"https:\/\/motta.uix.store\/wp-content\/uploads\/2022\/08\/worldwide.svg","id":13428},"library":"svg"},"title":"Worldwide Delivery","description":"200 countries and regions<br class=\"hidden-xs hidden-sm\">\nworldwide","icon_color":"#0B5052","icon_spacing":{"unit":"px","size":28,"sizes":[]},"icon_size":{"unit":"px","size":47,"sizes":[]},"align":"center","title_typography_typography":"custom","title_typography_font_size":{"unit":"px","size":16,"sizes":[]},"title_typography_font_weight":"500","title_typography_line_height":{"unit":"px","size":24,"sizes":[]},"title_spacing":{"unit":"px","size":8,"sizes":[]},"title_spacing_mobile":{"unit":"px","size":4,"sizes":[]},"description_typography_typography":"custom","description_typography_font_size":{"unit":"px","size":14,"sizes":[]},"description_typography_font_size_mobile":{"unit":"px","size":12,"sizes":[]},"description_typography_line_height":{"unit":"px","size":20,"sizes":[]},"alignment":"center","description_typography_line_height_mobile":{"unit":"px","size":16,"sizes":[]},"description_spacing_mobile":{"unit":"px","size":0,"sizes":[]},"image":{"id":9445,"url":"http:\/\/localhost\/dev\/motta\/wp-content\/uploads\/sites\/12\/2022\/07\/placeholder.png"},"content_padding_mobile":{"unit":"px","top":"16","right":"4","bottom":"16","left":"16","isLinked":false}},"elements":[],"isInner":false,"widgetType":"motta-icon-box","elType":"widget"}],"isInner":false,"elType":"column"},{"id":"405894f0","settings":{"_column_size":20,"_inline_size":null,"_inline_size_mobile":50,"padding_mobile":{"unit":"px","top":"0","right":"0","bottom":"0","left":"0","isLinked":true}},"elements":[{"id":"7a632bfc","settings":{"icon":{"value":{"url":"https:\/\/motta.uix.store\/wp-content\/uploads\/2022\/08\/secure-payment.svg","id":13429},"library":"svg"},"title":"Secure Payment","description":"Pay with popular and secure<br class=\"hidden-xs hidden-sm\">\npayment methods","icon_color":"#0B5052","icon_spacing":{"unit":"px","size":28,"sizes":[]},"icon_size":{"unit":"px","size":47,"sizes":[]},"align":"center","title_typography_typography":"custom","title_typography_font_size":{"unit":"px","size":16,"sizes":[]},"title_typography_font_weight":"500","title_typography_line_height":{"unit":"px","size":24,"sizes":[]},"title_spacing":{"unit":"px","size":8,"sizes":[]},"title_spacing_mobile":{"unit":"px","size":4,"sizes":[]},"description_typography_typography":"custom","description_typography_font_size":{"unit":"px","size":14,"sizes":[]},"description_typography_font_size_mobile":{"unit":"px","size":12,"sizes":[]},"description_typography_line_height":{"unit":"px","size":20,"sizes":[]},"alignment":"center","description_typography_line_height_mobile":{"unit":"px","size":16,"sizes":[]},"description_spacing_mobile":{"unit":"px","size":0,"sizes":[]},"image":{"id":9446,"url":"http:\/\/localhost\/dev\/motta\/wp-content\/uploads\/sites\/12\/2022\/07\/placeholder-1.png"},"content_padding_mobile":{"unit":"px","top":"16","right":"4","bottom":"16","left":"16","isLinked":false}},"elements":[],"isInner":false,"widgetType":"motta-icon-box","elType":"widget"}],"isInner":false,"elType":"column"},{"id":"32120b2f","settings":{"_column_size":20,"_inline_size":null,"_inline_size_mobile":50,"padding_mobile":{"unit":"px","top":"0","right":"0","bottom":"0","left":"0","isLinked":true}},"elements":[{"id":"7209474b","settings":{"icon":{"value":{"url":"https:\/\/motta.uix.store\/wp-content\/uploads\/2022\/08\/dailydeals.svg","id":13430},"library":"svg"},"title":"Daily Deals","description":"Items you love at prices that<br class=\"hidden-xs hidden-sm\">\nfit your budget","icon_color":"#0B5052","icon_spacing":{"unit":"px","size":28,"sizes":[]},"icon_size":{"unit":"px","size":47,"sizes":[]},"align":"center","title_typography_typography":"custom","title_typography_font_size":{"unit":"px","size":16,"sizes":[]},"title_typography_font_weight":"500","title_typography_line_height":{"unit":"px","size":24,"sizes":[]},"title_spacing":{"unit":"px","size":8,"sizes":[]},"title_spacing_mobile":{"unit":"px","size":4,"sizes":[]},"description_typography_typography":"custom","description_typography_font_size":{"unit":"px","size":14,"sizes":[]},"description_typography_font_size_mobile":{"unit":"px","size":12,"sizes":[]},"description_typography_line_height":{"unit":"px","size":20,"sizes":[]},"alignment":"center","description_typography_line_height_mobile":{"unit":"px","size":16,"sizes":[]},"description_spacing_mobile":{"unit":"px","size":0,"sizes":[]},"image":{"id":9447,"url":"http:\/\/localhost\/dev\/motta\/wp-content\/uploads\/sites\/12\/2022\/07\/placeholder-2.png"},"content_padding_mobile":{"unit":"px","top":"16","right":"4","bottom":"16","left":"16","isLinked":false}},"elements":[],"isInner":false,"widgetType":"motta-icon-box","elType":"widget"}],"isInner":false,"elType":"column"},{"id":"72cdb6df","settings":{"_column_size":20,"_inline_size":null,"_inline_size_mobile":50,"padding_mobile":{"unit":"px","top":"0","right":"0","bottom":"0","left":"0","isLinked":true}},"elements":[{"id":"331205d8","settings":{"icon":{"value":{"url":"https:\/\/motta.uix.store\/wp-content\/uploads\/2022\/08\/return.svg","id":13432},"library":"svg"},"title":"60-day Return Policy","description":"Merchandise must be returned<br class=\"hidden-xs hidden-sm\"> within 60 days.","icon_color":"#0B5052","icon_spacing":{"unit":"px","size":28,"sizes":[]},"icon_size":{"unit":"px","size":47,"sizes":[]},"align":"center","title_typography_typography":"custom","title_typography_font_size":{"unit":"px","size":16,"sizes":[]},"title_typography_font_weight":"500","title_typography_line_height":{"unit":"px","size":24,"sizes":[]},"title_spacing":{"unit":"px","size":8,"sizes":[]},"title_spacing_mobile":{"unit":"px","size":4,"sizes":[]},"description_typography_typography":"custom","description_typography_font_size":{"unit":"px","size":14,"sizes":[]},"description_typography_font_size_mobile":{"unit":"px","size":12,"sizes":[]},"description_typography_line_height":{"unit":"px","size":20,"sizes":[]},"alignment":"center","description_typography_line_height_mobile":{"unit":"px","size":16,"sizes":[]},"description_spacing_mobile":{"unit":"px","size":0,"sizes":[]},"image":{"id":9448,"url":"http:\/\/localhost\/dev\/motta\/wp-content\/uploads\/sites\/12\/2022\/07\/placeholder-3.png"},"content_padding_mobile":{"unit":"px","top":"16","right":"4","bottom":"16","left":"16","isLinked":false}},"elements":[],"isInner":false,"widgetType":"motta-icon-box","elType":"widget"}],"isInner":false,"elType":"column"},{"id":"5c2a8064","settings":{"_column_size":20,"_inline_size":null,"padding_mobile":{"unit":"px","top":"9","right":"16","bottom":"16","left":"16","isLinked":false}},"elements":[{"id":"1c4229e0","settings":{"icon":{"value":{"url":"https:\/\/motta.uix.store\/wp-content\/uploads\/2022\/08\/brands.svg","id":13433},"library":"svg"},"title":"International Brands","description":"Big savings on your favourite<br class=\"hidden-xs hidden-sm\">\nbrands.","icon_color":"#0B5052","icon_spacing":{"unit":"px","size":28,"sizes":[]},"icon_size":{"unit":"px","size":47,"sizes":[]},"align":"center","title_typography_typography":"custom","title_typography_font_size":{"unit":"px","size":16,"sizes":[]},"title_typography_font_weight":"500","title_typography_line_height":{"unit":"px","size":24,"sizes":[]},"title_spacing":{"unit":"px","size":8,"sizes":[]},"title_spacing_mobile":{"unit":"px","size":4,"sizes":[]},"description_typography_typography":"custom","description_typography_font_size":{"unit":"px","size":14,"sizes":[]},"description_typography_font_size_mobile":{"unit":"px","size":14,"sizes":[]},"description_typography_line_height":{"unit":"px","size":20,"sizes":[]},"alignment":"center","description_typography_line_height_mobile":{"unit":"px","size":16,"sizes":[]},"description_spacing_mobile":{"unit":"px","size":0,"sizes":[]},"image":{"id":9449,"url":"http:\/\/localhost\/dev\/motta\/wp-content\/uploads\/sites\/12\/2022\/07\/placeholder-4.png"},"content_padding_mobile":{"unit":"px","top":"16","right":"4","bottom":"16","left":"16","isLinked":false}},"elements":[],"isInner":false,"widgetType":"motta-icon-box","elType":"widget"}],"isInner":false,"elType":"column"}],"isInner":false,"elType":"section"},{"id":"5867303a","settings":{"gap":"no","padding_tablet":{"unit":"px","top":"16","right":"16","bottom":"16","left":"16","isLinked":true},"padding_mobile":{"unit":"px","top":"10","right":"16","bottom":"32","left":"16","isLinked":false}},"elements":[{"id":"43a54c79","settings":{"_column_size":100,"_inline_size":null,"background_background":"classic","background_image":{"id":"","url":"","alt":"","source":"library"},"background_position":"center center","background_size":"cover"},"elements":[{"id":"62eeeb5f","settings":{"image":{"url":"https:\/\/motta.uix.store\/wp-content\/uploads\/2022\/07\/homev3-cashback.jpg","id":9890,"alt":"","source":"library"},"title":"Earn cash back for <br class=\"hidden-lg hidden-md\"> the things you buy <br>\neverywhere, every day","button_text":"Apply Now","button_text_2":"Learn More","link_type":"only","background_position_mobile":"center center","background_repeat_mobile":"no-repeat","background_size_mobile":"cover","height":{"unit":"px","size":244,"sizes":[]},"height_mobile":{"unit":"px","size":111,"sizes":[]},"title_spacing":{"unit":"px","size":17,"sizes":[]},"title_spacing_mobile":{"unit":"px","size":0,"sizes":[]},"title_typography_typography":"custom","title_typography_font_size_mobile":{"unit":"px","size":16,"sizes":[]},"title_typography_line_height_mobile":{"unit":"px","size":20,"sizes":[]},"title_color":"#0B5052","button_show":"yes","shape":"round","size":"medium","button_padding":{"unit":"px","top":"0","right":"31","bottom":"0","left":"31","isLinked":false},"button_background_color":"#0B5052","button_show_2":"yes","button_color_2":"#0B5052","button_link_2":{"url":"#","is_external":false,"nofollow":false,"custom_attributes":""},"spacing_between_button":{"unit":"px","size":32,"sizes":[]},"button_hide_on_mobile":"none","button_2_hide_on_mobile":"none","description":"Application via Motta. <a href=\"https:\/\/motta.uix.store\/terms-of-use\/\"> See Terms & Conditions.<\/a>","desc_typography_typography":"custom","desc_typography_font_size_mobile":{"unit":"px","size":0,"sizes":[]},"banner_spacing":{"unit":"px","top":"40","right":"40","bottom":"40","left":"48","isLinked":false},"description_position":"after","desc_spacing_top":{"unit":"px","size":17,"sizes":[]},"image_hover_effect":"","banner_vertical_position":"middle","banner_vertical_position_mobile":"middle","banner_spacing_tablet":{"unit":"px","top":"20","right":"20","bottom":"20","left":"20","isLinked":true},"desc_spacing_top_mobile":{"unit":"px","size":0,"sizes":[]},"primary_button_text":"Apply Now","primary_button_link":{"url":"https:\/\/motta.uix.store\/contact-us-v1\/","is_external":"","nofollow":"","custom_attributes":""},"button_link_type":"only","second_button_text":"Learn More","second_button_link":{"url":"https:\/\/motta.uix.store\/payment-method\/","is_external":"","nofollow":"","custom_attributes":""},"second_button_options":"yes","second_button_color":"#0B5052","border_radius_img":{"unit":"px","top":"8","right":"8","bottom":"8","left":"8","isLinked":true},"youtube_url":"https:\/\/www.youtube.com\/watch?v=XHOmBV4js_E","title_typography_font_size":{"unit":"px","size":28,"sizes":[]},"primary_button_typography_typography":"custom"},"elements":[],"isInner":false,"widgetType":"motta-banner","elType":"widget"}],"isInner":false,"elType":"column"}],"isInner":false,"elType":"section"},{"id":"641d17b","settings":{"border_border":"solid","border_width":{"unit":"px","top":"0","right":"0","bottom":"0","left":"0","isLinked":true},"border_width_tablet":{"unit":"px","top":"0","right":"0","bottom":"0","left":"0","isLinked":true},"border_width_mobile":{"unit":"px","top":"4","right":"0","bottom":"0","left":"0","isLinked":false},"border_color":"#ECF0F4","padding":{"unit":"px","top":"63","right":"0","bottom":"0","left":"0","isLinked":false},"padding_mobile":{"unit":"px","top":"12","right":"0","bottom":"0","left":"0","isLinked":false}},"elements":[{"id":"4343fcd8","settings":{"_column_size":100,"_inline_size":null,"padding_mobile":{"unit":"px","top":"16","right":"16","bottom":"10","left":"16","isLinked":false}},"elements":[{"id":"684de6de","settings":{"title":"You Might Also Like","button_text":"See All Products","title_size":"h4","button_color":"#1D2128","link":{"url":"#","is_external":"","nofollow":"","custom_attributes":""},"typography_font_size_mobile":{"unit":"px","size":24,"sizes":[]},"typography_font_weight":"500","typography_line_height_mobile":{"unit":"px","size":"","sizes":[]},"primary_button_text":"See All Products","primary_mobile_button_text":"See All","primary_button_link":{"url":"https:\/\/motta.uix.store\/shop\/","is_external":"","nofollow":"","custom_attributes":""},"size":"large","typography_typography":"custom","typography_font_size":{"unit":"px","size":28,"sizes":[]}},"elements":[],"isInner":false,"widgetType":"motta-heading","elType":"widget"}],"isInner":false,"elType":"column"}],"isInner":false,"elType":"section"},{"id":"159b3e27","settings":{"border_border":"solid","border_width":{"unit":"px","top":"0","right":"0","bottom":"0","left":"0","isLinked":true},"border_width_tablet":{"unit":"px","top":"0","right":"0","bottom":"0","left":"0","isLinked":true},"border_width_mobile":{"unit":"px","top":"0","right":"0","bottom":"4","left":"0","isLinked":false},"border_color":"#ECF0F4","padding":{"unit":"px","top":"2","right":"0","bottom":"29","left":"0","isLinked":false},"padding_mobile":{"unit":"px","top":"0","right":"0","bottom":"010","left":"0","isLinked":false}},"elements":[{"id":"3bd54caa","settings":{"_column_size":100,"_inline_size":null,"padding_mobile":{"unit":"px","top":"0","right":"16","bottom":"16","left":"16","isLinked":false}},"elements":[{"id":"48315ba7","settings":{"slides_to_show_mobile":2,"navigation_tablet":"arrows","navigation_mobile":"none","sliders_arrow_style":"yes","arrows_spacing_tablet":{"unit":"px","size":0,"sizes":[]},"arrows_spacing_vertical":{"unit":"%","size":34,"sizes":[]},"autoplay":"","slides_to_show_tablet":"3","slides_to_scroll_tablet":3,"arrows_spacing_vertical_tablet":{"unit":"%","size":"","sizes":[]},"arrows_spacing_vertical_mobile":{"unit":"%","size":"","sizes":[]},"tag":[""],"sliders_arrows_horizontal_spacing_tablet":{"unit":"px","size":0,"sizes":[]}},"elements":[],"isInner":false,"widgetType":"motta-products-carousel","elType":"widget"}],"isInner":false,"elType":"column"}],"isInner":false,"elType":"section"},{"id":"43115df1","settings":{"padding_mobile":{"unit":"px","top":"12","right":"0","bottom":"0","left":"0","isLinked":false}},"elements":[{"id":"e167079","settings":{"_column_size":100,"_inline_size":null},"elements":[{"id":"1c20e130","settings":{"title":"More to Discover","title_size":"h4","button_color":"#1D2128","typography_font_size_mobile":{"unit":"px","size":24,"sizes":[]},"typography_font_weight":"500","typography_line_height_mobile":{"unit":"px","size":"","sizes":[]},"size":"large","typography_typography":"custom","typography_font_size":{"unit":"px","size":28,"sizes":[]}},"elements":[],"isInner":false,"widgetType":"motta-heading","elType":"widget"}],"isInner":false,"elType":"column"}],"isInner":false,"elType":"section"},{"id":"69151f82","settings":{"structure":"30","padding_mobile":{"unit":"px","top":"6","right":"0","bottom":"0","left":"0","isLinked":false},"tablet_column_alignment":"column_xs"},"elements":[{"id":"9bc3bbf","settings":{"_column_size":33,"_inline_size":null,"padding_mobile":{"unit":"px","top":"5","right":"16","bottom":"5","left":"16","isLinked":false}},"elements":[{"id":"7671f822","settings":{"title":"Closeout <br class=\"hidden-xs\">\nDeals","description":"Save on discontinued products<br>\nbefore they disappear.\n","button_text":"Shop Now","height":{"unit":"px","size":220,"sizes":[]},"image":{"id":9891,"url":"https:\/\/motta.uix.store\/wp-content\/uploads\/2022\/07\/homev3-closeoutdeal.jpg","alt":"","source":"library"},"border_radius_img":{"unit":"px","top":"6","right":"6","bottom":"6","left":"6","isLinked":true},"height_tablet":{"unit":"px","size":195,"sizes":[]},"height_mobile":{"unit":"px","size":160,"sizes":[]},"title_typography_typography":"custom","title_typography_font_size":{"unit":"px","size":24,"sizes":[]},"title_typography_font_size_tablet":{"unit":"px","size":16,"sizes":[]},"title_typography_line_height":{"unit":"px","size":24,"sizes":[]},"title_typography_line_height_tablet":{"unit":"px","size":"","sizes":[]},"title_typography_line_height_mobile":{"unit":"px","size":"","sizes":[]},"skin":"subtle","button_color":"#1D2128","background_position_mobile":"right center","background_repeat_mobile":"no-repeat","background_size_mobile":"cover","title_spacing":{"unit":"px","size":14,"sizes":[]},"title_spacing_mobile":{"unit":"px","size":7,"sizes":[]},"image_mobile":{"url":"","id":"","alt":"","source":"library"},"desc_spacing":{"unit":"px","size":8,"sizes":[]},"desc_typography_typography":"custom","desc_typography_line_height":{"unit":"px","size":16,"sizes":[]},"desc_spacing_mobile":{"unit":"px","size":10,"sizes":[]},"banner_vertical_position":"middle","banner_spacing":{"unit":"px","top":"32","right":"32","bottom":"32","left":"32","isLinked":true},"banner_spacing_tablet":{"unit":"px","top":"20","right":"20","bottom":"20","left":"20","isLinked":true},"primary_button_text":"Shop Now","primary_button_skin":"subtle","primary_button_options":"yes","primary_button_color":"#1D2128","primary_button_link":{"url":"https:\/\/motta.uix.store\/product-category\/homegarden\/lamp-lighting\/","is_external":"","nofollow":"","custom_attributes":""},"youtube_url":"https:\/\/www.youtube.com\/watch?v=XHOmBV4js_E","title_typography_font_size_mobile":{"unit":"px","size":18,"sizes":[]}},"elements":[],"isInner":false,"widgetType":"motta-banner","elType":"widget"}],"isInner":false,"elType":"column"},{"id":"7b727b4e","settings":{"_column_size":33,"_inline_size":null,"padding_mobile":{"unit":"px","top":"5","right":"16","bottom":"5","left":"16","isLinked":false}},"elements":[{"id":"59ce2209","settings":{"title":"20% Off Coffee<br class=\"hidden-xs\"> \nMakers","description":"Get top-rated products that<br> wow.\n","button_text":"Shop Now","height":{"unit":"px","size":220,"sizes":[]},"image":{"id":9892,"url":"https:\/\/motta.uix.store\/wp-content\/uploads\/2022\/07\/homev3-coffe-maker.jpg","alt":"","source":"library"},"border_radius_img":{"unit":"px","top":"6","right":"6","bottom":"6","left":"6","isLinked":true},"height_tablet":{"unit":"px","size":195,"sizes":[]},"height_mobile":{"unit":"px","size":160,"sizes":[]},"title_typography_typography":"custom","title_typography_font_size":{"unit":"px","size":24,"sizes":[]},"title_typography_font_size_tablet":{"unit":"px","size":16,"sizes":[]},"title_typography_line_height":{"unit":"px","size":24,"sizes":[]},"skin":"subtle","button_color":"#1D2128","title_spacing":{"unit":"px","size":14,"sizes":[]},"title_spacing_mobile":{"unit":"px","size":7,"sizes":[]},"title_typography_line_height_tablet":{"unit":"px","size":"","sizes":[]},"title_typography_line_height_mobile":{"unit":"px","size":"","sizes":[]},"image_mobile":{"url":"","id":"","alt":"","source":"library"},"background_position_mobile":"right center","background_size_mobile":"cover","background_repeat_mobile":"no-repeat","desc_spacing":{"unit":"px","size":8,"sizes":[]},"desc_typography_typography":"custom","desc_typography_line_height":{"unit":"px","size":16,"sizes":[]},"desc_spacing_mobile":{"unit":"px","size":10,"sizes":[]},"banner_vertical_position":"middle","banner_spacing":{"unit":"px","top":"32","right":"32","bottom":"32","left":"32","isLinked":true},"banner_spacing_tablet":{"unit":"px","top":"20","right":"20","bottom":"20","left":"20","isLinked":true},"primary_button_text":"Shop Now","primary_button_skin":"subtle","primary_button_options":"yes","primary_button_color":"#1D2128","primary_button_link":{"url":"https:\/\/motta.uix.store\/product\/retro-style-coffee-maker-machine\/","is_external":"","nofollow":"","custom_attributes":""},"youtube_url":"https:\/\/www.youtube.com\/watch?v=XHOmBV4js_E","title_typography_font_size_mobile":{"unit":"px","size":18,"sizes":[]}},"elements":[],"isInner":false,"widgetType":"motta-banner","elType":"widget"}],"isInner":false,"elType":"column"},{"id":"36869a3a","settings":{"_column_size":33,"_inline_size":null,"padding_mobile":{"unit":"px","top":"5","right":"16","bottom":"5","left":"16","isLinked":false}},"elements":[{"id":"4bb5f69a","settings":{"title":"Video game <br class=\"hidden-xs\">\nTop Deals","description":"Check out the latest video<br>\n game deals.\n","button_text":"Shop Now","height":{"unit":"px","size":220,"sizes":[]},"image":{"id":9893,"url":"https:\/\/motta.uix.store\/wp-content\/uploads\/2022\/07\/homev3-video-games.jpg","alt":"","source":"library"},"border_radius_img":{"unit":"px","top":"6","right":"6","bottom":"6","left":"6","isLinked":true},"height_tablet":{"unit":"px","size":195,"sizes":[]},"height_mobile":{"unit":"px","size":160,"sizes":[]},"title_typography_typography":"custom","title_typography_font_size":{"unit":"px","size":24,"sizes":[]},"title_typography_font_size_tablet":{"unit":"px","size":16,"sizes":[]},"title_typography_line_height":{"unit":"px","size":24,"sizes":[]},"skin":"subtle","button_color":"#1D2128","title_spacing":{"unit":"px","size":14,"sizes":[]},"title_spacing_mobile":{"unit":"px","size":7,"sizes":[]},"title_typography_line_height_tablet":{"unit":"px","size":"","sizes":[]},"title_typography_line_height_mobile":{"unit":"px","size":"","sizes":[]},"image_mobile":{"url":"","id":"","alt":"","source":"library"},"background_position_mobile":"right center","background_size_mobile":"cover","background_repeat_mobile":"no-repeat","desc_spacing":{"unit":"px","size":8,"sizes":[]},"desc_typography_typography":"custom","desc_typography_line_height":{"unit":"px","size":16,"sizes":[]},"banner_vertical_position":"middle","banner_spacing":{"unit":"px","top":"32","right":"32","bottom":"32","left":"32","isLinked":true},"banner_spacing_tablet":{"unit":"px","top":"20","right":"20","bottom":"20","left":"20","isLinked":true},"primary_button_text":"Shop Now","primary_button_skin":"subtle","primary_button_options":"yes","primary_button_color":"#1D2128","primary_button_link":{"url":"https:\/\/motta.uix.store\/product-category\/toysgames\/video-games\/?products_group=sale","is_external":"","nofollow":"","custom_attributes":""},"desc_spacing_mobile":{"unit":"px","size":10,"sizes":[]},"youtube_url":"https:\/\/www.youtube.com\/watch?v=XHOmBV4js_E","title_typography_font_size_mobile":{"unit":"px","size":18,"sizes":[]}},"elements":[],"isInner":false,"widgetType":"motta-banner","elType":"widget"}],"isInner":false,"elType":"column"}],"isInner":false,"elType":"section"},{"id":"3ca3b7ac","settings":{"padding":{"unit":"px","top":"51","right":"0","bottom":"0","left":"0","isLinked":false},"padding_mobile":{"unit":"px","top":"7","right":"0","bottom":"0","left":"0","isLinked":false}},"elements":[{"id":"10d47031","settings":{"_column_size":100,"_inline_size":null},"elements":[{"id":"30a59124","settings":{"title":"Looking for something else?\n","title_size":"h4","button_color":"#1D2128","typography_font_size_mobile":{"unit":"px","size":24,"sizes":[]},"typography_font_weight":"500","typography_line_height_mobile":{"unit":"px","size":"","sizes":[]},"align":"center","size":"large","typography_typography":"custom","typography_font_size":{"unit":"px","size":28,"sizes":[]}},"elements":[],"isInner":false,"widgetType":"motta-heading","elType":"widget"}],"isInner":false,"elType":"column"}],"isInner":false,"elType":"section"},{"id":"d58d770","settings":{"padding_mobile":{"unit":"px","top":"0","right":"0","bottom":"0","left":"0","isLinked":false},"gap":"no","padding":{"unit":"px","top":"2","right":"0","bottom":"0","left":"0","isLinked":false}},"elements":[{"id":"3e705143","settings":{"_column_size":100,"_inline_size":null},"elements":[{"id":"3e58ddc","settings":{"structure":"30","margin":{"unit":"px","top":"0","right":0,"bottom":"15","left":0,"isLinked":false},"margin_mobile":{"unit":"px","top":"0","right":0,"bottom":"0","left":0,"isLinked":true}},"elements":[{"id":"572c52ad","settings":{"_column_size":33,"_inline_size":6.399,"hide_mobile":"hidden-mobile"},"elements":[],"isInner":true,"elType":"column"},{"id":"16b19aa5","settings":{"_column_size":33,"_inline_size":87.686,"padding_mobile":{"unit":"px","top":"11","right":"16","bottom":"16","left":"16","isLinked":false}},"elements":[{"id":"70784abb","settings":{"placeholder":"Search for anything","elements":[{"text":"Cell Phones ","_id":"d225300","link":{"url":"https:\/\/motta.uix.store\/product-category\/electronics\/cell-phones-accessories\/","is_external":false,"nofollow":false,"custom_attributes":""}},{"text":"Gaming Console","_id":"32f91ac","link":{"url":"https:\/\/motta.uix.store\/product-category\/toysgames\/video-games\/controllers-accessories\/","is_external":false,"nofollow":false,"custom_attributes":""}},{"text":"Smart Tv","_id":"db65fc7","link":{"url":"https:\/\/motta.uix.store\/product-category\/electronics\/computers-accessories\/","is_external":false,"nofollow":false,"custom_attributes":""}},{"text":"Appliances","_id":"26eb540","link":{"url":"https:\/\/motta.uix.store\/product-category\/homegarden\/home-accessories\/","is_external":false,"nofollow":false,"custom_attributes":""}},{"text":"Furniture","_id":"1921e1c","link":{"url":"https:\/\/motta.uix.store\/product-category\/homegarden\/furniture\/","is_external":false,"nofollow":false,"custom_attributes":""}},{"text":"Chromebook","_id":"3d4c563","link":{"url":"https:\/\/motta.uix.store\/product-category\/electronics\/ebook-readers\/","is_external":false,"nofollow":false,"custom_attributes":""}},{"text":"Coffee Makers","_id":"c7075e4","link":{"url":"https:\/\/motta.uix.store\/product\/retro-style-coffee-maker-machine\/","is_external":false,"nofollow":false,"custom_attributes":""}},{"text":"Swimwear","_id":"e5b6f21","link":{"url":"https:\/\/motta.uix.store\/product-category\/fashion\/","is_external":false,"nofollow":false,"custom_attributes":""}},{"text":"Shoes","_id":"da8ddbb","link":{"url":"https:\/\/motta.uix.store\/product-category\/fashion\/woman\/shoes\/","is_external":false,"nofollow":false,"custom_attributes":""}},{"text":"Fragrance","_id":"1f9f97d","link":{"url":"https:\/\/motta.uix.store\/product-category\/beauty-health\/beauty\/makeup-tools\/","is_external":false,"nofollow":false,"custom_attributes":""}},{"text":"Skin Care","_id":"1826044","link":{"url":"https:\/\/motta.uix.store\/product-category\/beauty-health\/beauty\/make-up\/","is_external":false,"nofollow":false,"custom_attributes":""}},{"text":"Air Prufiers","_id":"ea09c3e","link":{"url":"https:\/\/motta.uix.store\/product-category\/electronics\/accessories-supplies\/","is_external":false,"nofollow":false,"custom_attributes":""}}],"spacing_mobile":{"unit":"px","size":20,"sizes":[]},"form_shape":"round","button_position":"inside","button_icon_skins":"text","trending_position":"outside","form_width":{"unit":"px","size":558,"sizes":[]}},"elements":[],"isInner":false,"widgetType":"motta-search","elType":"widget"}],"isInner":true,"elType":"column"},{"id":"39592e70","settings":{"_column_size":33,"_inline_size":5.579,"hide_mobile":"hidden-mobile"},"elements":[],"isInner":true,"elType":"column"}],"isInner":true,"elType":"section"}],"isInner":false,"elType":"column"}],"isInner":false,"elType":"section"}],"page_settings":{"footer_mobile_layout":"4128","motta_hide_header_section":"default","motta_hide_topbar":"default","motta_hide_campain_bar":"default","header_layout":"v3","motta_hide_page_header":"1","motta_content_top_spacing":"no","motta_content_top_padding":{"unit":"px","size":"63","sizes":[]},"motta_content_bottom_spacing":"no","motta_content_bottom_padding":{"unit":"px","size":"63","sizes":[]},"motta_hide_footer_section":"default","footer_layout":"3518","header_logo_custom_text":"default","header_logo_custom_svg":"default"},"version":"0.4","title":"home-v3","type":"page"}