{"content":[{"id":"4660b170","settings":{"structure":"20","padding":{"unit":"px","top":"12","right":"0","bottom":"8","left":"0","isLinked":false},"padding_mobile":{"unit":"px","top":"7","right":"0","bottom":"0","left":"0","isLinked":false}},"elements":[{"id":"547e1858","settings":{"_column_size":50,"_inline_size":25},"elements":[],"isInner":false,"elType":"column"},{"id":"7ff08ca2","settings":{"_column_size":50,"_inline_size":75,"_inline_size_tablet":100},"elements":[{"id":"66375775","settings":{"slides":[{"title":"Hot <br>\nRight <br>\nNow","description":"Retro Remixed For The Future\nStarting at <span style=\"font-weight:500;\">$110<\/span>","button_text":"Shop Now","_id":"7489112","banner_background_img":{"id":19342,"url":"https:\/\/motta.uix.store\/wp-content\/uploads\/2023\/03\/homev1-slider01.jpg","alt":"","source":"library","size":""},"before_desc":"Hot <br>\nRight <br>\nNow","custom_style":"yes","sliders_dots_bgcolor":"#D76D75","sliders_dots_ac_bgcolor":"#FFFFFF","heading_custom_color":"#FFFFFF","beforedesc_custom_color":"#FFFFFF","content_custom_color":"#FFFFFF","btn_custom_bgcolor":"#FFFFFF","btn_custom_color":"#D94B25","background_size_mobile":"cover","background_position_tablet":"center center","before_title":"New Arr\u0131vals","before_heading_custom_color":"#FFFFFF","title_custom_color":"#FFFFFF","title_custom_typography_typography":"custom","sliders_dots_active_bgcolor":"#FFFFFF","subtitle":"New arrivals","subtitle_custom_color":"#FFFFFF","subtitle_custom_typography_typography":"custom","subtitle_custom_typography_font_weight":"700","primary_button_text":"Shop Now","custom_button_options":"yes","custom_button_second_options":"yes","custom_navigation_heading":"yes","primary_button_link":{"url":"https:\/\/motta.uix.store\/product-category\/fashion\/man\/shoes-man\/","is_external":"","nofollow":"","custom_attributes":""},"custom_button_background_color":"#FFFFFF","custom_button_color":"#D94B25"},{"title":"Natural<br>Air<br class=\"hidden-xs\">Prufier","description":"It brings light and happiness to your house, like a sun beam after the rain","button_text":"Shop Now","_id":"a4c0b9d","before_desc":"Natural<br class=\"hidden-xs\">\nAir<br class=\"hidden-xs\">\nPrufier","banner_background_img":{"id":19343,"url":"https:\/\/motta.uix.store\/wp-content\/uploads\/2023\/03\/homev1-slider02.jpg","alt":"","source":"library","size":""},"background_position":"center center","custom_style":"yes","heading_custom_color":"#424C5B","beforedesc_custom_color":"#424C5B","content_custom_color":"#424C5B","btn_custom_bgcolor":"#424C5B","sliders_dots_ac_bgcolor":"#424C5B","background_size_mobile":"cover","before_title":"EDITORIALS","subtitle":"Editorials","subtitle_custom_color":"#424C5B","subtitle_custom_typography_typography":"custom","subtitle_custom_typography_font_weight":"600","title_custom_color":"#424C5B","primary_button_text":"Shop Now","primary_button_link":{"url":"https:\/\/motta.uix.store\/product-category\/homegarden\/lamp-lighting\/","is_external":"","nofollow":"","custom_attributes":""},"custom_button_options":"yes","custom_button_background_color":"#424C5B"},{"title":"Bring it anywhere","description":"The perfect portable speaker for home and away","button_text":"Shop Now","_id":"9cd81a9","before_desc":"Bring <br class=\"hidden-xs\">\nit anywhere","banner_background_img":{"id":19344,"url":"https:\/\/motta.uix.store\/wp-content\/uploads\/2023\/03\/homev1-slider03.jpg","alt":"","source":"library","size":""},"background_position":"center center","custom_style":"yes","heading_custom_color":"#777673","beforedesc_custom_color":"#777673","content_custom_color":"#777673","btn_custom_bgcolor":"#777673","sliders_dots_ac_bgcolor":"#777673","background_size_mobile":"cover","before_title":"Featured","subtitle":"Featured","subtitle_custom_color":"#777673","title_custom_color":"#777673","primary_button_text":"Shop Now","primary_button_link":{"url":"https:\/\/motta.uix.store\/product-category\/electronics\/home-audio\/","is_external":"","nofollow":"","custom_attributes":""},"custom_button_options":"yes","custom_button_background_color":"#777673"}],"autoplay":"","navigation":"both","heading_typography_typography":"custom","heading_typography_font_weight":"600","heading_typography_text_transform":"uppercase","beforedesc_typography_line_height":{"unit":"px","size":48,"sizes":[]},"description_typography_font_size":{"unit":"px","size":14,"sizes":[]},"description_typography_line_height":{"unit":"px","size":22,"sizes":[]},"navigation_mobile":"dots","arrows_spacing_mobile":{"unit":"px","size":0,"sizes":[]},"arrows_spacing_vertical_mobile":{"unit":"%","size":"","sizes":[]},"sliders_arrow_boxshadow":{"horizontal":0,"vertical":2,"blur":6,"spread":0,"color":"rgba(0, 0, 0, 0.16)"},"navigation_tablet":"dots","beforedesc_typography_font_size_mobile":{"unit":"px","size":24,"sizes":[]},"beforedesc_typography_line_height_mobile":{"unit":"px","size":32,"sizes":[]},"heading_spacing_mobile":{"unit":"px","size":6,"sizes":[]},"beforedesc_spacing_mobile":{"unit":"px","size":7,"sizes":[]},"sliders_dots_style":"yes","sliders_dots_offset_ver_mobile":{"unit":"px","size":9,"sizes":[]},"button_show":"yes","slides_text_align":"","title_typography_typography":"custom","title_typography_line_height":{"unit":"px","size":48,"sizes":[]},"skin":"base","title_typography_line_height_mobile":{"unit":"px","size":32,"sizes":[]},"sliders_dots_bgcolor":"#BCC6C9","sliders_dots_active_bgcolor":"#424C5B","arrows_position":"right-bottom","sliders_dots_position":"left","sliders_dots_horizontal_spacing_mobile":{"unit":"px","size":16,"sizes":[]},"slides_content_width":{"unit":"px","size":323,"sizes":[]},"slides_content_width_mobile":{"unit":"px","size":220,"sizes":[]},"sliders_dots_vertical_spacing_mobile":{"unit":"px","size":16,"sizes":[]},"slides_content_padding_mobile":{"unit":"px","top":"18","right":"20","bottom":"18","left":"20","isLinked":false},"hide_button_mobile":"yes","primary_button_typography_typography":"custom","primary_button_options":"yes","second_button_options":"yes","slides_radius":{"unit":"px","top":"2","right":"2","bottom":"2","left":"2","isLinked":true},"subtitle_spacing":{"unit":"px","size":7,"sizes":[]},"description_typography_typography":"custom","subtitle_typography_typography":"custom"},"elements":[],"isInner":false,"widgetType":"motta-slides","elType":"widget"}],"isInner":false,"elType":"column"}],"isInner":false,"elType":"section"},{"id":"2f55e344","settings":[],"elements":[{"id":"7981f4ea","settings":{"_column_size":100,"_inline_size":null},"elements":[{"id":"e61c77c","settings":{"title":"Today\u2019s Best Deals","button_text":"See All Deals","title_size":"div","title_color":"#1D2128","title_typography_typography":"custom","title_typography_font_size":{"unit":"px","size":24,"sizes":[]},"title_typography_font_size_mobile":{"unit":"px","size":16,"sizes":[]},"title_typography_font_weight":"500","title_typography_line_height_mobile":{"unit":"px","size":"","sizes":[]},"button_color":"#1D2128","button_typography_typography":"custom","button_typography_font_size":{"unit":"px","size":12,"sizes":[]},"typography_font_size_mobile":{"unit":"px","size":18,"sizes":[]},"typography_font_weight":"500","button_text_mobile":"See All","primary_button_text":"See All Deals","primary_mobile_button_text":"See All","primary_button_options":"yes","primary_mobile_button_typography_typography":"custom","primary_mobile_button_options":"yes","primary_button_link":{"url":"#","is_external":"","nofollow":"","custom_attributes":""},"size":"large","typography_typography":"custom"},"elements":[],"isInner":false,"widgetType":"motta-heading","elType":"widget"}],"isInner":false,"elType":"column"}],"isInner":false,"elType":"section"},{"id":"17f03e66","settings":{"structure":"40","section_horizontal_scroll_mobile":"on","section_horizontal_scroll_width":48,"margin_mobile":{"unit":"px","top":"","right":0,"bottom":"","left":0,"isLinked":true},"mobile_column_alignment":"column_sm","tablet_column_alignment":"column_xs"},"elements":[{"id":"56614ab0","settings":{"_column_size":25,"_inline_size":null},"elements":[{"id":"4bfec294","settings":{"image":{"id":19360,"url":"https:\/\/motta.uix.store\/wp-content\/uploads\/2023\/03\/homev1-Small-Appliances.jpg","alt":"","source":"library","size":""},"title":"Small <br>\nAppliances","description":"Up to 40% off \nKitchen <br class=\"hidden-sm hidden-xs\"> Products.","button_text":"Shop Now","link_type":"only","btn_color":"#648014","title_typography_typography":"custom","title_typography_font_size_mobile":{"unit":"px","size":18,"sizes":[]},"title_typography_line_height_mobile":{"unit":"px","size":22,"sizes":[]},"title_color":"#648014","desc_color":"#648014","background_size_tablet":"contain","title_typography_line_height_tablet":{"unit":"px","size":"","sizes":[]},"type":"subtle","size":"medium","button_color":"#648014","title_spacing_mobile":{"unit":"px","size":8,"sizes":[]},"background_position_tablet":"center center","button_show":"yes","height":{"unit":"px","size":400,"sizes":[]},"slides_text_align":"","button_hide_on_mobile":"none","skin":"subtle","section_countdown_flexible_items":"row","section_countdown_spacing_tablet":{"unit":"%","size":"","sizes":[]},"section_countdown_spacing_mobile":{"unit":"%","size":"","sizes":[]},"section_countdown_position":"after","primary_button_text":"Shop Now","primary_button_skin":"subtle","primary_button_options":"yes","primary_button_color":"#648014","border_radius_img":{"unit":"px","top":"2","right":"2","bottom":"2","left":"2","isLinked":true},"banner_background_color":"#CFECD6","background_size":"contain","primary_button_link":{"url":"https:\/\/motta.uix.store\/product-category\/homegarden\/kitchen-dining\/","is_external":"","nofollow":"","custom_attributes":""},"desc_typography_typography":"custom","youtube_url":"https:\/\/www.youtube.com\/watch?v=XHOmBV4js_E","title_typography_font_weight":"600"},"elements":[],"isInner":false,"widgetType":"motta-banner","elType":"widget"}],"isInner":false,"elType":"column"},{"id":"5948be52","settings":{"_column_size":25,"_inline_size":null},"elements":[{"id":"7871f232","settings":{"image":{"id":9817,"url":"https:\/\/motta.uix.store\/wp-content\/uploads\/2022\/07\/homev1-Premium-Beauty.jpg","alt":"","source":"library"},"title":"Premium <br>\nBeauty","button_text":"Shop Now","description":"Up to 25% off Hair Care <br class=\"hidden-sm hidden-xs\">\nProducts.","title_typography_typography":"custom","title_typography_font_size_mobile":{"unit":"px","size":18,"sizes":[]},"title_typography_line_height_mobile":{"unit":"px","size":22,"sizes":[]},"title_color":"#94226D","desc_color":"#94226D","btn_color":"#94226D","background_size_tablet":"contain","title_typography_line_height_tablet":{"unit":"px","size":"","sizes":[]},"type":"subtle","size":"medium","button_color":"#94226D","title_spacing_mobile":{"unit":"px","size":8,"sizes":[]},"background_position_tablet":"center center","button_show":"yes","height":{"unit":"px","size":400,"sizes":[]},"slides_text_align":"","button_hide_on_mobile":"none","skin":"subtle","primary_button_text":"Shop Now","primary_button_skin":"subtle","primary_button_options":"yes","primary_button_color":"#94226D","border_radius_img":{"unit":"px","top":"2","right":"2","bottom":"2","left":"2","isLinked":true},"banner_background_color":"#F5D4D0","background_size":"contain","primary_button_link":{"url":"https:\/\/motta.uix.store\/product-category\/beauty-health\/","is_external":"","nofollow":"","custom_attributes":""},"desc_typography_typography":"custom","youtube_url":"https:\/\/www.youtube.com\/watch?v=XHOmBV4js_E","title_typography_font_weight":"600"},"elements":[],"isInner":false,"widgetType":"motta-banner","elType":"widget"}],"isInner":false,"elType":"column"},{"id":"77a859d1","settings":{"_column_size":25,"_inline_size":null},"elements":[{"id":"173c8c07","settings":{"image":{"id":9818,"url":"https:\/\/motta.uix.store\/wp-content\/uploads\/2022\/07\/homev1-Indoor-Furniture.jpg","alt":"","source":"library"},"title":"Indoor <br>\nFurniture","button_text":"Shop Now","description":"Save 30% Today, Even on <br class=\"hidden-sm hidden-xs\">\nFurniture","title_typography_typography":"custom","title_typography_font_size_mobile":{"unit":"px","size":18,"sizes":[]},"title_typography_line_height_mobile":{"unit":"px","size":22,"sizes":[]},"title_color":"#285E8D","desc_color":"#285E8D","btn_color":"#285E8D","background_size_tablet":"contain","title_typography_line_height_tablet":{"unit":"px","size":"","sizes":[]},"type":"subtle","size":"medium","button_color":"#285E8D","title_spacing_mobile":{"unit":"px","size":8,"sizes":[]},"background_position_tablet":"center center","button_show":"yes","height":{"unit":"px","size":400,"sizes":[]},"slides_text_align":"","button_hide_on_mobile":"none","skin":"subtle","primary_button_text":"Shop Now","primary_button_skin":"subtle","primary_button_options":"yes","primary_button_color":"#285E8D","border_radius_img":{"unit":"px","top":"2","right":"2","bottom":"2","left":"2","isLinked":true},"banner_background_color":"#C5D8ED","background_size":"contain","primary_button_link":{"url":"https:\/\/motta.uix.store\/product-category\/homegarden\/home-decor\/","is_external":"","nofollow":"","custom_attributes":""},"desc_typography_typography":"custom","youtube_url":"https:\/\/www.youtube.com\/watch?v=XHOmBV4js_E","title_typography_font_weight":"600","_title":"[Motta] Banner Image"},"elements":[],"isInner":false,"widgetType":"motta-banner","elType":"widget"}],"isInner":false,"elType":"column"},{"id":"74c99109","settings":{"_column_size":25,"_inline_size":null},"elements":[{"id":"4610b2be","settings":{"image":{"id":9819,"url":"https:\/\/motta.uix.store\/wp-content\/uploads\/2022\/07\/homev1-Cell-Phones-Smartphones.jpg","alt":"","source":"library"},"title":"Cell Phones <br class=\"hidden-sm hidden-xs\">\n& Smartphones\n","button_text":"Shop Now","description":"Up to 15% off Cell Phones <br class=\"hidden-sm hidden-xs\">\nProducts.","title_typography_typography":"custom","title_typography_font_size_mobile":{"unit":"px","size":18,"sizes":[]},"title_typography_line_height_mobile":{"unit":"px","size":22,"sizes":[]},"title_color":"#91553A","desc_color":"#91553A","btn_color":"#91553A","background_size_tablet":"contain","title_typography_line_height_tablet":{"unit":"px","size":"","sizes":[]},"type":"subtle","button_color":"#91553A","title_spacing_mobile":{"unit":"px","size":8,"sizes":[]},"background_position_tablet":"center center","button_show":"yes","slides_text_align":"","size":"medium","button_hide_on_mobile":"none","skin":"subtle","content_text_align_mobile":"left","primary_button_text":"Shop Now","primary_button_skin":"subtle","primary_button_options":"yes","primary_button_color":"#91553A","border_radius_img":{"unit":"px","top":"2","right":"2","bottom":"2","left":"2","isLinked":true},"banner_background_color":"#FCEEE3","background_size":"contain","height":{"unit":"px","size":400,"sizes":[]},"primary_button_link":{"url":"https:\/\/motta.uix.store\/product-category\/electronics\/cell-phones-accessories\/","is_external":"","nofollow":"","custom_attributes":""},"desc_typography_typography":"custom","youtube_url":"https:\/\/www.youtube.com\/watch?v=XHOmBV4js_E","title_typography_font_weight":"600"},"elements":[],"isInner":false,"widgetType":"motta-banner","elType":"widget"}],"isInner":false,"elType":"column"}],"isInner":false,"elType":"section"},{"id":"35dca915","settings":{"padding":{"unit":"px","top":"28","right":"0","bottom":"20","left":"0","isLinked":false},"padding_tablet":{"unit":"px","top":"28","right":"0","bottom":"28","left":"0","isLinked":false},"padding_mobile":{"unit":"px","top":"10","right":"0","bottom":"0","left":"0","isLinked":false}},"elements":[{"id":"5a0a6458","settings":{"_column_size":100,"_inline_size":null},"elements":[{"id":"67c0f253","settings":{"title":"Flash Deals","sale_text":"Ends in","button_text":"See All Products","button_color":"#1D2128","slides_to_show_tablet":3,"slides_to_scroll_tablet":3,"navigation_tablet":"arrows","navigation_mobile":"dots","show_progress_bar":"yes","button_text_mobile":"See All","sliders_arrow_style":"yes","arrows_spacing_vertical":{"unit":"%","size":43,"sizes":[]},"arrows_spacing_vertical_tablet":{"unit":"%","size":"","sizes":[]},"arrows_spacing_vertical_mobile":{"unit":"%","size":"","sizes":[]},"sliders_dots_style":"yes","sliders_dots_offset_ver_mobile":{"unit":"px","size":10,"sizes":[]},"title_typography_typography":"custom","hide_progress_bar":"","primary_button_text":"See All Products","primary_mobile_button_text":"See All","primary_button_link":{"url":"#","is_external":"","nofollow":"","custom_attributes":""},"sliders_arrows_size":{"unit":"px","size":16,"sizes":[]},"sale_text_typography_typography":"custom","primary_button_options":"yes","primary_mobile_button_typography_typography":"custom","primary_mobile_button_options":"yes","orderby":"date","product_tag":"","type":"recent"},"elements":[],"isInner":false,"widgetType":"motta-product-deals","elType":"widget"}],"isInner":false,"elType":"column"}],"isInner":false,"elType":"section"},{"id":"16d26091","settings":{"margin_mobile":{"unit":"px","top":"-10","right":0,"bottom":"0","left":0,"isLinked":false}},"elements":[{"id":"34927798","settings":{"_column_size":100,"_inline_size":null},"elements":[{"id":"3646a8dc","settings":{"text":"Divider","color":"#ECF0F4","gap":{"unit":"px","size":10,"sizes":[]},"gap_mobile":{"unit":"px","size":5,"sizes":[]}},"elements":[],"isInner":false,"widgetType":"divider","elType":"widget"}],"isInner":false,"elType":"column"}],"isInner":false,"elType":"section"},{"id":"488b59c7","settings":{"structure":"30","padding":{"unit":"px","top":"1","right":"0","bottom":"3","left":"0","isLinked":false},"padding_tablet":{"unit":"px","top":"0","right":"0","bottom":"0","left":"0","isLinked":false},"padding_mobile":{"unit":"px","top":"0","right":"0","bottom":"0","left":"0","isLinked":true},"content_position":"space-between"},"elements":[{"id":"737cda7a","settings":{"_column_size":33,"_inline_size":33,"_inline_size_tablet":33,"border_border":"solid","border_width":{"unit":"px","top":"0","right":"0","bottom":"0","left":"0","isLinked":true},"border_width_tablet":{"unit":"px","top":"0","right":"1","bottom":"0","left":"0","isLinked":false},"border_width_mobile":{"unit":"px","top":"0","right":"0","bottom":"0","left":"0","isLinked":true},"border_color":"#ECF0F4","padding_mobile":{"unit":"px","top":"5","right":"30","bottom":"16","left":"30","isLinked":false}},"elements":[{"id":"7e3b86ae","settings":{"icon":{"value":{"url":"http:\/\/demo3.drfuri.com\/motta\/wp-content\/uploads\/sites\/14\/2022\/04\/home1-icon1-1.svg","id":4431},"library":"svg"},"title":"Money Back Guarantee","description":"Get the item you ordered or your <br class=\"hidden-xs\">\nmoney back","button":"Learn More","position":"left","icon_spacing":{"unit":"px","size":25,"sizes":[]},"icon_size":{"unit":"px","size":64,"sizes":[]},"title_typography_typography":"custom","title_typography_font_size":{"unit":"px","size":18,"sizes":[]},"title_typography_font_weight":"500","title_spacing":{"unit":"px","size":5,"sizes":[]},"button_typography_typography":"custom","button_typography_font_size":{"unit":"px","size":12,"sizes":[]},"button_typography_font_weight":"500","button_underline":"show","position_tablet":"top","position_mobile":"left","align_tablet":"center","align_mobile":"left","title_typography_line_height":{"unit":"px","size":24,"sizes":[]},"description_color":"#676D77","description_typography_typography":"custom","description_typography_line_height":{"unit":"px","size":20,"sizes":[]},"description_spacing":{"unit":"px","size":10,"sizes":[]},"button_color":"#1D2128","icon_spacing_mobile":{"unit":"px","size":30,"sizes":[]},"description_spacing_mobile":{"unit":"px","size":0,"sizes":[]},"image":{"id":6851,"url":"http:\/\/localhost\/dev\/motta\/wp-content\/uploads\/sites\/12\/2022\/06\/moneyback.jpg","alt":"","source":"library"},"_padding_mobile":{"unit":"px","top":"0","right":"0","bottom":"20","left":"0","isLinked":false},"_border_border":"solid","_border_width":{"unit":"px","top":"0","right":"1","bottom":"0","left":"0","isLinked":false},"_border_width_mobile":{"unit":"px","top":"0","right":"0","bottom":"1","left":"0","isLinked":false},"_border_color":"#ECF0F4","_border_width_tablet":{"unit":"px","top":"0","right":"0","bottom":"0","left":"0","isLinked":true},"justify_content_mobile":"flex-end","alignment_mobile":"left","icon_url":"https:\/\/motta.uix.store\/wp-content\/uploads\/2022\/08\/moneyback.svg","image_spacing_mobile":{"unit":"px","size":25,"sizes":[]},"icon_type":"external","primary_button_text":"Learn More","primary_button_link":{"url":"https:\/\/motta.uix.store\/legal\/money-back-policy\/","is_external":"","nofollow":"","custom_attributes":""},"primary_button_options":"yes","primary_button_color":"#1D2128"},"elements":[],"isInner":false,"widgetType":"motta-icon-box","elType":"widget"}],"isInner":false,"elType":"column"},{"id":"626f195","settings":{"_column_size":33,"_inline_size":34.7,"_inline_size_tablet":33,"border_border":"solid","border_width":{"unit":"px","top":"0","right":"0","bottom":"0","left":"0","isLinked":true},"border_width_tablet":{"unit":"px","top":"0","right":"1","bottom":"0","left":"0","isLinked":false},"border_width_mobile":{"unit":"px","top":"0","right":"0","bottom":"0","left":"0","isLinked":true},"border_color":"#ECF0F4","padding_mobile":{"unit":"px","top":"5","right":"30","bottom":"16","left":"30","isLinked":false}},"elements":[{"id":"55a7fff4","settings":{"icon":{"value":{"url":"http:\/\/demo3.drfuri.com\/motta\/wp-content\/uploads\/sites\/14\/2022\/04\/home1-icon2-1.svg","id":4432},"library":"svg"},"title":"Free Shipping","description":"Free Shipping On Orders Over <br>\n$100","button":"Details","position":"left","icon_spacing":{"unit":"px","size":25,"sizes":[]},"icon_size":{"unit":"px","size":64,"sizes":[]},"title_typography_typography":"custom","title_typography_font_size":{"unit":"px","size":18,"sizes":[]},"title_typography_font_weight":"500","title_spacing":{"unit":"px","size":5,"sizes":[]},"button_typography_typography":"custom","button_typography_font_size":{"unit":"px","size":12,"sizes":[]},"button_typography_font_weight":"500","button_underline":"show","position_tablet":"top","position_mobile":"left","align_tablet":"center","align_mobile":"left","title_typography_line_height":{"unit":"px","size":24,"sizes":[]},"description_color":"#676D77","description_typography_typography":"custom","description_typography_line_height":{"unit":"px","size":20,"sizes":[]},"description_spacing":{"unit":"px","size":10,"sizes":[]},"button_color":"#1D2128","icon_spacing_mobile":{"unit":"px","size":30,"sizes":[]},"description_spacing_mobile":{"unit":"px","size":0,"sizes":[]},"image":{"id":6855,"url":"http:\/\/localhost\/dev\/motta\/wp-content\/uploads\/sites\/12\/2022\/06\/freeshipping.jpg","alt":"","source":"library"},"_padding_mobile":{"unit":"px","top":"0","right":"0","bottom":"20","left":"0","isLinked":false},"_border_border":"solid","_border_width":{"unit":"px","top":"0","right":"1","bottom":"0","left":"0","isLinked":false},"_border_width_mobile":{"unit":"px","top":"0","right":"0","bottom":"1","left":"0","isLinked":false},"_border_color":"#ECF0F4","_border_width_tablet":{"unit":"px","top":"0","right":"0","bottom":"0","left":"0","isLinked":true},"icon_type":"external","alignment_mobile":"left","icon_url":"https:\/\/motta.uix.store\/wp-content\/uploads\/2022\/08\/freeshipping.svg","image_spacing_mobile":{"unit":"px","size":25,"sizes":[]},"primary_button_text":"Details","primary_button_link":{"url":"https:\/\/motta.uix.store\/free-shipping\/","is_external":"","nofollow":"","custom_attributes":""},"primary_button_options":"yes","primary_button_color":"#1D2128","alignment":"center"},"elements":[],"isInner":false,"widgetType":"motta-icon-box","elType":"widget"}],"isInner":false,"elType":"column"},{"id":"11b5b750","settings":{"_column_size":33,"_inline_size":31.964,"padding_mobile":{"unit":"px","top":"5","right":"30","bottom":"12","left":"30","isLinked":false}},"elements":[{"id":"6d9ec9db","settings":{"icon":{"value":{"url":"http:\/\/demo3.drfuri.com\/motta\/wp-content\/uploads\/sites\/14\/2022\/04\/home1-icon3-1.svg","id":4433},"library":"svg"},"title":"24\/7 Customer Service","description":"Want to talk to a person? Choose <br class=\"hidden-xs\">\nchat or call us","button":"Get Support","position":"left","icon_spacing":{"unit":"px","size":25,"sizes":[]},"icon_size":{"unit":"px","size":64,"sizes":[]},"title_typography_typography":"custom","title_typography_font_size":{"unit":"px","size":18,"sizes":[]},"title_typography_font_weight":"500","title_spacing":{"unit":"px","size":5,"sizes":[]},"button_typography_typography":"custom","button_typography_font_size":{"unit":"px","size":12,"sizes":[]},"button_typography_font_weight":"500","button_underline":"show","position_tablet":"top","position_mobile":"left","align_tablet":"center","align_mobile":"left","title_typography_line_height":{"unit":"px","size":24,"sizes":[]},"description_color":"#676D77","description_typography_typography":"custom","description_typography_line_height":{"unit":"px","size":20,"sizes":[]},"description_spacing":{"unit":"px","size":10,"sizes":[]},"button_color":"#1D2128","icon_spacing_mobile":{"unit":"px","size":30,"sizes":[]},"description_spacing_mobile":{"unit":"px","size":0,"sizes":[]},"image":{"id":6856,"url":"http:\/\/localhost\/dev\/motta\/wp-content\/uploads\/sites\/12\/2022\/06\/customer_service.jpg","alt":"","source":"library"},"_padding_mobile":{"unit":"px","top":"0","right":"0","bottom":"20","left":"0","isLinked":false},"_border_width":{"unit":"px","top":"0","right":"1","bottom":"0","left":"0","isLinked":false},"icon_type":"external","alignment_mobile":"left","icon_url":"https:\/\/motta.uix.store\/wp-content\/uploads\/2022\/08\/customerservice.svg","image_spacing_mobile":{"unit":"px","size":25,"sizes":[]},"primary_button_text":"Get Support","primary_button_link":{"url":"https:\/\/motta.uix.store\/customer-service\/","is_external":"","nofollow":"","custom_attributes":""},"primary_button_options":"yes","primary_button_color":"#1D2128","alignment":"right","_border_width_tablet":{"unit":"px","top":"0","right":"0","bottom":"0","left":"0","isLinked":true},"_border_width_mobile":{"unit":"px","top":"0","right":"0","bottom":"1","left":"0","isLinked":false},"_border_color":"#ECF0F4"},"elements":[],"isInner":false,"widgetType":"motta-icon-box","elType":"widget"}],"isInner":false,"elType":"column"}],"isInner":false,"elType":"section"},{"id":"6c2b5589","settings":[],"elements":[{"id":"1a885f4","settings":{"_column_size":100,"_inline_size":null},"elements":[{"id":"2b1ef0cd","settings":{"text":"Divider","color":"#ECF0F4","gap":{"unit":"px","size":10,"sizes":[]},"gap_mobile":{"unit":"px","size":3,"sizes":[]}},"elements":[],"isInner":false,"widgetType":"divider","elType":"widget"}],"isInner":false,"elType":"column"}],"isInner":false,"elType":"section"},{"id":"12e5840d","settings":{"padding":{"unit":"px","top":"17","right":"0","bottom":"0","left":"0","isLinked":false},"padding_mobile":{"unit":"px","top":"0","right":"0","bottom":"0","left":"0","isLinked":true}},"elements":[{"id":"6251274","settings":{"_column_size":100,"_inline_size":null},"elements":[{"id":"409f5cd0","settings":{"title":"Our Favorite Deals This Week","button_text":"See All Deals","title_size":"div","title_color":"#1D2128","title_typography_typography":"custom","title_typography_font_size":{"unit":"px","size":24,"sizes":[]},"title_typography_font_weight":"500","button_color":"#1D2128","button_typography_typography":"custom","button_typography_font_size":{"unit":"px","size":12,"sizes":[]},"title_typography_font_size_mobile":{"unit":"px","size":16,"sizes":[]},"before_title_typography_font_weight":"500","typography_font_size_mobile":{"unit":"px","size":18,"sizes":[]},"typography_font_weight":"500","_padding_mobile":{"unit":"px","top":"0","right":"0","bottom":"0","left":"0","isLinked":false},"typography_line_height_tablet":{"unit":"px","size":"","sizes":[]},"typography_line_height_mobile":{"unit":"px","size":"","sizes":[]},"button_text_mobile":"See All","primary_button_text":"See All Deals","primary_mobile_button_text":"See All ","primary_button_link":{"url":"#","is_external":"","nofollow":"","custom_attributes":""},"primary_button_options":"yes","primary_mobile_button_options":"yes","size":"large","typography_typography":"custom"},"elements":[],"isInner":false,"widgetType":"motta-heading","elType":"widget"}],"isInner":false,"elType":"column"}],"isInner":false,"elType":"section"},{"id":"6d7aa52a","settings":{"structure":"30","margin":{"unit":"px","top":"","right":0,"bottom":"","left":0,"isLinked":true},"padding":{"unit":"px","top":"0","right":"0","bottom":"28","left":"0","isLinked":false},"section_horizontal_scroll_mobile":"on","section_horizontal_scroll_width":66,"padding_mobile":{"unit":"px","top":"0","right":"0","bottom":"0","left":"0","isLinked":true},"mobile_column_alignment":"column_md","tablet_column_alignment":"column_xs"},"elements":[{"id":"37b1c194","settings":{"_column_size":33,"_inline_size":null},"elements":[{"id":"39a9c1d3","settings":{"image":{"id":19363,"url":"https:\/\/motta.uix.store\/wp-content\/uploads\/2023\/03\/homev1-kitchen-tools-accessories.jpg","alt":"","source":"library","size":""},"title":"Kitchen Tools & <br>\nAccessories\n","description":"Charming kitchenware and bohemian <br class=\"hidden-sm hidden-xs\">\ntouches worth getting out of bed for.","button_text":"Shop Now","link_type":"only","title_spacing":{"unit":"px","size":11,"sizes":[]},"title_typography_typography":"custom","title_typography_line_height":{"unit":"px","size":32,"sizes":[]},"desc_spacing":{"unit":"px","size":19,"sizes":[]},"desc_typography_typography":"custom","desc_typography_line_height":{"unit":"px","size":18,"sizes":[]},"button_style":"medium","title_color":"#FFFFFF","desc_color":"#FFFFFF","button_color":"#1D2128","button_background_color":"#FFFFFF","title_spacing_tablet":{"unit":"px","size":10,"sizes":[]},"title_typography_font_size_mobile":{"unit":"px","size":18,"sizes":[]},"title_typography_line_height_mobile":{"unit":"px","size":22,"sizes":[]},"desc_spacing_tablet":{"unit":"px","size":11,"sizes":[]},"button_show":"","button_padding":{"unit":"px","top":"0","right":"18","bottom":"0","left":"18","isLinked":false},"title_spacing_mobile":{"unit":"px","size":6,"sizes":[]},"desc_spacing_mobile":{"unit":"px","size":15,"sizes":[]},"height":{"unit":"px","size":364,"sizes":[]},"height_mobile":{"unit":"px","size":228,"sizes":[]},"banner_spacing":{"unit":"px","top":"26","right":"32","bottom":"26","left":"32","isLinked":false},"banner_spacing_mobile":{"unit":"px","top":"16","right":"20","bottom":"16","left":"20","isLinked":false},"primary_button_text":"Shop Now","primary_button_options":"yes","primary_button_background_color":"#FFFFFF","primary_button_color":"#1D2128","border_radius_img":{"unit":"px","top":"2","right":"2","bottom":"2","left":"2","isLinked":true},"primary_button_size":"small","primary_button_link":{"url":"https:\/\/motta.uix.store\/product-category\/homegarden\/kitchen-dining\/","is_external":"","nofollow":"","custom_attributes":""},"youtube_url":"https:\/\/www.youtube.com\/watch?v=XHOmBV4js_E","title_typography_font_weight":"600","primary_button_typography_typography":"custom"},"elements":[],"isInner":false,"widgetType":"motta-banner","elType":"widget"}],"isInner":false,"elType":"column"},{"id":"1c6dd9c9","settings":{"_column_size":33,"_inline_size":null},"elements":[{"id":"5186da9b","settings":{"image":{"id":19362,"url":"https:\/\/motta.uix.store\/wp-content\/uploads\/2023\/03\/homev1-Screen-free-fun.jpg","alt":"","source":"library","size":""},"title":"Screen-free Fun,<br class=\"hidden-sm \">\nAnyone?","description":"From games & puzzles to arts & crafts,<br class=\"hidden-sm hidden-xs\">\nget fun activities for every age.","button_text":"Shop Now","link_type":"only","title_spacing":{"unit":"px","size":11,"sizes":[]},"title_typography_typography":"custom","title_typography_line_height":{"unit":"px","size":32,"sizes":[]},"desc_spacing":{"unit":"px","size":19,"sizes":[]},"desc_typography_typography":"custom","desc_typography_line_height":{"unit":"px","size":18,"sizes":[]},"button_style":"medium","title_color":"#FFFFFF","desc_color":"#FFFFFF","button_color":"#1D2128","button_background_color":"#FFFFFF","title_spacing_tablet":{"unit":"px","size":10,"sizes":[]},"title_typography_font_size_mobile":{"unit":"px","size":18,"sizes":[]},"title_typography_line_height_mobile":{"unit":"px","size":22,"sizes":[]},"desc_spacing_tablet":{"unit":"px","size":11,"sizes":[]},"button_show":"","button_padding":{"unit":"px","top":"0","right":"18","bottom":"0","left":"18","isLinked":false},"title_spacing_mobile":{"unit":"px","size":6,"sizes":[]},"desc_spacing_mobile":{"unit":"px","size":15,"sizes":[]},"height":{"unit":"px","size":364,"sizes":[]},"height_mobile":{"unit":"px","size":228,"sizes":[]},"banner_spacing":{"unit":"px","top":"26","right":"32","bottom":"26","left":"32","isLinked":false},"banner_spacing_mobile":{"unit":"px","top":"16","right":"20","bottom":"16","left":"20","isLinked":false},"primary_button_text":"Shop Now","primary_button_options":"yes","primary_button_background_color":"#FFFFFF","primary_button_color":"#1D2128","border_radius_img":{"unit":"px","top":"2","right":"2","bottom":"2","left":"2","isLinked":true},"primary_button_size":"small","primary_button_link":{"url":"https:\/\/motta.uix.store\/product-category\/toysgames\/toys\/arts-crafts\/","is_external":"","nofollow":"","custom_attributes":""},"youtube_url":"https:\/\/www.youtube.com\/watch?v=XHOmBV4js_E","title_typography_font_weight":"600"},"elements":[],"isInner":false,"widgetType":"motta-banner","elType":"widget"}],"isInner":false,"elType":"column"},{"id":"3d7567eb","settings":{"_column_size":33,"_inline_size":null},"elements":[{"id":"3eb07d00","settings":{"image":{"id":19361,"url":"https:\/\/motta.uix.store\/wp-content\/uploads\/2023\/03\/homev1-the-spring-fling.jpg","alt":"","source":"library","size":""},"title":"The Spring <br class=\"hidden-smhidden-xs\">\nFling","description":"These styles, those prices, the timing \u2014 <br class=\"hidden-sm hidden-xs\">\nI mean, it's like it was meant to be!","button_text":"Shop Now","link_type":"only","title_spacing":{"unit":"px","size":11,"sizes":[]},"title_typography_typography":"custom","title_typography_line_height":{"unit":"px","size":32,"sizes":[]},"desc_spacing":{"unit":"px","size":19,"sizes":[]},"desc_typography_typography":"custom","desc_typography_line_height":{"unit":"px","size":18,"sizes":[]},"button_style":"medium","title_color":"#FFFFFF","desc_color":"#FFFFFF","button_color":"#1D2128","button_background_color":"#FFFFFF","title_spacing_tablet":{"unit":"px","size":10,"sizes":[]},"title_typography_font_size_mobile":{"unit":"px","size":18,"sizes":[]},"title_typography_line_height_mobile":{"unit":"px","size":22,"sizes":[]},"desc_spacing_tablet":{"unit":"px","size":11,"sizes":[]},"button_show":"","button_padding":{"unit":"px","top":"0","right":"18","bottom":"0","left":"18","isLinked":false},"title_spacing_mobile":{"unit":"px","size":6,"sizes":[]},"desc_spacing_mobile":{"unit":"px","size":15,"sizes":[]},"height":{"unit":"px","size":364,"sizes":[]},"height_mobile":{"unit":"px","size":228,"sizes":[]},"banner_spacing":{"unit":"px","top":"26","right":"32","bottom":"26","left":"32","isLinked":false},"banner_spacing_mobile":{"unit":"px","top":"16","right":"20","bottom":"16","left":"20","isLinked":false},"primary_button_text":"Shop Now","primary_button_options":"yes","primary_button_background_color":"#FFFFFF","primary_button_color":"#1D2128","border_radius_img":{"unit":"px","top":"2","right":"2","bottom":"2","left":"2","isLinked":true},"primary_button_size":"small","primary_button_link":{"url":"https:\/\/motta.uix.store\/product-category\/fashion\/woman\/sweatshirts\/","is_external":"","nofollow":"","custom_attributes":""},"youtube_url":"https:\/\/www.youtube.com\/watch?v=XHOmBV4js_E","title_typography_font_weight":"600"},"elements":[],"isInner":false,"widgetType":"motta-banner","elType":"widget"}],"isInner":false,"elType":"column"}],"isInner":false,"elType":"section"},{"id":"370fd382","settings":{"padding_mobile":{"unit":"px","top":"7","right":"0","bottom":"0","left":"0","isLinked":false}},"elements":[{"id":"ab256db","settings":{"_column_size":100,"_inline_size":null},"elements":[{"id":"29d53884","settings":{"title":"Trending Brands","title_size":"div","title_color":"#1D2128","title_typography_typography":"custom","title_typography_font_size":{"unit":"px","size":24,"sizes":[]},"title_typography_font_size_mobile":{"unit":"px","size":16,"sizes":[]},"title_typography_font_weight":"500","title_typography_line_height_mobile":{"unit":"px","size":"","sizes":[]},"button_color":"#1D2128","button_typography_typography":"custom","button_typography_font_size":{"unit":"px","size":12,"sizes":[]},"typography_font_size_mobile":{"unit":"px","size":18,"sizes":[]},"typography_font_weight":"500","size":"large","typography_typography":"custom"},"elements":[],"isInner":false,"widgetType":"motta-heading","elType":"widget"}],"isInner":false,"elType":"column"}],"isInner":false,"elType":"section"},{"id":"4f8a05b8","settings":{"structure":"60","section_horizontal_scroll_mobile":"on","section_horizontal_scroll_width":40,"gap_columns_custom_mobile":{"unit":"px","size":8,"sizes":[]},"mobile_column_alignment":"column_xs","tablet_column_alignment":"column_xxs"},"elements":[{"id":"732d929","settings":{"_column_size":16,"_inline_size":null},"elements":[{"id":"6a66d256","settings":{"image":{"id":9829,"url":"http:\/\/localhost\/dev\/motta\/wp-content\/uploads\/sites\/12\/2022\/07\/homev1-nature.png","alt":"","source":"library"},"_background_background":"classic","_background_color":"#F1F5F8","image_size":"full","link_to":"custom","link":{"url":"https:\/\/motta.uix.store\/blog\/product-brand\/nature\/","is_external":"","nofollow":"","custom_attributes":""},"image_border_radius":{"unit":"px","top":"2","right":"2","bottom":"2","left":"2","isLinked":true}},"elements":[],"isInner":false,"widgetType":"image","elType":"widget"}],"isInner":false,"elType":"column"},{"id":"6b72ce16","settings":{"_column_size":16,"_inline_size":null},"elements":[{"id":"4cf9e49e","settings":{"image":{"id":9828,"url":"http:\/\/localhost\/dev\/motta\/wp-content\/uploads\/sites\/12\/2022\/07\/homev1-classic.png","alt":"","source":"library"},"_background_background":"classic","_background_color":"#F1F5F8","image_size":"full","link_to":"custom","link":{"url":"https:\/\/motta.uix.store\/blog\/product-brand\/classic\/","is_external":"","nofollow":"","custom_attributes":""},"image_border_radius":{"unit":"px","top":"2","right":"2","bottom":"2","left":"2","isLinked":true}},"elements":[],"isInner":false,"widgetType":"image","elType":"widget"}],"isInner":false,"elType":"column"},{"id":"1daaf5bb","settings":{"_column_size":16,"_inline_size":null},"elements":[{"id":"35d3e48a","settings":{"image":{"id":9827,"url":"http:\/\/localhost\/dev\/motta\/wp-content\/uploads\/sites\/12\/2022\/07\/homev1-brandit.png","alt":"","source":"library"},"_background_background":"classic","_background_color":"#F1F5F8","image_size":"full","link_to":"custom","link":{"url":"https:\/\/motta.uix.store\/blog\/product-brand\/brandit\/","is_external":"","nofollow":"","custom_attributes":""},"image_border_radius":{"unit":"px","top":"2","right":"2","bottom":"2","left":"2","isLinked":true}},"elements":[],"isInner":false,"widgetType":"image","elType":"widget"}],"isInner":false,"elType":"column"},{"id":"71cf3c62","settings":{"_column_size":16,"_inline_size":null},"elements":[{"id":"602b0d90","settings":{"image":{"id":9826,"url":"http:\/\/localhost\/dev\/motta\/wp-content\/uploads\/sites\/12\/2022\/07\/homev1-alisa.png","alt":"","source":"library"},"_background_background":"classic","_background_color":"#F1F5F8","link_to":"custom","link":{"url":"https:\/\/motta.uix.store\/blog\/product-brand\/alisa\/","is_external":"","nofollow":"","custom_attributes":""},"image_border_radius":{"unit":"px","top":"2","right":"2","bottom":"2","left":"2","isLinked":true}},"elements":[],"isInner":false,"widgetType":"image","elType":"widget"}],"isInner":false,"elType":"column"},{"id":"7d14e580","settings":{"_column_size":16,"_inline_size":null},"elements":[{"id":"30ab79b0","settings":{"image":{"id":9830,"url":"http:\/\/localhost\/dev\/motta\/wp-content\/uploads\/sites\/12\/2022\/07\/homev1-westside.png","alt":"","source":"library"},"_background_background":"classic","_background_color":"#F1F5F8","link_to":"custom","link":{"url":"https:\/\/motta.uix.store\/blog\/product-brand\/westside\/","is_external":"","nofollow":"","custom_attributes":""},"image_border_radius":{"unit":"px","top":"2","right":"2","bottom":"2","left":"2","isLinked":true}},"elements":[],"isInner":false,"widgetType":"image","elType":"widget"}],"isInner":false,"elType":"column"},{"id":"6baeb115","settings":{"_column_size":16,"_inline_size":null},"elements":[{"id":"7dea8f0f","settings":{"image":{"id":9831,"url":"http:\/\/localhost\/dev\/motta\/wp-content\/uploads\/sites\/12\/2022\/07\/homev1-smile.png","alt":"","source":"library"},"_background_background":"classic","_background_color":"#F1F5F8","link_to":"custom","link":{"url":"https:\/\/motta.uix.store\/blog\/product-brand\/smile\/","is_external":"","nofollow":"","custom_attributes":""},"image_border_radius":{"unit":"px","top":"2","right":"2","bottom":"2","left":"2","isLinked":true}},"elements":[],"isInner":false,"widgetType":"image","elType":"widget"}],"isInner":false,"elType":"column"}],"isInner":false,"elType":"section"},{"id":"5113ec0a","settings":{"padding":{"unit":"px","top":"27","right":"0","bottom":"20","left":"0","isLinked":false},"padding_mobile":{"unit":"px","top":"7","right":"0","bottom":"0","left":"0","isLinked":false}},"elements":[{"id":"4fa6f3a6","settings":{"_column_size":100,"_inline_size":null},"elements":[{"id":"58ef7da1","settings":{"title":"Top Sellers","button_text":"See All Products","title_size":"div","title_color":"#1D2128","title_typography_typography":"custom","title_typography_font_size":{"unit":"px","size":24,"sizes":[]},"title_typography_font_weight":"500","button_color":"#1D2128","button_typography_typography":"custom","button_typography_font_size":{"unit":"px","size":12,"sizes":[]},"title_typography_font_size_mobile":{"unit":"px","size":16,"sizes":[]},"before_title_typography_font_weight":"500","typography_font_size_mobile":{"unit":"px","size":18,"sizes":[]},"typography_font_weight":"500","_padding_mobile":{"unit":"px","top":"0","right":"0","bottom":"5","left":"0","isLinked":false},"typography_line_height_tablet":{"unit":"px","size":"","sizes":[]},"typography_line_height_mobile":{"unit":"px","size":"","sizes":[]},"_padding":{"unit":"px","top":"0","right":"0","bottom":"25","left":"0","isLinked":false},"button_text_mobile":"See All","link":{"url":"#","is_external":"","nofollow":"","custom_attributes":""},"primary_button_text":"See All Products","primary_mobile_button_text":"See All ","primary_button_link":{"url":"https:\/\/motta.uix.store\/shop\/","is_external":"","nofollow":"","custom_attributes":""},"primary_button_options":"yes","primary_mobile_button_typography_typography":"custom","size":"large","typography_typography":"custom"},"elements":[],"isInner":false,"widgetType":"motta-heading","elType":"widget"},{"id":"67f0f7af","settings":{"title":"Top Sellers","button_text":"See All Products","autoplay":"","slides_to_show_tablet":3,"navigation_mobile":"dots","sliders_arrow_style":"yes","arrows_spacing_vertical":{"unit":"%","size":33,"sizes":[]},"arrows_spacing_vertical_mobile":{"unit":"px","size":240,"sizes":[]},"navigation_tablet":"arrows","sliders_dots_style":"yes","arrows_spacing_vertical_tablet":{"unit":"%","size":"","sizes":[]},"sliders_arrows_size":{"unit":"px","size":16,"sizes":[]},"tag":[""],"sliders_arrows_horizontal_spacing_tablet":{"unit":"px","size":0,"sizes":[]},"sliders_dots_vertical_spacing_mobile":{"unit":"px","size":15,"sizes":[]}},"elements":[],"isInner":false,"widgetType":"motta-products-carousel","elType":"widget"}],"isInner":false,"elType":"column"}],"isInner":false,"elType":"section"},{"id":"7f9b5c07","settings":{"padding_mobile":{"unit":"px","top":"15","right":"0","bottom":"0","left":"0","isLinked":false}},"elements":[{"id":"166a4733","settings":{"_column_size":100,"_inline_size":null},"elements":[{"id":"2d733a34","settings":{"title":"Explore More Categories","title_size":"div","title_color":"#1D2128","title_typography_typography":"custom","title_typography_font_size":{"unit":"px","size":24,"sizes":[]},"title_typography_font_size_mobile":{"unit":"px","size":16,"sizes":[]},"title_typography_font_weight":"500","title_typography_line_height_mobile":{"unit":"px","size":"","sizes":[]},"button_color":"#1D2128","button_typography_typography":"custom","button_typography_font_size":{"unit":"px","size":12,"sizes":[]},"button_text":"See All Categories","typography_font_size_mobile":{"unit":"px","size":18,"sizes":[]},"typography_font_weight":"500","button_text_mobile":"See All","primary_button_text":"See All Categories","primary_mobile_button_text":"See All","primary_button_link":{"url":"https:\/\/motta.uix.store\/shop\/","is_external":"","nofollow":"","custom_attributes":""},"size":"large","typography_typography":"custom"},"elements":[],"isInner":false,"widgetType":"motta-heading","elType":"widget"}],"isInner":false,"elType":"column"}],"isInner":false,"elType":"section"},{"id":"33087640","settings":{"structure":"60","section_horizontal_scroll_mobile":"on","section_horizontal_scroll_width":40,"padding":{"unit":"px","top":"0","right":"0","bottom":"39","left":"0","isLinked":false},"padding_mobile":{"unit":"px","top":"5","right":"0","bottom":"16","left":"0","isLinked":false},"mobile_column_alignment":"column_xs","tablet_column_alignment":"column_xxxs"},"elements":[{"id":"26293205","settings":{"_column_size":16,"_inline_size":null},"elements":[{"id":"44d097a0","settings":{"image":{"id":9835,"url":"http:\/\/localhost\/dev\/motta\/wp-content\/uploads\/sites\/12\/2022\/07\/homev1-furniture.jpg","alt":"","source":"library"},"title":"Furniture","title_typography_typography":"custom","title_typography_font_size":{"unit":"px","size":18,"sizes":[]},"title_typography_line_height":{"unit":"px","size":28,"sizes":[]},"title_color":"#1D2128","image_spacing":{"unit":"px","size":17,"sizes":[]},"title_typography_font_weight":"500","title_typography_font_size_mobile":{"unit":"px","size":18,"sizes":[]},"link":{"url":"#","is_external":"","nofollow":"","custom_attributes":""},"image_border_radius":{"unit":"%","size":100,"sizes":[]},"image_border_radius_tablet":{"unit":"%","size":"","sizes":[]},"image_border_radius_mobile":{"unit":"%","size":"","sizes":[]},"primary_button_link":{"url":"https:\/\/motta.uix.store\/product-category\/homegarden\/furniture\/","is_external":"","nofollow":"","custom_attributes":""}},"elements":[],"isInner":false,"widgetType":"motta-image-box","elType":"widget"}],"isInner":false,"elType":"column"},{"id":"496a6760","settings":{"_column_size":16,"_inline_size":null},"elements":[{"id":"57cb68a","settings":{"image":{"id":9836,"url":"http:\/\/localhost\/dev\/motta\/wp-content\/uploads\/sites\/12\/2022\/07\/homev1-shoes.jpg","alt":"","source":"library"},"title":"Shoes","title_typography_typography":"custom","title_typography_font_size":{"unit":"px","size":18,"sizes":[]},"title_typography_line_height":{"unit":"px","size":28,"sizes":[]},"title_color":"#1D2128","image_spacing":{"unit":"px","size":17,"sizes":[]},"title_typography_font_weight":"500","title_typography_font_size_mobile":{"unit":"px","size":18,"sizes":[]},"link":{"url":"#","is_external":"","nofollow":"","custom_attributes":""},"image_border_radius":{"unit":"%","size":100,"sizes":[]},"image_border_radius_tablet":{"unit":"%","size":"","sizes":[]},"image_border_radius_mobile":{"unit":"%","size":"","sizes":[]},"primary_button_link":{"url":"https:\/\/motta.uix.store\/product-category\/fashion\/woman\/shoes\/","is_external":"","nofollow":"","custom_attributes":""}},"elements":[],"isInner":false,"widgetType":"motta-image-box","elType":"widget"}],"isInner":false,"elType":"column"},{"id":"3203a3d","settings":{"_column_size":16,"_inline_size":null},"elements":[{"id":"662f4ccc","settings":{"image":{"id":9837,"url":"http:\/\/localhost\/dev\/motta\/wp-content\/uploads\/sites\/12\/2022\/07\/homev1-smartphones.jpg","alt":"","source":"library"},"title":"Smartphones","title_typography_typography":"custom","title_typography_font_size":{"unit":"px","size":18,"sizes":[]},"title_typography_line_height":{"unit":"px","size":28,"sizes":[]},"title_color":"#1D2128","image_spacing":{"unit":"px","size":17,"sizes":[]},"title_typography_font_weight":"500","title_typography_font_size_mobile":{"unit":"px","size":18,"sizes":[]},"link":{"url":"#","is_external":"","nofollow":"","custom_attributes":""},"image_border_radius":{"unit":"%","size":100,"sizes":[]},"image_border_radius_tablet":{"unit":"%","size":"","sizes":[]},"image_border_radius_mobile":{"unit":"%","size":"","sizes":[]},"primary_button_link":{"url":"https:\/\/motta.uix.store\/product-category\/electronics\/cell-phones-accessories\/","is_external":"","nofollow":"","custom_attributes":""}},"elements":[],"isInner":false,"widgetType":"motta-image-box","elType":"widget"}],"isInner":false,"elType":"column"},{"id":"b811604","settings":{"_column_size":16,"_inline_size":null},"elements":[{"id":"3e647059","settings":{"image":{"id":9838,"url":"http:\/\/localhost\/dev\/motta\/wp-content\/uploads\/sites\/12\/2022\/07\/homev1-airprufiers.jpg","alt":"","source":"library"},"title":"Air Purifiers","title_typography_typography":"custom","title_typography_font_size":{"unit":"px","size":18,"sizes":[]},"title_typography_line_height":{"unit":"px","size":28,"sizes":[]},"title_color":"#1D2128","image_spacing":{"unit":"px","size":17,"sizes":[]},"title_typography_font_weight":"500","title_typography_font_size_mobile":{"unit":"px","size":18,"sizes":[]},"link":{"url":"#","is_external":"","nofollow":"","custom_attributes":""},"image_border_radius":{"unit":"%","size":100,"sizes":[]},"image_border_radius_tablet":{"unit":"%","size":"","sizes":[]},"image_border_radius_mobile":{"unit":"%","size":"","sizes":[]},"primary_button_link":{"url":"https:\/\/motta.uix.store\/product-category\/homegarden\/appliances\/","is_external":"","nofollow":"","custom_attributes":""}},"elements":[],"isInner":false,"widgetType":"motta-image-box","elType":"widget"}],"isInner":false,"elType":"column"},{"id":"1f450ec5","settings":{"_column_size":16,"_inline_size":null},"elements":[{"id":"22eb6583","settings":{"image":{"id":9839,"url":"http:\/\/localhost\/dev\/motta\/wp-content\/uploads\/sites\/12\/2022\/07\/homev1-toys.jpg","alt":"","source":"library"},"title":"Toys","title_typography_typography":"custom","title_typography_font_size":{"unit":"px","size":18,"sizes":[]},"title_typography_line_height":{"unit":"px","size":28,"sizes":[]},"title_color":"#1D2128","image_spacing":{"unit":"px","size":17,"sizes":[]},"title_typography_font_weight":"500","title_typography_font_size_mobile":{"unit":"px","size":18,"sizes":[]},"link":{"url":"#","is_external":"","nofollow":"","custom_attributes":""},"image_border_radius":{"unit":"%","size":100,"sizes":[]},"image_border_radius_tablet":{"unit":"%","size":"","sizes":[]},"image_border_radius_mobile":{"unit":"%","size":"","sizes":[]},"primary_button_link":{"url":"https:\/\/motta.uix.store\/product-category\/toysgames\/toys\/","is_external":"","nofollow":"","custom_attributes":""}},"elements":[],"isInner":false,"widgetType":"motta-image-box","elType":"widget"}],"isInner":false,"elType":"column"},{"id":"d46600c","settings":{"_column_size":16,"_inline_size":null},"elements":[{"id":"3ad51438","settings":{"image":{"id":9840,"url":"http:\/\/localhost\/dev\/motta\/wp-content\/uploads\/sites\/12\/2022\/07\/homev1-headphones.jpg","alt":"","source":"library"},"title":"Headphones","title_typography_typography":"custom","title_typography_font_size":{"unit":"px","size":18,"sizes":[]},"title_typography_line_height":{"unit":"px","size":28,"sizes":[]},"title_color":"#1D2128","image_spacing":{"unit":"px","size":17,"sizes":[]},"title_typography_font_weight":"500","title_typography_font_size_mobile":{"unit":"px","size":18,"sizes":[]},"link":{"url":"#","is_external":"","nofollow":"","custom_attributes":""},"image_border_radius":{"unit":"%","size":100,"sizes":[]},"image_border_radius_tablet":{"unit":"%","size":"","sizes":[]},"image_border_radius_mobile":{"unit":"%","size":"","sizes":[]},"primary_button_link":{"url":"https:\/\/motta.uix.store\/product-category\/electronics\/headphones\/","is_external":"","nofollow":"","custom_attributes":""}},"elements":[],"isInner":false,"widgetType":"motta-image-box","elType":"widget"}],"isInner":false,"elType":"column"}],"isInner":false,"elType":"section"}],"page_settings":{"footer_mobile_layout":"3841","motta_page_header_display":"none","motta_content_top_spacing":"no","motta_content_bottom_spacing":"no","header_category_menu_display":"onpageload","motta_hide_page_header":"1","footer_layout":"3007","header_layout":"v1"},"version":"0.4","title":"home-v1","type":"page"}