{"content":[{"id":"7324ad0c","settings":{"content_width":{"unit":"px","size":695,"sizes":[]},"padding":{"unit":"px","top":"30","right":"0","bottom":"36","left":"0","isLinked":false}},"elements":[{"id":"109bd723","settings":{"_column_size":100,"_inline_size":null},"elements":[{"id":"26bda399","settings":{"title":"Our Location","title_size":"h1","align":"center","typography_typography":"custom","typography_font_size":{"unit":"px","size":72,"sizes":[]},"typography_font_weight":"700","typography_font_size_mobile":{"unit":"px","size":36,"sizes":[]}},"elements":[],"isInner":false,"widgetType":"motta-heading","elType":"widget"},{"id":"64178d0c","settings":{"title":"Stores around the world","title_size":"h5","align":"center","_padding":{"unit":"px","top":"20","right":"0","bottom":"0","left":"0","isLinked":false}},"elements":[],"isInner":false,"widgetType":"motta-heading","elType":"widget"}],"isInner":false,"elType":"column"}],"isInner":false,"elType":"section"},{"id":"1135551","settings":[],"elements":[{"id":"4e349090","settings":{"_column_size":100,"_inline_size":null},"elements":[{"id":"14e18c61","settings":{"locations":[{"location":"Los Angeles","address":"340 Main Street Los Angeles, CA 90291\n<b>United States<\/b>","image":{"id":19892,"url":"https:\/\/motta.uix.store\/wp-content\/uploads\/2023\/05\/locations-1.jpg","alt":"","source":"library","size":""},"button_text":"Directions","button_link":{"url":"https:\/\/www.google.com\/maps\/place\/Google+Venice\/@33.9954861,-118.4789803,17z\/data=!3m1!4b1!4m6!3m5!1s0x80c2bacf22ee5b65:0x95c465741fbb54b3!8m2!3d33.9954817!4d-118.4764054!16s%2Fg%2F1tf6mgmh"},"_id":"7da1701","phone":"+1-855-466-7467","hours_text":"Regular Store Hours","day_1":"Mon - Sat","time_1":"10:00 AM   -   7:00 PM","day_2":"Sun","time_2":"11:00 AM    -   6:00 PM","primary_button_text":"Directions","primary_button_link":{"url":"#","is_external":"","nofollow":"","custom_attributes":""}},{"location":"California","address":"10000 California St 68114 Omaha\n<b>United States<\/b>","image":{"id":19893,"url":"https:\/\/motta.uix.store\/wp-content\/uploads\/2023\/05\/locations-2.jpg","alt":"","source":"library","size":""},"button_text":"Directions","button_link":{"url":"https:\/\/www.google.com\/maps\/place\/10000+California+St,+Omaha,+NE+68114,+Hoa+K%E1%BB%B3\/@41.2668832,-96.0708252,17z\/data=!3m1!4b1!4m6!3m5!1s0x8793f2b3561025eb:0xc3ca6c3dbc13f7fb!8m2!3d41.2668792!4d-96.0682503!16s%2Fg%2F11b8v4gkz2"},"_id":"41e9575","phone":"+1 310-310-6000","hours_text":"Regular Store Hours","day_1":"Mon - Sat","time_1":"10:00 AM   -   7:00 PM","day_2":"Sun","time_2":"11:00 AM    -   6:00 PM","primary_button_text":"Directions","primary_button_link":{"url":"#","is_external":"","nofollow":"","custom_attributes":""},"tag":"California"},{"location":"New York","address":"515 Broadway 10015 New York\n<b>United States<\/b>","image":{"id":19894,"url":"https:\/\/motta.uix.store\/wp-content\/uploads\/2023\/05\/locations-3.jpg","alt":"","source":"library","size":""},"button_text":"Directions","button_link":{"url":"https:\/\/www.google.com\/maps\/place\/515+Broadway,+New+York,+NY+10012,+Hoa+K%E1%BB%B3\/@40.7227188,-74.0019427,17z\/data=!3m1!4b1!4m6!3m5!1s0x89c259894a9a0297:0x2ee3c8c06c48d198!8m2!3d40.7227148!4d-73.9993678!16s%2Fg%2F11c1zrd7l1"},"_id":"7812a28","phone":"+1-855-466-7467","hours_text":"Regular Store Hours","day_1":"Mon - Sat","time_1":"10:00 AM   -   7:00 PM","day_2":"Sun","time_2":"11:00 AM    -   6:00 PM","primary_button_text":"Directions","primary_button_link":{"url":"#","is_external":"","nofollow":"","custom_attributes":""},"tag":"New York"},{"location":"New York","address":"30 Mall Dr W 07310 Jersey City\n<b>United States<\/b>","image":{"id":19895,"url":"https:\/\/motta.uix.store\/wp-content\/uploads\/2023\/05\/locations-4.jpg","alt":"","source":"library","size":""},"button_text":"Directions","button_link":{"url":"https:\/\/www.google.com\/maps\/place\/30+Mall+Dr+W,+Jersey+City,+NJ+07302,+Hoa+K%E1%BB%B3\/@40.7268446,-74.040568,17z\/data=!3m1!4b1!4m6!3m5!1s0x89c25753b9bfa005:0x18001e52161ca59d!8m2!3d40.7268406!4d-74.0379931!16s%2Fg%2F11hzqw7472"},"phone":"+1 310-310-6000","hours_text":"Regular Store Hours","day_1":"Mon - Sat","time_1":"10:00 AM   -   7:00 PM","day_2":"Sun","time_2":"11:00 AM    -   6:00 PM","_id":"93a9794","primary_button_text":"Directions","primary_button_link":{"url":"#","is_external":"","nofollow":"","custom_attributes":""},"tag":"New York"},{"location":"Colorado Springs","address":"1710 Briargate Blvd 80920 Colorado\n<b>United States<\/b>","image":{"id":19896,"url":"https:\/\/motta.uix.store\/wp-content\/uploads\/2023\/05\/locations-5.jpg","alt":"","source":"library","size":""},"button_text":"Directions","button_link":{"url":"https:\/\/www.google.com\/maps\/place\/1710+Briargate+Blvd,+Colorado+Springs,+CO+80920,+Hoa+K%E1%BB%B3\/@38.9493215,-104.7953281,17z\/data=!4m6!3m5!1s0x87134e81228be4eb:0xcb0bc56e3d95bc35!8m2!3d38.9493174!4d-104.7927532!16s%2Fg%2F11cnch_w9h"},"phone":"+1-855-466-7467","hours_text":"Regular Store Hours","day_1":"Mon - Sat","time_1":"10:00 AM   -   7:00 PM","day_2":"Sun","time_2":"11:00 AM    -   6:00 PM","_id":"9d04fac","primary_button_text":"Directions","primary_button_link":{"url":"#","is_external":"","nofollow":"","custom_attributes":""},"tag":"Colorado"},{"location":"Georgia","address":"1770 East Red Cliffs 84790 St George\n<b>United States<\/b>","image":{"id":19897,"url":"https:\/\/motta.uix.store\/wp-content\/uploads\/2023\/05\/locations-6.jpg","alt":"","source":"library","size":""},"button_text":"Directions","button_link":{"url":"https:\/\/www.google.com\/maps\/place\/1770+Red+Cliffs+Dr,+St.+George,+UT+84790,+Hoa+K%E1%BB%B3\/@37.1153594,-113.5479427,17z\/data=!3m1!4b1!4m6!3m5!1s0x80ca5b19d0067c11:0x5b5e031db07e234!8m2!3d37.1153552!4d-113.5453678!16s%2Fg%2F11bw4httmx"},"phone":"+1 310-310-6000","hours_text":"Regular Store Hours","day_1":"Mon - Sat","time_1":"10:00 AM   -   7:00 PM","day_2":"Sun","time_2":"11:00 AM    -   6:00 PM","_id":"b10a553","primary_button_text":"Directions","primary_button_link":{"url":"#","is_external":"","nofollow":"","custom_attributes":""},"tag":"Georgia"},{"location":"Georgia","address":"1081 North Point Mall 30022 Alpharetta\n<b>United States<\/b>","image":{"id":19898,"url":"https:\/\/motta.uix.store\/wp-content\/uploads\/2023\/05\/locations-7.jpg","alt":"","source":"library","size":""},"button_text":"Directions","button_link":{"url":"https:\/\/www.google.com\/maps\/place\/H%26M\/@34.0478944,-84.2974759,17z\/data=!3m2!4b1!5s0x88f5751471aa2983:0x7edf0a3a7b16dc5c!4m6!3m5!1s0x88f57513afc6a2fb:0xd2dc3763ad48d2aa!8m2!3d34.04789!4d-84.294901!16s%2Fg%2F1w3w3wmv"},"phone":"+1 310-310-6000","hours_text":"Regular Store Hours","day_1":"Mon - Sat","time_1":"10:00 AM   -   7:00 PM","day_2":"Sun","time_2":"11:00 AM    -   6:00 PM","_id":"9d86c8f","primary_button_text":"Directions","primary_button_link":{"url":"#","is_external":"","nofollow":"","custom_attributes":""},"tag":"Georgia"},{"location":"Florida","address":"4200 Conroy Road 32839 Orlando\n<b>United States<\/b>","image":{"id":19899,"url":"https:\/\/motta.uix.store\/wp-content\/uploads\/2023\/05\/locations-8.jpg","alt":"","source":"library","size":""},"button_text":"Directions","button_link":{"url":"https:\/\/www.google.com\/maps\/place\/4200+Conroy+Rd,+Orlando,+FL+32839,+Hoa+K%E1%BB%B3\/@28.4855416,-81.4340797,17z\/data=!3m1!4b1!4m6!3m5!1s0x88e77ea89603bd9d:0x4247117802c9d416!8m2!3d28.4855369!4d-81.4315048!16s%2Fg%2F11c5q0zvlp"},"phone":"+1-855-466-7467","hours_text":"Regular Store Hours","day_1":"Mon - Sat","time_1":"10:00 AM   -   7:00 PM","day_2":"Sun","time_2":"11:00 AM    -   6:00 PM","_id":"6048729","primary_button_text":"Directions","primary_button_link":{"url":"#","is_external":"","nofollow":"","custom_attributes":""},"tag":"Florida"}],"columns_tablet":2,"columns_mobile":1},"elements":[],"isInner":false,"widgetType":"motta-store-locations","elType":"widget"}],"isInner":false,"elType":"column"}],"isInner":false,"elType":"section"},{"id":"46b0df0c","settings":{"content_width":{"unit":"px","size":1264,"sizes":[]},"margin":{"unit":"px","top":"60","right":0,"bottom":"40","left":0,"isLinked":false},"stretch_section":"section-stretched"},"elements":[{"id":"4823c9e","settings":{"_column_size":100,"_inline_size":null},"elements":[{"id":"45daa889","settings":{"layout":"full_width","gap":"extended","background_background":"classic","background_color":"#EDEDFF","padding":{"unit":"px","top":"100","right":"0","bottom":"100","left":"0","isLinked":false},"padding_mobile":{"unit":"px","top":"55","right":"0","bottom":"55","left":"0","isLinked":false}},"elements":[{"id":"713ff05e","settings":{"_column_size":100,"_inline_size":null},"elements":[{"id":"42f90519","settings":{"before_title":"Our Story","title":"Careers","title_size":"p","before_title_spacing":{"unit":"px","size":32,"sizes":[]},"typography_typography":"custom","typography_font_size":{"unit":"px","size":18,"sizes":[]},"typography_font_weight":"500","align_mobile":"center","typography_line_height_mobile":{"unit":"px","size":"","sizes":[]},"before_title_spacing_mobile":{"unit":"px","size":24,"sizes":[]},"_padding":{"unit":"px","top":"10","right":"0","bottom":"0","left":"0","isLinked":false},"_padding_mobile":{"unit":"px","top":"0","right":"0","bottom":"0","left":"0","isLinked":true},"align":"center","spacing":{"unit":"px","size":20,"sizes":[]}},"elements":[],"isInner":false,"widgetType":"motta-heading","elType":"widget"},{"id":"138b8c46","settings":{"before_title":"Purchase Theme","title":"We hope you'll consider joining<br class=\"hidden-xs\"\/> our rapidly growing team","align":"center","before_title_spacing":{"unit":"px","size":30,"sizes":[]},"typography_typography":"custom","typography_font_weight":"500","typography_line_height":{"unit":"px","size":64,"sizes":[]},"_margin":{"unit":"px","top":"0","right":"0","bottom":"34","left":"0","isLinked":false},"typography_font_size_tablet":{"unit":"px","size":40,"sizes":[]},"typography_font_size_mobile":{"unit":"px","size":32,"sizes":[]},"typography_line_height_tablet":{"unit":"px","size":60,"sizes":[]},"typography_line_height_mobile":{"unit":"px","size":40,"sizes":[]},"before_title_spacing_mobile":{"unit":"px","size":24,"sizes":[]},"_margin_mobile":{"unit":"px","top":"0","right":"0","bottom":"20","left":"0","isLinked":false}},"elements":[],"isInner":false,"widgetType":"motta-heading","elType":"widget"},{"id":"2c8b209","settings":{"title":"Purchase Theme","link":{"url":"#","is_external":"","nofollow":"","custom_attributes":""},"padding":{"unit":"px","top":"0","right":"50","bottom":"0","left":"50","isLinked":false},"_padding_mobile":{"unit":"px","top":"4","right":"0","bottom":"0","left":"0","isLinked":false},"skin":"base","background_color":"#1D2128","color":"#FFFFFF","primary_button_text":"View Open Roles","primary_button_link":{"url":"https:\/\/motta.uix.store\/","is_external":"","nofollow":"","custom_attributes":""},"primary_button_size":"large","primary_button_options":"yes","primary_button_width":{"unit":"px","size":200,"sizes":[]},"primary_button_background_color":"#1D2128"},"elements":[],"isInner":false,"widgetType":"motta-button","elType":"widget"}],"isInner":true,"elType":"column"}],"isInner":true,"elType":"section"}],"isInner":false,"elType":"column"}],"isInner":false,"elType":"section"}],"page_settings":{"header_layout":"page","header_category_menu_display":"default","header_logo_type":"default","header_logo_image":{"id":"default","url":null},"header_logo_text":"default","header_logo_svg":"default","header_logo_width":"default","header_logo_height":"default","motta_header_background":"default","motta_header_text_color":"default","motta_hide_header_section":"default","motta_hide_topbar":"1","motta_hide_campain_bar":"1","motta_hide_header_border":"default","motta_hide_page_header":"1","motta_hide_title":"default","motta_hide_breadcrumb":"default","motta_content_top_spacing":"no","motta_content_top_padding":"63","motta_content_bottom_spacing":"default","motta_content_bottom_padding":"63","motta_hide_footer_section":"default","footer_layout":"8616","footer_mobile_layout":"17121","page_primary_menu":"default"},"version":"0.4","title":"Our Location","type":"page"}