{"content":[{"id":"227e40e9","settings":{"content_width":{"unit":"px","size":1298,"sizes":[]},"stretch_section":"section-stretched","z_index":2},"elements":[{"id":"3280497e","settings":{"_column_size":100,"_inline_size":null},"elements":[{"id":"7131ef80","settings":{"title":"A plan for every<br class=\"hidden-xs\"\/>\nproduct","title_size":"div","align":"center","title_color":"#1D2128","typography_typography":"custom","typography_font_size":{"unit":"px","size":72,"sizes":[]},"typography_font_weight":"700","typography_line_height":{"unit":"px","size":77,"sizes":[]},"typography_font_size_tablet":{"unit":"px","size":50,"sizes":[]},"typography_line_height_tablet":{"unit":"px","size":68,"sizes":[]},"typography_line_height_mobile":{"unit":"px","size":40,"sizes":[]},"typography_font_size_mobile":{"unit":"px","size":32,"sizes":[]},"_padding":{"unit":"px","top":"40","right":"0","bottom":"30","left":"0","isLinked":false},"_padding_mobile":{"unit":"px","top":"38","right":"0","bottom":"16","left":"0","isLinked":false}},"elements":[],"isInner":false,"widgetType":"motta-heading","elType":"widget"},{"id":"4614420e","settings":{"title":"Choose a Plan That\u2019s Right for Your Business.","align":"center","typography_typography":"custom","typography_font_size":{"unit":"px","size":18,"sizes":[]},"typography_font_weight":"500","typography_line_height":{"unit":"px","size":24,"sizes":[]},"_padding":{"unit":"px","top":"0","right":"0","bottom":"74","left":"0","isLinked":false},"_padding_mobile":{"unit":"px","top":"0","right":"0","bottom":"0","left":"0","isLinked":false}},"elements":[],"isInner":false,"widgetType":"motta-heading","elType":"widget"}],"isInner":false,"elType":"column"}],"isInner":false,"elType":"section"},{"id":"68f229e4","settings":{"structure":"40","tablet_column_alignment":"column_xs"},"elements":[{"id":"67fc82d5","settings":{"_column_size":25,"_inline_size":null},"elements":[{"id":"5bcedf27","settings":{"heading":"Starter","sub_heading":"All the basics for businesses that  are just getting started.","price":"Free","period":"Free Forever","features_list":[{"item_text":"1 Designer Accounts","selected_item_icon":{"value":{"url":"https:\/\/motta.uix.store\/wp-content\/uploads\/2023\/04\/checkbox.svg","id":19605},"library":"svg"},"_id":"8950981"},{"item_text":"Free Hosting & CMS","selected_item_icon":{"value":{"url":"https:\/\/motta.uix.store\/wp-content\/uploads\/2023\/04\/checkbox.svg","id":19605},"library":"svg"},"_id":"74d58da"},{"item_text":" Dedicated Account Manager","selected_item_icon":{"value":{"url":"https:\/\/motta.uix.store\/wp-content\/uploads\/2023\/04\/checkbox.svg","id":19605},"library":"svg"},"_id":"fb6acc6"},{"item_text":"Client Billing","selected_item_icon":{"value":{"url":"https:\/\/motta.uix.store\/wp-content\/uploads\/2023\/04\/checkbox.svg","id":19605},"library":"svg"},"_id":"be976e8"}],"ribbon_title":"","heading_tag":"h4","primary_button_text":"Get Starter","primary_button_link":{"url":"#","is_external":"","nofollow":"","custom_attributes":""},"primary_button_options":"yes","primary_button_background_color":"#1D2128","primary_button_color":"#FFFFFF","show_ribbon":"","heading_typography_typography":"custom","sub_heading_typography_typography":"custom","price_typography_typography":"custom","period_typography_typography":"custom","features_list_typography_typography":"custom","features_list_typography_font_size":{"unit":"px","size":13,"sizes":[]}},"elements":[],"isInner":false,"widgetType":"motta-pricing-table","elType":"widget"}],"isInner":false,"elType":"column"},{"id":"7dad45a3","settings":{"_column_size":25,"_inline_size":null},"elements":[{"id":"4abbfa5d","settings":{"heading":"Basic","sub_heading":"All the basics for businesses that  are just getting started.","price":"$29","period":"\/Montly","features_list":[{"item_text":"10 Designer Accounts","selected_item_icon":{"value":{"url":"https:\/\/motta.uix.store\/wp-content\/uploads\/2023\/04\/checkbox.svg","id":19605},"library":"svg"},"_id":"8950981"},{"item_text":"Free Hosting & CMS","selected_item_icon":{"value":{"url":"https:\/\/motta.uix.store\/wp-content\/uploads\/2023\/04\/checkbox.svg","id":19605},"library":"svg"},"_id":"74d58da"},{"item_text":" Dedicated Account Manager","selected_item_icon":{"value":{"url":"https:\/\/motta.uix.store\/wp-content\/uploads\/2023\/04\/checkbox.svg","id":19605},"library":"svg"},"_id":"fb6acc6"},{"item_text":"Client Billing","selected_item_icon":{"value":{"url":"https:\/\/motta.uix.store\/wp-content\/uploads\/2023\/04\/checkbox.svg","id":19605},"library":"svg"},"_id":"be976e8"},{"item_text":"Full White Label & Site Code","selected_item_icon":{"value":{"url":"https:\/\/motta.uix.store\/wp-content\/uploads\/2023\/04\/checkbox.svg","id":19605},"library":"svg"},"_id":"ca6df5a"},{"item_text":"Add Code to Site","selected_item_icon":{"value":{"url":"https:\/\/motta.uix.store\/wp-content\/uploads\/2023\/04\/checkbox.svg","id":19605},"library":"svg"},"_id":"5902166"}],"ribbon_title":"Most Popular","primary_button_text":"Get Basic","primary_button_link":{"url":"#","is_external":"","nofollow":"","custom_attributes":""},"primary_button_options":"yes","primary_button_background_color":"#1D2128","primary_button_color":"#FFFFFF","heading_tag":"h4","heading_typography_typography":"custom","sub_heading_typography_typography":"custom","price_typography_typography":"custom","period_typography_typography":"custom","features_list_typography_typography":"custom","features_list_typography_font_size":{"unit":"px","size":13,"sizes":[]}},"elements":[],"isInner":false,"widgetType":"motta-pricing-table","elType":"widget"}],"isInner":false,"elType":"column"},{"id":"9babbb6","settings":{"_column_size":25,"_inline_size":null,"padding":{"unit":"px","top":"16","right":"0","bottom":"16","left":"0","isLinked":false}},"elements":[{"id":"7d04c363","settings":{"heading":"Pro","sub_heading":"All the basics for businesses that  are just getting started.","price":"$59","period":"\/Montly","features_list":[{"item_text":"10 Designer Accounts","selected_item_icon":{"value":{"url":"https:\/\/motta.uix.store\/wp-content\/uploads\/2023\/04\/checkbox.svg","id":19605},"library":"svg"},"_id":"8950981"},{"item_text":"Free Hosting & CMS","selected_item_icon":{"value":{"url":"https:\/\/motta.uix.store\/wp-content\/uploads\/2023\/04\/checkbox.svg","id":19605},"library":"svg"},"_id":"74d58da"},{"item_text":" Dedicated Account Manager","selected_item_icon":{"value":{"url":"https:\/\/motta.uix.store\/wp-content\/uploads\/2023\/04\/checkbox.svg","id":19605},"library":"svg"},"_id":"fb6acc6"},{"item_text":"Client Billing","selected_item_icon":{"value":{"url":"https:\/\/motta.uix.store\/wp-content\/uploads\/2023\/04\/checkbox.svg","id":19605},"library":"svg"},"_id":"be976e8"},{"item_text":"Full White Label & Site Code","selected_item_icon":{"value":{"url":"https:\/\/motta.uix.store\/wp-content\/uploads\/2023\/04\/checkbox.svg","id":19605},"library":"svg"},"_id":"4370018"},{"item_text":"Add Code to Site","selected_item_icon":{"value":{"url":"https:\/\/motta.uix.store\/wp-content\/uploads\/2023\/04\/checkbox.svg","id":19605},"library":"svg"},"_id":"cb266cd"},{"item_text":"Customer Template Generator","selected_item_icon":{"value":{"url":"https:\/\/motta.uix.store\/wp-content\/uploads\/2023\/04\/checkbox.svg","id":19605},"library":"svg"},"_id":"be30bc1"},{"item_text":"100 Site Exports\u200b","selected_item_icon":{"value":{"url":"https:\/\/motta.uix.store\/wp-content\/uploads\/2023\/04\/checkbox.svg","id":19605},"library":"svg"},"_id":"f4f2aef"}],"ribbon_title":"","primary_button_text":"Get Pro","primary_button_link":{"url":"#","is_external":"","nofollow":"","custom_attributes":""},"show_ribbon":"","pricing_table_bg_color":"#1D2128","pricing_table_color":"#FFFFFF","pricing_table_padding":{"unit":"px","top":"45","right":"40","bottom":"30","left":"40","isLinked":false},"primary_button_options":"yes","primary_button_background_color":"#FFFFFF","primary_button_color":"#1D2128","heading_tag":"h4","features_list_typography_typography":"custom","features_list_typography_font_size":{"unit":"px","size":13,"sizes":[]}},"elements":[],"isInner":false,"widgetType":"motta-pricing-table","elType":"widget"}],"isInner":false,"elType":"column"},{"id":"a775508","settings":{"_column_size":25,"_inline_size":null},"elements":[{"id":"1e28fb9f","settings":{"heading":"Team","sub_heading":"All the basics for businesses that  are just getting started.","price":"$89","period":"\/Montly","features_list":[{"item_text":"10 Designer Accounts","selected_item_icon":{"value":{"url":"https:\/\/motta.uix.store\/wp-content\/uploads\/2023\/04\/checkbox.svg","id":19605},"library":"svg"},"_id":"8950981"},{"item_text":"Free Hosting & CMS","selected_item_icon":{"value":{"url":"https:\/\/motta.uix.store\/wp-content\/uploads\/2023\/04\/checkbox.svg","id":19605},"library":"svg"},"_id":"74d58da"},{"item_text":" Dedicated Account Manager","selected_item_icon":{"value":{"url":"https:\/\/motta.uix.store\/wp-content\/uploads\/2023\/04\/checkbox.svg","id":19605},"library":"svg"},"_id":"fb6acc6"},{"item_text":"Client Billing","selected_item_icon":{"value":{"url":"https:\/\/motta.uix.store\/wp-content\/uploads\/2023\/04\/checkbox.svg","id":19605},"library":"svg"},"_id":"be976e8"},{"item_text":"Full White Label & Site Code","selected_item_icon":{"value":{"url":"https:\/\/motta.uix.store\/wp-content\/uploads\/2023\/04\/checkbox.svg","id":19605},"library":"svg"},"_id":"4370018"},{"item_text":"Add Code to Site","selected_item_icon":{"value":{"url":"https:\/\/motta.uix.store\/wp-content\/uploads\/2023\/04\/checkbox.svg","id":19605},"library":"svg"},"_id":"cb266cd"},{"item_text":"Customer Template Generator","selected_item_icon":{"value":{"url":"https:\/\/motta.uix.store\/wp-content\/uploads\/2023\/04\/checkbox.svg","id":19605},"library":"svg"},"_id":"be30bc1"},{"item_text":"Custom Site Exports\u200b","selected_item_icon":{"value":{"url":"https:\/\/motta.uix.store\/wp-content\/uploads\/2023\/04\/checkbox.svg","id":19605},"library":"svg"},"_id":"f4f2aef"}],"ribbon_title":"","primary_button_text":"Get Team","primary_button_link":{"url":"#","is_external":"","nofollow":"","custom_attributes":""},"show_ribbon":"","primary_button_options":"yes","primary_button_background_color":"#1D2128","primary_button_color":"#FFFFFF","heading_tag":"h4","features_list_typography_typography":"custom","features_list_typography_font_size":{"unit":"px","size":13,"sizes":[]}},"elements":[],"isInner":false,"widgetType":"motta-pricing-table","elType":"widget"}],"isInner":false,"elType":"column"}],"isInner":false,"elType":"section"},{"id":"54b27250","settings":{"padding":{"unit":"px","top":"80","right":"0","bottom":"0","left":"0","isLinked":false},"padding_mobile":{"unit":"px","top":"0","right":"0","bottom":"0","left":"0","isLinked":true}},"elements":[{"id":"6959c220","settings":{"_column_size":100,"_inline_size":null},"elements":[{"id":"6082ecb","settings":{"title":"Investors & Partners","title_size":"h6","align":"center","typography_typography":"custom","typography_font_weight":"500","_padding":{"unit":"px","top":"0","right":"0","bottom":"15","left":"0","isLinked":false}},"elements":[],"isInner":false,"widgetType":"motta-heading","elType":"widget"},{"id":"266b55e","settings":{"title":"Big ideas need visionary<br class=\"hidden-xs\"\/>\nbackers","align":"center","typography_typography":"custom","typography_font_size_mobile":{"unit":"px","size":34,"sizes":[]},"typography_font_weight":"500"},"elements":[],"isInner":false,"widgetType":"motta-heading","elType":"widget"}],"isInner":false,"elType":"column"}],"isInner":false,"elType":"section"},{"id":"1887edec","settings":{"structure":"60","margin":{"unit":"px","top":"0","right":0,"bottom":"36","left":0,"isLinked":false},"margin_mobile":{"unit":"px","top":"0","right":0,"bottom":"32","left":0,"isLinked":false}},"elements":[{"id":"474a8adc","settings":{"_column_size":16,"_inline_size":null,"_inline_size_mobile":50},"elements":[{"id":"1955eff5","settings":{"image_size":"full","image":{"id":19940,"url":"https:\/\/motta.uix.store\/wp-content\/uploads\/2023\/07\/home8-dyson.png"},"_margin":{"unit":"px","top":"0","right":"0","bottom":"18","left":"0","isLinked":false},"link_to":"custom","link":{"url":"https:\/\/motta.uix.store\/electronic\/product-brand\/dyson\/","is_external":"","nofollow":"","custom_attributes":""},"_margin_mobile":{"unit":"px","top":"0","right":"0","bottom":"0","left":"0","isLinked":false}},"elements":[],"isInner":false,"widgetType":"image","elType":"widget"}],"isInner":false,"elType":"column"},{"id":"76be0a99","settings":{"_column_size":16,"_inline_size":null,"_inline_size_mobile":50},"elements":[{"id":"5592989e","settings":{"image_size":"full","image":{"id":19942,"url":"https:\/\/motta.uix.store\/wp-content\/uploads\/2023\/07\/home8-lenovo.png"},"_margin":{"unit":"px","top":"0","right":"0","bottom":"18","left":"0","isLinked":false},"link_to":"custom","link":{"url":"https:\/\/motta.uix.store\/electronic\/product-brand\/lenovo\/","is_external":"","nofollow":"","custom_attributes":""},"_margin_mobile":{"unit":"px","top":"0","right":"0","bottom":"0","left":"0","isLinked":false}},"elements":[],"isInner":false,"widgetType":"image","elType":"widget"}],"isInner":false,"elType":"column"},{"id":"771d05e6","settings":{"_column_size":16,"_inline_size":null,"_inline_size_mobile":50},"elements":[{"id":"7f6db97e","settings":{"image_size":"full","image":{"id":19944,"url":"https:\/\/motta.uix.store\/wp-content\/uploads\/2023\/07\/home8-cisco.png"},"_margin":{"unit":"px","top":"0","right":"0","bottom":"18","left":"0","isLinked":false},"link_to":"custom","link":{"url":"https:\/\/motta.uix.store\/electronic\/product-brand\/cisco\/","is_external":"","nofollow":"","custom_attributes":""},"_margin_mobile":{"unit":"px","top":"0","right":"0","bottom":"0","left":"0","isLinked":false}},"elements":[],"isInner":false,"widgetType":"image","elType":"widget"}],"isInner":false,"elType":"column"},{"id":"1f1638b","settings":{"_column_size":16,"_inline_size":null,"_inline_size_mobile":50},"elements":[{"id":"184dfdf8","settings":{"image_size":"full","image":{"id":19946,"url":"https:\/\/motta.uix.store\/wp-content\/uploads\/2023\/07\/home8-samsung.png"},"_margin":{"unit":"px","top":"0","right":"0","bottom":"18","left":"0","isLinked":false},"link_to":"custom","link":{"url":"https:\/\/motta.uix.store\/electronic\/product-brand\/samsung\/","is_external":"","nofollow":"","custom_attributes":""},"_margin_mobile":{"unit":"px","top":"0","right":"0","bottom":"0","left":"0","isLinked":false}},"elements":[],"isInner":false,"widgetType":"image","elType":"widget"}],"isInner":false,"elType":"column"},{"id":"74af59c","settings":{"_column_size":16,"_inline_size":null,"_inline_size_mobile":50},"elements":[{"id":"7cfe2236","settings":{"image_size":"full","image":{"id":19948,"url":"https:\/\/motta.uix.store\/wp-content\/uploads\/2023\/07\/home8-lg.png"},"_margin":{"unit":"px","top":"0","right":"0","bottom":"18","left":"0","isLinked":false},"link_to":"custom","link":{"url":"https:\/\/motta.uix.store\/electronic\/product-brand\/lg\/","is_external":"","nofollow":"","custom_attributes":""},"_margin_mobile":{"unit":"px","top":"0","right":"0","bottom":"0","left":"0","isLinked":false}},"elements":[],"isInner":false,"widgetType":"image","elType":"widget"}],"isInner":false,"elType":"column"},{"id":"90f1180","settings":{"_column_size":16,"_inline_size":null,"_inline_size_mobile":50},"elements":[{"id":"376fde8b","settings":{"image_size":"full","image":{"id":19950,"url":"https:\/\/motta.uix.store\/wp-content\/uploads\/2023\/07\/home8-bose.png"},"_margin":{"unit":"px","top":"0","right":"0","bottom":"18","left":"0","isLinked":false},"link_to":"custom","link":{"url":"https:\/\/motta.uix.store\/electronic\/product-brand\/bose\/","is_external":"","nofollow":"","custom_attributes":""},"_margin_mobile":{"unit":"px","top":"0","right":"0","bottom":"0","left":"0","isLinked":false}},"elements":[],"isInner":false,"widgetType":"image","elType":"widget"}],"isInner":false,"elType":"column"}],"isInner":false,"elType":"section"},{"id":"1bcbbf27","settings":{"padding":{"unit":"px","top":"40","right":"0","bottom":"0","left":"0","isLinked":false},"padding_mobile":{"unit":"px","top":"20","right":"0","bottom":"0","left":"0","isLinked":false}},"elements":[{"id":"329d5c4e","settings":{"_column_size":100,"_inline_size":null},"elements":[{"id":"72cafa4c","settings":{"title":"Frequently asked questions","title_size":"h6","align":"center","typography_typography":"custom","typography_font_weight":"500","_padding":{"unit":"px","top":"0","right":"0","bottom":"15","left":"0","isLinked":false}},"elements":[],"isInner":false,"widgetType":"motta-heading","elType":"widget"},{"id":"3c94273a","settings":{"title":"Have questions? We have<br class=\"hidden-xs\"\/>\nanswers!","align":"center","typography_typography":"custom","typography_font_size_mobile":{"unit":"px","size":34,"sizes":[]},"typography_font_weight":"500"},"elements":[],"isInner":false,"widgetType":"motta-heading","elType":"widget"}],"isInner":false,"elType":"column"}],"isInner":false,"elType":"section"},{"id":"3ddd83c1","settings":{"structure":"30","border_width":{"unit":"px","top":"0","right":"0","bottom":"2","left":"0","isLinked":false},"border_color":"#ECF0F4","margin":{"unit":"px","top":"0","right":0,"bottom":"0","left":0,"isLinked":true},"padding":{"unit":"px","top":"0","right":"0","bottom":"90","left":"0","isLinked":false},"padding_mobile":{"unit":"px","top":"0","right":"0","bottom":"30","left":"0","isLinked":false}},"elements":[{"id":"38277baa","settings":{"_column_size":33,"_inline_size":15},"elements":[],"isInner":false,"elType":"column"},{"id":"bd13a82","settings":{"_column_size":33,"_inline_size":69.332},"elements":[{"id":"677fdda4","settings":{"tabs":[{"tab_title":"Lorem ipsum dolor sit amet, consectetur adipisicing elit.","tab_content":"Lorem ipsum dolor sit amet, consectetur adipiscing elit. Ut elit tellus, luctus nec ullamcorper mattis, pulvinar dapibus leo.","_id":"da4c05d"},{"tab_title":"Duis aute irure dolor in reprehenderit in voluptate.","tab_content":"Sed ut perspiciatis unde omnis iste natus error sit voluptatem accusantium doloremque laudantium, totam rem aperiam, eaque ipsa quae ab illo inventore veritatis et quasi architecto beatae vitae dicta sunt explicabo. Nemo enim ipsam voluptatem quia voluptas sit aspernatur aut odit aut fugit","_id":"b13d05c"},{"tab_title":"Ut enim ad minim veniam, quis nostrud exercitation ullamco?","tab_content":"<p><strong>Quis nostrud exercitation ullamco laboris nisi ut aliquip ex ea commodo consequat. Duis aute irure dolor in reprehenderit in voluptate velit esse cillum dolore eu fugiat nulla pariatur.<\/strong><\/p><p>Excepteur sint occaecat cupidatat non proident, sunt in culpa qui officia deserunt mollit anim id est laborum. Sed ut perspiciatis unde omnis iste natus error sit voluptatem accusantium doloremque laudantium, totam rem aperiam, eaque ipsa quae ab illo inventore veritatis et quasi architecto beatae vitae dicta sunt explicabo. Nemo enim ipsam voluptatem quia voluptas sit aspernatur aut odit aut fugit<\/p>","_id":"0c8069d"},{"tab_title":"Excepteur sint occaecat cupidatat non proident.","tab_content":"<p>Excepteur sint occaecat cupidatat non proident, sunt in culpa qui officia deserunt mollit anim id est laborum. Sed ut perspiciatis unde omnis iste natus error sit voluptatem accusantium doloremque laudantium, totam rem aperiam, eaque ipsa quae ab illo inventore veritatis et quasi architecto beatae vitae dicta sunt explicabo. Nemo enim ipsam voluptatem quia voluptas sit aspernatur aut odit aut fugit<\/p>","_id":"8077734"}],"title_typography_typography":"custom","title_typography_font_size":{"unit":"px","size":16,"sizes":[]},"title_typography_font_weight":"600","style":"2"},"elements":[],"isInner":false,"widgetType":"motta-accordion","elType":"widget"}],"isInner":false,"elType":"column"},{"id":"4f800018","settings":{"_column_size":33,"_inline_size":15},"elements":[],"isInner":false,"elType":"column"}],"isInner":false,"elType":"section"},{"id":"68bc9911","settings":{"content_width":{"unit":"px","size":1268,"sizes":[]},"gap":"no","stretch_section":"section-stretched","_title":"Section"},"elements":[{"id":"317b8804","settings":{"_column_size":100,"_inline_size":null},"elements":[{"id":"9926fbd","settings":{"layout":"full_width","gap":"no","background_background":"classic","background_color":"#EEF9FE","padding":{"unit":"px","top":"120","right":"0","bottom":"120","left":"0","isLinked":false},"padding_mobile":{"unit":"px","top":"73","right":"0","bottom":"74","left":"0","isLinked":false}},"elements":[{"id":"4da96034","settings":{"_column_size":100,"_inline_size":null,"padding_mobile":{"unit":"px","top":"6","right":"6","bottom":"6","left":"6","isLinked":true}},"elements":[{"id":"6f0f8125","settings":{"before_title":"Executive Leadership","title":"Purchase Theme","align":"center","before_title_spacing":{"unit":"px","size":29,"sizes":[]},"typography_typography":"custom","typography_font_weight":"500","typography_line_height_tablet":{"unit":"px","size":"","sizes":[]},"typography_line_height_mobile":{"unit":"px","size":"","sizes":[]},"before_title_spacing_mobile":{"unit":"px","size":24,"sizes":[]},"typography_font_size":{"unit":"px","size":18,"sizes":[]},"spacing":{"unit":"px","size":24,"sizes":[]}},"elements":[],"isInner":false,"widgetType":"motta-heading","elType":"widget"},{"id":"353fa750","settings":{"before_title":"Careers","title":"Purchase the Motta now and<br class=\"hidden-xs\"\/> make everything easier","align":"center","before_title_spacing":{"unit":"px","size":33,"sizes":[]},"typography_typography":"custom","typography_font_weight":"500","typography_line_height":{"unit":"px","size":64,"sizes":[]},"typography_font_size_tablet":{"unit":"px","size":40,"sizes":[]},"typography_font_size_mobile":{"unit":"px","size":32,"sizes":[]},"typography_line_height_tablet":{"unit":"px","size":60,"sizes":[]},"typography_line_height_mobile":{"unit":"px","size":40,"sizes":[]},"before_title_spacing_mobile":{"unit":"px","size":24,"sizes":[]},"align_mobile":"center","_padding":{"unit":"px","top":"0","right":"0","bottom":"35","left":"0","isLinked":false},"_padding_mobile":{"unit":"px","top":"0","right":"0","bottom":"24","left":"0","isLinked":false}},"elements":[],"isInner":false,"widgetType":"motta-heading","elType":"widget"},{"id":"7ba82b1b","settings":{"title":"View Open Roles","link":{"url":"#","is_external":"","nofollow":"","custom_attributes":""},"padding":{"unit":"px","top":"0","right":"48","bottom":"0","left":"48","isLinked":false},"background_color":"#1D2128","shape":"sharp","primary_button_text":"Purchase Theme","primary_button_link":{"url":"https:\/\/motta.uix.store\/","is_external":"","nofollow":"","custom_attributes":""},"align_mobile":"center","primary_button_size":"large","primary_button_options":"yes","primary_button_width":{"unit":"px","size":200,"sizes":[]},"primary_button_background_color":"#1D2128","_padding":{"unit":"px","top":"26","right":"0","bottom":"0","left":"0","isLinked":false},"_padding_mobile":{"unit":"px","top":"24","right":"0","bottom":"15","left":"0","isLinked":false}},"elements":[],"isInner":false,"widgetType":"motta-button","elType":"widget"}],"isInner":true,"elType":"column"}],"isInner":true,"elType":"section"}],"isInner":false,"elType":"column"}],"isInner":false,"elType":"section"}],"page_settings":{"header_layout":"page","header_category_menu_display":"default","header_logo_type":"default","header_logo_image":{"id":"default","url":null},"header_logo_text":"default","header_logo_svg":"default","header_logo_width":"default","header_logo_height":"default","motta_header_background":"default","motta_header_text_color":"default","motta_hide_header_section":"default","motta_hide_topbar":"1","motta_hide_campain_bar":"1","motta_hide_header_border":"default","motta_hide_page_header":"1","motta_hide_title":"default","motta_hide_breadcrumb":"default","motta_content_top_spacing":"no","motta_content_top_padding":"63","motta_content_bottom_spacing":"no","motta_content_bottom_padding":"63","motta_hide_footer_section":"default","footer_layout":"page","footer_mobile_layout":"page","page_primary_menu":"default"},"version":"0.4","title":"Pricing table","type":"page"}