{"content":[{"id":"645a2156","settings":{"content_width":{"unit":"px","size":1298,"sizes":[]},"stretch_section":"section-stretched","z_index":2},"elements":[{"id":"5c3f57ff","settings":{"_column_size":100,"_inline_size":null},"elements":[{"id":"61cb809b","settings":{"title":"A small team with<br class=\"hidden-xs\" \/> impressive cred","title_size":"div","align":"center","title_color":"#1D2128","typography_typography":"custom","typography_font_size":{"unit":"px","size":72,"sizes":[]},"typography_font_weight":"700","typography_line_height":{"unit":"px","size":77,"sizes":[]},"typography_font_size_tablet":{"unit":"px","size":50,"sizes":[]},"typography_line_height_tablet":{"unit":"px","size":68,"sizes":[]},"typography_line_height_mobile":{"unit":"px","size":40,"sizes":[]},"typography_font_size_mobile":{"unit":"px","size":32,"sizes":[]},"_padding":{"unit":"px","top":"40","right":"0","bottom":"30","left":"0","isLinked":false},"_padding_mobile":{"unit":"px","top":"38","right":"0","bottom":"16","left":"0","isLinked":false}},"elements":[],"isInner":false,"widgetType":"motta-heading","elType":"widget"},{"id":"726ccab9","settings":{"title":"We\u2019re growing fast and would love to meet you. Check out our open roles!","align":"center","typography_typography":"custom","typography_font_size":{"unit":"px","size":18,"sizes":[]},"typography_font_weight":"500","typography_line_height":{"unit":"px","size":24,"sizes":[]},"_padding":{"unit":"px","top":"0","right":"0","bottom":"74","left":"0","isLinked":false},"_padding_mobile":{"unit":"px","top":"0","right":"0","bottom":"54","left":"0","isLinked":false}},"elements":[],"isInner":false,"widgetType":"motta-heading","elType":"widget"},{"id":"695af1c0","settings":{"slides":[{"title":"","button_text":"","_id":"2598ed5","banner_background_img":{"id":202,"url":"https:\/\/motta.uix.store\/wp-content\/uploads\/2022\/04\/team-head.jpg","alt":"","source":"library"},"banner_background_img_mobile":{"url":"","id":"","alt":"","source":"library"},"background_size_mobile":"cover","before_title":"","background_position_mobile":"center center","background_repeat_mobile":"no-repeat","primary_button_text":""}],"slides_height":{"unit":"px","size":540,"sizes":[]},"slides_height_tablet":{"unit":"px","size":350,"sizes":[]},"slides_height_mobile":{"unit":"px","size":270,"sizes":[]}},"elements":[],"isInner":false,"widgetType":"motta-slides","elType":"widget"}],"isInner":false,"elType":"column"}],"isInner":false,"elType":"section"},{"id":"52b04cdb","settings":{"margin":{"unit":"px","top":"","right":0,"bottom":"","left":0,"isLinked":true},"padding":{"unit":"px","top":"95","right":"0","bottom":"28","left":"0","isLinked":false},"padding_mobile":{"unit":"px","top":"47","right":"0","bottom":"0","left":"0","isLinked":false}},"elements":[{"id":"6e5e224c","settings":{"_column_size":100,"_inline_size":null},"elements":[{"id":"6025d8d0","settings":{"before_title":"Executive Leadership","title":"Excutive Leadership","align":"center","before_title_spacing":{"unit":"px","size":29,"sizes":[]},"typography_typography":"custom","typography_font_weight":"500","typography_line_height_tablet":{"unit":"px","size":"","sizes":[]},"typography_line_height_mobile":{"unit":"px","size":"","sizes":[]},"before_title_spacing_mobile":{"unit":"px","size":24,"sizes":[]},"typography_font_size":{"unit":"px","size":18,"sizes":[]},"spacing":{"unit":"px","size":24,"sizes":[]}},"elements":[],"isInner":false,"widgetType":"motta-heading","elType":"widget"},{"id":"30211e0d","settings":{"before_title":"Executive Leadership","title":"Here is the team at the helm<br class=\"hidden-xs\"\/> of the ship","align":"center","before_title_spacing":{"unit":"px","size":29,"sizes":[]},"typography_typography":"custom","typography_font_weight":"500","typography_line_height":{"unit":"px","size":64,"sizes":[]},"typography_font_size_tablet":{"unit":"px","size":40,"sizes":[]},"typography_font_size_mobile":{"unit":"px","size":32,"sizes":[]},"typography_line_height_tablet":{"unit":"px","size":60,"sizes":[]},"typography_line_height_mobile":{"unit":"px","size":40,"sizes":[]},"before_title_spacing_mobile":{"unit":"px","size":24,"sizes":[]},"_padding":{"unit":"px","top":"0","right":"0","bottom":"24","left":"0","isLinked":false},"_padding_mobile":{"unit":"px","top":"0","right":"0","bottom":"19","left":"0","isLinked":false}},"elements":[],"isInner":false,"widgetType":"motta-heading","elType":"widget"},{"id":"568c96f9","settings":{"items":[{"_id":"65631f3","title":"Thomas Reece","description":"Co-Founder","image":{"id":141,"url":"https:\/\/motta.uix.store\/wp-content\/uploads\/2022\/04\/tmg-1.png","alt":"","source":"library"},"link":{"url":"","is_external":"","nofollow":"","custom_attributes":""}},{"_id":"e36ae23","image":{"id":142,"url":"https:\/\/motta.uix.store\/wp-content\/uploads\/2022\/04\/tmg-2.png","alt":"","source":"library"},"title":"Oscar Byrne","description":"Co-Founder &<br class=\"hidden-lg hidden-sm\"> Managing Director","tag":"founders","link":{"url":"","is_external":"","nofollow":"","custom_attributes":""}},{"_id":"1f42adb","image":{"id":143,"url":"https:\/\/motta.uix.store\/wp-content\/uploads\/2022\/04\/tmg-3.png","alt":"","source":"library"},"title":"David Evans","description":"Development Manager","tag":"managers","link":{"url":"","is_external":"","nofollow":"","custom_attributes":""}},{"_id":"3681d11","image":{"id":144,"url":"https:\/\/motta.uix.store\/wp-content\/uploads\/2022\/04\/tmg-4.png","alt":"","source":"library"},"title":"Jessica Smith","description":"Customer Service Manager","tag":"managers","link":{"url":"","is_external":"","nofollow":"","custom_attributes":""}},{"_id":"d3b4cc8","image":{"id":8535,"url":"http:\/\/localhost\/dev\/motta\/wp-content\/uploads\/sites\/12\/2022\/07\/member_15.jpg","alt":"","source":"library"},"title":"Thomas Reece","description":"Operations Manager","tag":"managers","link":{"url":"","is_external":"","nofollow":"","custom_attributes":""}},{"_id":"715507e","image":{"id":8536,"url":"http:\/\/localhost\/dev\/motta\/wp-content\/uploads\/sites\/12\/2022\/07\/member_11.jpg","alt":"","source":"library"},"title":"Karsten Winegeart","description":"Regional Sales Manager","tag":"marketing|managers","link":{"url":"","is_external":"","nofollow":"","custom_attributes":""}},{"_id":"03888a8","image":{"id":8537,"url":"http:\/\/localhost\/dev\/motta\/wp-content\/uploads\/sites\/12\/2022\/07\/member_12.jpg","alt":"","source":"library"},"title":"Alma Haven","description":"Account Manager","tag":"managers","link":{"url":"","is_external":"","nofollow":"","custom_attributes":""}},{"_id":"2b3d4bc","image":{"id":8538,"url":"http:\/\/localhost\/dev\/motta\/wp-content\/uploads\/sites\/12\/2022\/07\/member_13.jpg","alt":"","source":"library"},"title":"Christian Buehner","description":"Customer Experience","tag":"marketing","link":{"url":"","is_external":"","nofollow":"","custom_attributes":""}},{"_id":"7fd8955","image":{"id":8539,"url":"http:\/\/localhost\/dev\/motta\/wp-content\/uploads\/sites\/12\/2022\/07\/member_14.jpg","alt":"","source":"library"},"title":"Harry Wilson","description":"Design Director","tag":"support","link":{"url":"","is_external":"","nofollow":"","custom_attributes":""}},{"_id":"87b26ad","image":{"id":8540,"url":"http:\/\/localhost\/dev\/motta\/wp-content\/uploads\/sites\/12\/2022\/07\/member_16.jpg","alt":"","source":"library"},"title":"Olivia Hope","description":"Content Coordinator","tag":"support","link":{"url":"","is_external":"","nofollow":"","custom_attributes":""}},{"_id":"2eac555","image":{"id":8541,"url":"http:\/\/localhost\/dev\/motta\/wp-content\/uploads\/sites\/12\/2022\/07\/member_17.jpg","alt":"","source":"library"},"title":"Meoo","description":"Chief","tag":"support","link":{"url":"","is_external":"","nofollow":"","custom_attributes":""}}],"image_custom_dimension":{"width":"30","height":"30"},"title_typography_typography":"custom","title_typography_font_size_mobile":{"unit":"px","size":16,"sizes":[]},"title_typography_line_height_mobile":{"unit":"px","size":24,"sizes":[]},"description_typography_typography":"custom","description_typography_font_size_mobile":{"unit":"px","size":14,"sizes":[]},"description_typography_line_height_mobile":{"unit":"px","size":20,"sizes":[]},"spacing":{"unit":"px","size":58,"sizes":[]},"spacing_mobile":{"unit":"px","size":34,"sizes":[]},"spacing_right_mobile":{"unit":"px","size":3,"sizes":[]},"image_spacing_mobile":{"unit":"px","size":20,"sizes":[]},"image_spacing":{"unit":"px","size":28,"sizes":[]},"image_max_width_mobile":{"unit":"px","size":132,"sizes":[]},"title_spacing_mobile":{"unit":"px","size":5,"sizes":[]}},"elements":[],"isInner":false,"widgetType":"motta-team-member-grid","elType":"widget"}],"isInner":false,"elType":"column"}],"isInner":false,"elType":"section"},{"id":"585feeb9","settings":{"margin":{"unit":"px","top":"","right":0,"bottom":"","left":0,"isLinked":true},"padding":{"unit":"px","top":"0","right":"0","bottom":"80","left":"0","isLinked":false},"padding_mobile":{"unit":"px","top":"5","right":"0","bottom":"24","left":"0","isLinked":false}},"elements":[{"id":"10102af","settings":{"_column_size":100,"_inline_size":null},"elements":[{"id":"5017b5d7","settings":{"before_title":"Executive Leadership","title":"Board members","align":"center","before_title_spacing":{"unit":"px","size":29,"sizes":[]},"typography_typography":"custom","typography_font_weight":"500","typography_line_height_tablet":{"unit":"px","size":"","sizes":[]},"typography_line_height_mobile":{"unit":"px","size":"","sizes":[]},"before_title_spacing_mobile":{"unit":"px","size":24,"sizes":[]},"typography_font_size":{"unit":"px","size":18,"sizes":[]},"spacing":{"unit":"px","size":24,"sizes":[]}},"elements":[],"isInner":false,"widgetType":"motta-heading","elType":"widget"},{"id":"2525d3bd","settings":{"before_title":"Board members","title":"We\u2019re lucky to be supported<br class=\"hidden-xs\"\/> by some of the best investors<br class=\"hidden-xs\"\/> in the world","align":"center","before_title_spacing":{"unit":"px","size":29,"sizes":[]},"typography_typography":"custom","typography_font_weight":"500","typography_line_height":{"unit":"px","size":64,"sizes":[]},"typography_font_size_tablet":{"unit":"px","size":40,"sizes":[]},"typography_line_height_tablet":{"unit":"px","size":60,"sizes":[]},"typography_line_height_mobile":{"unit":"px","size":40,"sizes":[]},"typography_font_size_mobile":{"unit":"px","size":32,"sizes":[]},"before_title_spacing_mobile":{"unit":"px","size":24,"sizes":[]},"_padding":{"unit":"px","top":"0","right":"0","bottom":"35","left":"0","isLinked":false},"_padding_mobile":{"unit":"px","top":"0","right":"0","bottom":"31","left":"0","isLinked":false}},"elements":[],"isInner":false,"widgetType":"motta-heading","elType":"widget"},{"id":"6fdeb2c6","settings":{"items":[{"_id":"65631f3","title":"Julian Wan","description":"Head of UX at Google","image":{"id":7824,"url":"http:\/\/localhost\/dev\/motta\/wp-content\/uploads\/sites\/12\/2022\/07\/member_1.jpg","alt":"","source":"library"},"link":{"url":"","is_external":"","nofollow":"","custom_attributes":""}},{"_id":"e36ae23","image":{"id":7825,"url":"http:\/\/localhost\/dev\/motta\/wp-content\/uploads\/sites\/12\/2022\/07\/member_2.jpg","alt":"","source":"library"},"title":"Austin Distel","description":"Founder and CEO,<br\/>\nDatadog","link":{"url":"","is_external":"","nofollow":"","custom_attributes":""}},{"_id":"1f42adb","image":{"id":7826,"url":"http:\/\/localhost\/dev\/motta\/wp-content\/uploads\/sites\/12\/2022\/07\/member_3.jpg","alt":"","source":"library"},"title":"Harps Joseph","description":"Former Agile Coach at<br\/>\nSpotify","link":{"url":"","is_external":"","nofollow":"","custom_attributes":""}},{"_id":"3681d11","image":{"id":7827,"url":"http:\/\/localhost\/dev\/motta\/wp-content\/uploads\/sites\/12\/2022\/07\/member_4.jpg","alt":"","source":"library"},"title":"Kenzie Kraft","description":"Former Design Partner<br\/>\nat GE","link":{"url":"","is_external":"","nofollow":"","custom_attributes":""}},{"image":{"id":7828,"url":"http:\/\/localhost\/dev\/motta\/wp-content\/uploads\/sites\/12\/2022\/07\/member_5.jpg","alt":"","source":"library"},"title":"Fred Moon","description":"Former CTO GoPro","_id":"5c31627","link":{"url":"","is_external":"","nofollow":"","custom_attributes":""}},{"image":{"id":7829,"url":"http:\/\/localhost\/dev\/motta\/wp-content\/uploads\/sites\/12\/2022\/07\/member_6.jpg","alt":"","source":"library"},"title":"Karen Smith","description":"Founder and CTO,<br\/>\nDBA","_id":"0e4065c","link":{"url":"","is_external":"","nofollow":"","custom_attributes":""}},{"image":{"id":7830,"url":"http:\/\/localhost\/dev\/motta\/wp-content\/uploads\/sites\/12\/2022\/07\/member_7.jpg","alt":"","source":"library"},"title":"Sinitta Leunen","description":"Former CFO, Atlassian","_id":"6ba8c8a","link":{"url":"","is_external":"","nofollow":"","custom_attributes":""}},{"image":{"id":7831,"url":"http:\/\/localhost\/dev\/motta\/wp-content\/uploads\/sites\/12\/2022\/07\/member_8.jpg","alt":"","source":"library"},"title":"Ben Parker","description":"Former CTO Dropbox","_id":"6d216c2","link":{"url":"","is_external":"","nofollow":"","custom_attributes":""}},{"image":{"id":7832,"url":"http:\/\/localhost\/dev\/motta\/wp-content\/uploads\/sites\/12\/2022\/07\/member_9.jpg","alt":"","source":"library"},"title":"Brooke Cagle","description":"Former CTO Adobe","_id":"1485a8c","link":{"url":"","is_external":"","nofollow":"","custom_attributes":""}}],"image_custom_dimension":{"width":"30","height":"30"},"columns":6,"title_typography_typography":"custom","title_typography_font_size":{"unit":"px","size":18,"sizes":[]},"title_typography_line_height":{"unit":"px","size":24,"sizes":[]},"description_typography_typography":"custom","description_typography_font_size":{"unit":"px","size":14,"sizes":[]},"description_typography_line_height":{"unit":"px","size":20,"sizes":[]},"spacing_mobile":{"unit":"px","size":34,"sizes":[]},"image_spacing":{"unit":"px","size":19,"sizes":[]},"image_max_width":{"unit":"px","size":110,"sizes":[]},"columns_tablet":4,"spacing":{"unit":"px","size":22,"sizes":[]},"spacing_right_mobile":{"unit":"px","size":5,"sizes":[]},"image_max_width_mobile":{"unit":"px","size":132,"sizes":[]},"image_max_width_tablet":{"unit":"px","size":132,"sizes":[]},"image_spacing_mobile":{"unit":"px","size":21,"sizes":[]},"title_spacing":{"unit":"px","size":4,"sizes":[]}},"elements":[],"isInner":false,"widgetType":"motta-team-member-grid","elType":"widget"}],"isInner":false,"elType":"column"}],"isInner":false,"elType":"section"},{"id":"4b2131f2","settings":{"content_width":{"unit":"px","size":1268,"sizes":[]},"gap":"no","stretch_section":"section-stretched","_title":"Section"},"elements":[{"id":"6413eb2","settings":{"_column_size":100,"_inline_size":null},"elements":[{"id":"149881cc","settings":{"layout":"full_width","gap":"no","background_background":"classic","background_color":"#EDEDFF","padding":{"unit":"px","top":"120","right":"0","bottom":"120","left":"0","isLinked":false},"padding_mobile":{"unit":"px","top":"73","right":"0","bottom":"74","left":"0","isLinked":false}},"elements":[{"id":"10a9c7f","settings":{"_column_size":100,"_inline_size":null,"padding_mobile":{"unit":"px","top":"6","right":"6","bottom":"6","left":"6","isLinked":true}},"elements":[{"id":"6b90907a","settings":{"before_title":"Executive Leadership","title":"Careers","align":"center","before_title_spacing":{"unit":"px","size":29,"sizes":[]},"typography_typography":"custom","typography_font_weight":"500","typography_line_height_tablet":{"unit":"px","size":"","sizes":[]},"typography_line_height_mobile":{"unit":"px","size":"","sizes":[]},"before_title_spacing_mobile":{"unit":"px","size":24,"sizes":[]},"typography_font_size":{"unit":"px","size":18,"sizes":[]},"spacing":{"unit":"px","size":24,"sizes":[]}},"elements":[],"isInner":false,"widgetType":"motta-heading","elType":"widget"},{"id":"3707071f","settings":{"before_title":"Careers","title":"We hope you'll consider joining<br class=\"hidden-xs\"\/> our rapidly growing team","align":"center","before_title_spacing":{"unit":"px","size":33,"sizes":[]},"typography_typography":"custom","typography_font_weight":"500","typography_line_height":{"unit":"px","size":64,"sizes":[]},"typography_font_size_tablet":{"unit":"px","size":40,"sizes":[]},"typography_font_size_mobile":{"unit":"px","size":32,"sizes":[]},"typography_line_height_tablet":{"unit":"px","size":60,"sizes":[]},"typography_line_height_mobile":{"unit":"px","size":40,"sizes":[]},"before_title_spacing_mobile":{"unit":"px","size":24,"sizes":[]},"align_mobile":"center","_padding":{"unit":"px","top":"0","right":"0","bottom":"35","left":"0","isLinked":false},"_padding_mobile":{"unit":"px","top":"0","right":"0","bottom":"24","left":"0","isLinked":false}},"elements":[],"isInner":false,"widgetType":"motta-heading","elType":"widget"},{"id":"516e05c4","settings":{"title":"View Open Roles","link":{"url":"#","is_external":"","nofollow":"","custom_attributes":""},"padding":{"unit":"px","top":"0","right":"48","bottom":"0","left":"48","isLinked":false},"background_color":"#1D2128","shape":"sharp","primary_button_text":"View Open Roles","primary_button_link":{"url":"https:\/\/motta.uix.store\/faq-v1\/","is_external":"","nofollow":"","custom_attributes":""},"align_mobile":"center","primary_button_size":"large","primary_button_options":"yes","primary_button_width":{"unit":"px","size":200,"sizes":[]},"primary_button_background_color":"#1D2128","_padding":{"unit":"px","top":"26","right":"0","bottom":"0","left":"0","isLinked":false},"_padding_mobile":{"unit":"px","top":"24","right":"0","bottom":"15","left":"0","isLinked":false}},"elements":[],"isInner":false,"widgetType":"motta-button","elType":"widget"}],"isInner":true,"elType":"column"}],"isInner":true,"elType":"section"}],"isInner":false,"elType":"column"}],"isInner":false,"elType":"section"}],"page_settings":{"header_layout":"page","header_category_menu_display":"default","header_logo_type":"default","header_logo_image":{"id":"default","url":null},"header_logo_text":"default","header_logo_svg":"default","header_logo_width":"default","header_logo_height":"default","motta_header_background":"default","motta_header_text_color":"default","motta_hide_header_section":"default","motta_hide_topbar":"1","motta_hide_campain_bar":"1","motta_hide_header_border":"default","motta_hide_page_header":"1","motta_hide_title":"default","motta_hide_breadcrumb":"default","motta_content_top_spacing":"no","motta_content_top_padding":"63","motta_content_bottom_spacing":"no","motta_content_bottom_padding":"63","motta_hide_footer_section":"default","footer_layout":"page","footer_mobile_layout":"page","page_primary_menu":"default"},"version":"0.4","title":"Team","type":"page"}