{"content":[{"id":"2bf305a0","settings":{"padding":{"unit":"px","top":"16","right":"16","bottom":"16","left":"16","isLinked":false}},"elements":[{"id":"4dbc077d","settings":[],"elements":[],"isInner":false,"widgetType":"motta-wc-breadcrumb","elType":"widget"}],"isInner":false,"elType":"container"},{"id":"9407e87","settings":{"margin":{"unit":"px","top":"0","right":"0","bottom":"0","left":"0","isLinked":false},"padding":{"unit":"px","top":"0","right":"16","bottom":"0","left":"16","isLinked":false}},"elements":[{"id":"134db26c","settings":{"slides":[{"title":"Chromebook","description":"Excepteur sint occaecat cupidatat non proident,\nsunt in culpa qui officia.","button_text":"Shop Now","_id":"cd797bd","banner_background_img":{"url":"","id":"","size":"","alt":"","source":"library"},"background_position":"right center","background_repeat":"no-repeat","background_color":"#064C53","before_title":"Furniture","before_heading_custom_color":"#A77B52","btn_custom_bgcolor":"#A77B52","image":{"id":23578,"url":"http:\/\/localhost\/dev\/motta\/wp-content\/uploads\/sites\/12\/2024\/04\/Shop-page-v3_03.jpg"},"before_description":"Secure, tough yet powerful","background_size_tablet":"contain","background_position_mobile":"center top","background_position_tablet":"center top","subtitle_image":{"id":23577,"url":"http:\/\/localhost\/dev\/motta\/wp-content\/uploads\/sites\/12\/2024\/04\/placeholder.png"},"image_background_size_tablet":"cover","image_background_position_tablet":"left center","primary_button_text":"Shop Now","custom_button_options":"yes","custom_button_background_color":"#A77B52","primary_button_link":{"url":"#","is_external":"","nofollow":"","custom_attributes":""},"second_button_text":"Learn More","image_background_size":"cover"},{"title":"Lets Me Move  The Office Outside","button_text":"Shop Now","_id":"6e7684e","banner_background_img":{"url":"","id":"","size":"","alt":"","source":"library"},"background_size":"contain","background_position":"right center","background_repeat":"no-repeat","background_color":"#69157C","before_title":"Winter Sale","before_heading_custom_color":"#395172","btn_custom_bgcolor":"#395172","image":{"id":23580,"url":"http:\/\/localhost\/dev\/motta\/wp-content\/uploads\/sites\/12\/2024\/04\/Shop-page-v3-2_03.jpg"},"background_position_mobile":"center top","subtitle_image":{"id":23579,"url":"http:\/\/localhost\/dev\/motta\/wp-content\/uploads\/sites\/12\/2024\/04\/placeholder-1.png"},"image_background_size_tablet":"cover","image_background_position_tablet":"left center","image_mobile":{"url":"","id":"","alt":"","source":"library"},"primary_button_text":"Shop Now","after_desc_custom_typography_typography":"custom","custom_button_options":"yes","custom_button_background_color":"#395172","description":"Sed do eiusmod tempor incididunt ut labore et\ndolore magna aliqua.","primary_button_link":{"url":"#","is_external":"","nofollow":"","custom_attributes":""},"second_button_text":"Learn More","second_button_link":{"url":"#","is_external":"","nofollow":"","custom_attributes":""},"image_background_size":"cover"}],"slides_height":{"unit":"px","size":400,"sizes":[]},"slides_height_mobile":{"unit":"px","size":385,"sizes":[]},"navigation":"both","autoplay":"","slides_vertical_position":"middle","description_typography_typography":"custom","description_typography_font_size_mobile":{"unit":"px","size":12,"sizes":[]},"description_spacing":{"unit":"px","size":10,"sizes":[]},"button_show":"yes","skin":"base","shape":"round","btn_padding":{"unit":"px","top":"0","right":"33","bottom":"0","left":"33","isLinked":false},"sliders_dots_style":"yes","sliders_dot_item_active_color":"#FFFFFF","navigation_mobile":"dots","slides_vertical_position_mobile":"middle","subtitle_typography_typography":"custom","subtitle_typography_font_size":{"unit":"px","size":10,"sizes":[]},"subtitle_typography_font_weight":"700","title_typography_typography":"custom","title_typography_font_size":{"unit":"px","size":32,"sizes":[]},"title_typography_font_size_mobile":{"unit":"px","size":20,"sizes":[]},"title_typography_font_weight":"700","title_typography_line_height":{"unit":"px","size":38,"sizes":[]},"title_typography_line_height_mobile":{"unit":"px","size":26,"sizes":[]},"title_spacing":{"unit":"px","size":10,"sizes":[]},"before_desc_typography_typography":"custom","before_desc_typography_font_size":{"unit":"px","size":20,"sizes":[]},"before_desc_typography_font_size_mobile":{"unit":"px","size":14,"sizes":[]},"before_desc_typography_font_weight":"700","before_desc_spacing":{"unit":"px","size":10,"sizes":[]},"after_desc_typography_typography":"custom","after_desc_typography_font_size":{"unit":"px","size":16,"sizes":[]},"after_desc_typography_font_size_mobile":{"unit":"px","size":12,"sizes":[]},"after_desc_typography_font_weight":"700","after_desc_typography_line_height":{"unit":"px","size":32,"sizes":[]},"sliders_arrow_style":"yes","sliders_arrows_size":{"unit":"px","size":21,"sizes":[]},"sliders_arrows_width":{"unit":"px","size":32,"sizes":[]},"sliders_arrows_height":{"unit":"px","size":60,"sizes":[]},"sliders_arrows_horizontal_spacing":{"unit":"px","size":20,"sizes":[]},"_background_image_tablet":{"url":"","id":"","alt":"","source":"library"},"slides_radius":{"unit":"px","top":"8","right":"8","bottom":"8","left":"8","isLinked":true},"slides_vertical_position_tablet":"middle","subtitle_spacing_mobile":{"unit":"px","size":0,"sizes":[]},"before_desc_typography_line_height_mobile":{"unit":"px","size":16,"sizes":[]},"image_position_tablet":"top","image_custom_width":{"unit":"%","size":65,"sizes":[]},"image_custom_width_tablet":{"unit":"%","size":60,"sizes":[]},"image_custom_height_tablet":{"unit":"%","size":100,"sizes":[]},"image_custom_height_mobile":{"unit":"px","size":180,"sizes":[]},"sliders_dots_vertical_spacing_mobile":{"unit":"px","size":220,"sizes":[]},"navigation_tablet":"dots","arrows_icon":"thin","slides_content_width":{"unit":"px","size":455,"sizes":[]},"slides_content_width_tablet":{"unit":"px","size":290,"sizes":[]},"slides_content_padding":{"unit":"px","top":"0","right":"40","bottom":"0","left":"100","isLinked":false},"slides_content_padding_tablet":{"unit":"px","top":"20","right":"30","bottom":"20","left":"30","isLinked":false},"slides_content_padding_mobile":{"unit":"px","top":"24","right":"24","bottom":"13","left":"24","isLinked":false},"hide_button_mobile":"","slides_content_width_mobile":{"unit":"%","size":100,"sizes":[]},"title_color":"#FFFFFF","before_desc_color":"#FFFFFF","description_color":"#FFFFFF","primary_button_options":"yes","primary_button_background_color":"#FFFFFF","primary_button_color":"#000000","second_button_options":"yes","second_button_color":"#FFFFFF","sliders_dots_bg_overlay":"yes","slides_text_align":""},"elements":[],"isInner":false,"widgetType":"motta-slides","elType":"widget"},{"id":"426cfd79","settings":{"title":"Shop by Category","align":"center","typography_typography":"custom","typography_font_size":{"unit":"px","size":18,"sizes":[]},"typography_font_weight":"500","_margin":{"unit":"px","top":"20","right":"0","bottom":"0","left":"0","isLinked":false}},"elements":[],"isInner":false,"widgetType":"motta-heading","elType":"widget"},{"id":"48070f5a","settings":{"thumbnail_new_typography_typography":"custom","thumbnail_shop_typography_font_size":{"unit":"px","size":1,"sizes":[]},"name_typography_typography":"custom","slides_to_show_tablet":7,"slides_to_show_mobile":4,"_border_border":"solid","_border_width":{"unit":"px","top":"0","right":"0","bottom":"1","left":"0","isLinked":false},"_border_color":"#ECF0F4","layout":"v2","show_new_arrivals":"","show_sale":"","limit":5},"elements":[],"isInner":false,"widgetType":"motta-archive-product-categories","elType":"widget"}],"isInner":false,"elType":"container"},{"id":"122d8a77","settings":{"flex_direction":"row","flex_gap":{"unit":"px","size":0,"column":"0","row":"0"},"boxed_width":{"unit":"px","size":1170,"sizes":[]},"flex_justify_content":"flex-start","flex_align_items":"flex-start","flex_direction_tablet":"column","padding":{"unit":"px","top":"0","right":"0","bottom":"0","left":"0","isLinked":true}},"elements":[{"id":"634dc842","settings":{"flex_direction":"column","content_width":"full","width":{"unit":"%","size":24.5},"_flex_size":"none","_element_width":"initial","flex_gap":{"column":"0","row":"0","isLinked":true,"unit":"px","size":0},"width_tablet":{"unit":"%","size":100,"sizes":[]},"width_mobile":{"unit":"%","size":"","sizes":[]},"flex_direction_tablet":"row","flex_justify_content_tablet":"space-between","flex_align_items_tablet":"center","padding_tablet":{"unit":"px","top":"16","right":"16","bottom":"0","left":"16","isLinked":false},"padding":{"unit":"px","top":"10","right":"16","bottom":"16","left":"16","isLinked":false}},"elements":[{"id":"f5c67cf","settings":{"tabs":[{"_id":"7089861"},{"_id":"09563d2"},{"_id":"130a78d"},{"_id":"8b3d2b2"},{"_id":"740795d"},{"_id":"b6dd449"},{"_id":"19cd15b"},{"_id":"f9812ea"},{"_id":"3fce23b"},{"_id":"f1b3a46"},{"_id":"d961c22"},{"_id":"8595655"},{"_id":"b0589bd"},{"_id":"53f0e0c"},{"_id":"072e35c"},{"_id":"092958b"},{"_id":"b9c1456"},{"_id":"8166066"}],"filters":[{"_id":"a3de042","attribute":"color","name":"Product Categories","source":"product_cat","display_attribute":"dropdown","display_default":"list","show_children_only":"yes","hide_empty_cats":"yes","show_view_more":"yes","multiple":"0"},{"_id":"47cd6d7","name":"Price","source":"price","ranges":"10-20\n20-50\n50-100"},{"_id":"751d9f0","name":"Filter By Color","source":"attribute","attribute":"color"},{"_id":"5e069dc","name":"Brands","source":"product_brand","searchable":"yes","scrollable":"yes"},{"_id":"ac1cca2","name":"Rating","source":"rating"},{"_id":"b50fb71","name":"Filter By Size","source":"attribute","attribute":"size"},{"_id":"81ad8d0","name":"Show Only","source":"product_status"}],"title":"Filters","instant":"yes","filter_name_typography_typography":"custom","filter_swatch_label_typography_typography":"custom","filter_swatch_color_typography_typography":"custom","filter_dropdown_typography_typography":"custom","icon":{"value":{"url":"http:\/\/localhost\/dev\/motta\/wp-content\/uploads\/sites\/12\/2024\/03\/filter.svg","id":23460},"library":"svg"},"filter_title_typography_typography":"custom","filter_title_padding":{"unit":"px","top":"10","right":"0","bottom":"18","left":"0","isLinked":false},"filter_title_padding_tablet":{"unit":"px","top":"10","right":"10","bottom":"10","left":"10","isLinked":true},"_padding_tablet":{"unit":"px","top":"0","right":"8","bottom":"0","left":"0","isLinked":false},"_element_width_tablet":"initial","_element_custom_width_tablet":{"unit":"%","size":50,"sizes":[]},"_element_custom_width_mobile":{"unit":"%","size":"","sizes":[]},"filter_title_spacing_tablet":{"unit":"px","size":0,"sizes":[]},"show_actived_filters":"","filter_title_bg_color":"#BD4747","filter_title_box_shadow_box_shadow":{"horizontal":0,"vertical":2,"blur":10,"spread":0,"color":"rgba(0,0,0,0.5)"},"filter_button_width_tablet":{"unit":"%","size":100,"sizes":[]},"filter_button_width_mobile":{"unit":"%","size":"","sizes":[]},"filter_button_typography_typography":"custom"},"elements":[],"isInner":false,"widgetType":"motta-wc-products-filter","elType":"widget"},{"id":"152675ba","settings":{"_padding_tablet":{"unit":"px","top":"0","right":"0","bottom":"0","left":"8","isLinked":false},"_element_width_tablet":"initial","_element_custom_width_tablet":{"unit":"%","size":50,"sizes":[]},"_element_custom_width_mobile":{"unit":"%","size":"","sizes":[]},"type":"modal","sort_by_button_width_tablet":{"unit":"%","size":100,"sizes":[]},"sort_by_button_width_mobile":{"unit":"%","size":"","sizes":[]},"sort_by_button_height_tablet":{"unit":"px","size":45,"sizes":[]},"sort_by_button_typography_typography":"custom","hide_desktop":"hidden-desktop"},"elements":[],"isInner":false,"widgetType":"motta-archive-product-ordering","elType":"widget"}],"isInner":true,"elType":"container"},{"id":"43ef6f8c","settings":{"flex_direction":"row","content_width":"full","width":{"unit":"%","size":75.5},"flex_justify_content":"flex-start","flex_align_items":"flex-start","flex_gap":{"column":"0","row":"0","isLinked":true,"unit":"px","size":0},"flex_wrap":"wrap","width_tablet":{"unit":"%","size":100,"sizes":[]},"width_mobile":{"unit":"%","size":"","sizes":[]},"padding_mobile":{"unit":"px","top":"20","right":"16","bottom":"0","left":"16","isLinked":false},"padding":{"unit":"px","top":"16","right":"16","bottom":"16","left":"16","isLinked":false}},"elements":[{"id":"5fe21010","settings":{"flex_direction":"row","flex_justify_content":"center","border_border":"solid","border_width":{"unit":"px","top":"0","right":"0","bottom":"1","left":"0","isLinked":false},"border_color":"#ECF0F4","flex_gap":{"column":"0","row":"0","isLinked":true,"unit":"px","size":0},"padding":{"unit":"px","top":"0","right":"0","bottom":"10","left":"0","isLinked":false},"flex_justify_content_mobile":"flex-start","flex_align_items_mobile":"center"},"elements":[{"id":"324fc884","settings":{"content_width":"full","width":{"unit":"%","size":30,"sizes":[]},"boxed_width":{"unit":"%","size":30,"sizes":[]},"boxed_width_tablet":{"unit":"%","size":"","sizes":[]},"boxed_width_mobile":{"unit":"%","size":"","sizes":[]},"presetTitle":"Container","presetIcon":"eicon-container","padding":{"unit":"px","top":"0","right":"0","bottom":"0","left":"0","isLinked":true},"flex_justify_content":"center","flex_align_items":"flex-start","width_mobile":{"unit":"%","size":50,"sizes":[]},"flex_direction_mobile":"row","flex_justify_content_mobile":"flex-start"},"elements":[{"id":"36910834","settings":{"typography_typography":"custom","_element_custom_width_mobile":{"unit":"%","size":50,"sizes":[]}},"elements":[],"isInner":false,"widgetType":"motta-archive-result-count","elType":"widget"}],"isInner":true,"elType":"container"},{"id":"3c59edfa","settings":{"content_width":"full","width":{"unit":"%","size":70,"sizes":[]},"padding":{"unit":"px","top":"0","right":"0","bottom":"0","left":"0","isLinked":true},"flex_direction":"row","flex_justify_content":"flex-end","flex_align_items":"center","width_mobile":{"unit":"%","size":50,"sizes":[]}},"elements":[{"id":"fd1ebb5","settings":{"label_typography_font_size":{"unit":"px","size":11,"sizes":[]},"_margin":{"unit":"px","top":"0","right":"0","bottom":"0","left":"0","isLinked":false},"_padding":{"unit":"px","top":"0","right":"20","bottom":"0","left":"0","isLinked":false},"_border_border":"solid","_border_width":{"unit":"px","top":"0","right":"1","bottom":"0","left":"0","isLinked":false},"_border_color":"#ECF0F4","hide_tablet":"hidden-tablet","hide_mobile":"hidden-mobile"},"elements":[],"isInner":false,"widgetType":"motta-archive-product-ordering","elType":"widget"},{"id":"6d958e94","settings":{"list":["grid_2","grid_3","grid_4","grid_5","list"],"_border_width":{"unit":"px","top":"0","right":"0","bottom":"0","left":"1","isLinked":false},"_border_color":"#ECF0F4","padding":{"unit":"px","top":"0","right":"0","bottom":"0","left":"20","isLinked":false},"margin":{"unit":"px","top":"0","right":"0","bottom":"0","left":"20","isLinked":false},"border_border":"solid","border_width":{"unit":"px","top":"0","right":"0","bottom":"0","left":"1","isLinked":false},"border_color":"#ECF0F4"},"elements":[],"isInner":false,"widgetType":"motta-archive-product-view","elType":"widget"}],"isInner":true,"elType":"container"}],"isInner":true,"elType":"container"},{"id":"538a45d4","settings":{"boxed_width":{"unit":"%","size":100,"sizes":[]},"boxed_width_tablet":{"unit":"%","size":"","sizes":[]},"boxed_width_mobile":{"unit":"%","size":"","sizes":[]},"border_width":{"unit":"px","top":"1","right":"0","bottom":"0","left":"0","isLinked":false},"padding":{"unit":"px","top":"10","right":"0","bottom":"0","left":"0","isLinked":false}},"elements":[{"id":"6d94702","settings":{"paginate":"yes","nothing_found_message":"It seems we can&#039;t find what you&#039;re looking for.","grid_border":"border","pagination":"loadmore"},"elements":[],"isInner":false,"widgetType":"motta-archive-products","elType":"widget"}],"isInner":true,"elType":"container"}],"isInner":true,"elType":"container"}],"isInner":false,"elType":"container"},{"id":"700ac6d7","settings":{"flex_gap":{"size":0,"column":"0","row":"0","unit":"px"},"flex_direction":"row","flex_align_items":"stretch"},"elements":[{"id":"76cd9a95","settings":{"_column_size":100,"width":{"size":null,"unit":"%"},"content_width":"full"},"elements":[],"isInner":true,"elType":"container"}],"isInner":false,"elType":"container"}],"page_settings":{"hide_title":"yes","footer_mobile_layout":"4179","motta_hide_header_section":"default","motta_hide_topbar":"default","motta_hide_campain_bar":"default","motta_hide_page_header":"1","motta_hide_title":"default","motta_hide_breadcrumb":"default","motta_content_top_spacing":"no","motta_content_top_padding":{"unit":"px","size":"63","sizes":[]},"motta_content_bottom_spacing":"no","motta_content_bottom_padding":{"unit":"px","size":"63","sizes":[]},"motta_hide_footer_section":"default","header_layout":"v4","footer_layout":"3651"},"version":"0.4","title":"Product Archive v2","type":"page"}