{"content":[{"id":"123134d9","settings":{"padding":{"unit":"px","top":"16","right":"16","bottom":"16","left":"16","isLinked":true}},"elements":[{"id":"72edec6b","settings":[],"elements":[],"isInner":false,"widgetType":"motta-wc-breadcrumb","elType":"widget"}],"isInner":false,"elType":"container"},{"id":"55798217","settings":{"padding":{"unit":"px","top":"0","right":"16","bottom":"0","left":"16","isLinked":false},"flex_gap":{"column":"0","row":"0","isLinked":true,"unit":"px","size":0}},"elements":[{"id":"50e2987c","settings":{"image":{"url":"http:\/\/localhost\/dev\/motta\/wp-content\/uploads\/sites\/12\/2024\/01\/homev2-fashion.jpg","id":22068,"size":"","alt":"","source":"library"},"height":{"unit":"px","size":260,"sizes":[]},"title_typography_typography":"custom","text_color":"#B96459","height_mobile":{"unit":"px","size":130,"sizes":[]},"type":"minimal","align":"left","_margin":{"unit":"px","top":"10","right":"0","bottom":"40","left":"0","isLinked":false},"_margin_tablet":{"unit":"px","top":"10","right":"0","bottom":"30","left":"0","isLinked":false}},"elements":[],"isInner":false,"widgetType":"motta-archive-page-header","elType":"widget"},{"id":"2ebf6055","settings":{"flex_direction":"row","flex_justify_content":"space-between","flex_align_items":"center","flex_gap":{"column":"0","row":"0","isLinked":true,"unit":"px","size":0},"background_background":"classic","background_color":"#ECF0F4","padding":{"unit":"px","top":"24","right":"24","bottom":"24","left":"24","isLinked":true},"flex_wrap_mobile":"nowrap","padding_mobile":{"unit":"px","top":"16","right":"16","bottom":"16","left":"16","isLinked":true}},"elements":[{"id":"2f228935","settings":{"tabs":[{"_id":"7089861"},{"_id":"09563d2"},{"_id":"130a78d"},{"_id":"8b3d2b2"},{"_id":"740795d"},{"_id":"b6dd449"},{"_id":"19cd15b"},{"_id":"f9812ea"},{"_id":"3fce23b"},{"_id":"f1b3a46"},{"_id":"d961c22"},{"_id":"8595655"},{"_id":"b0589bd"},{"_id":"53f0e0c"},{"_id":"072e35c"},{"_id":"092958b"},{"_id":"b9c1456"},{"_id":"8166066"}],"filters":[{"_id":"a3de042","attribute":"color","name":"Product Categories","source":"product_cat","display_attribute":"dropdown","display_default":"list","show_children_only":"yes","hide_empty_cats":"yes","show_view_more":"yes","multiple":"0"},{"_id":"47cd6d7","name":"Price","source":"price","ranges":"10-20\n20-50\n50-100"},{"_id":"751d9f0","name":"Filter By Color","source":"attribute","attribute":"color"},{"_id":"5e069dc","name":"Brands","source":"product_brand","searchable":"yes","scrollable":"yes"},{"_id":"ac1cca2","name":"Rating","source":"rating"},{"_id":"b50fb71","name":"Filter By Size","source":"attribute","attribute":"size"},{"_id":"81ad8d0","name":"Show Only","source":"product_status"}],"title":"All Filters","filter_name_typography_typography":"custom","filter_swatch_label_typography_typography":"custom","filter_swatch_color_typography_typography":"custom","filter_dropdown_typography_typography":"custom","icon":{"value":{"url":"http:\/\/localhost\/dev\/motta\/wp-content\/uploads\/sites\/12\/2024\/03\/filter.svg","id":23460},"library":"svg"},"filter_title_typography_typography":"custom","_padding_tablet":{"unit":"px","top":"0","right":"8","bottom":"0","left":"0","isLinked":false},"_element_width_tablet":"inherit","_element_custom_width_tablet":{"unit":"%","size":50,"sizes":[]},"_element_custom_width_mobile":{"unit":"%","size":45,"sizes":[]},"filter_title_spacing_tablet":{"unit":"px","size":0,"sizes":[]},"type":"sidebar","sliders_arrow_box_shadow_box_shadow_type":"yes","sliders_arrow_box_shadow_box_shadow":{"horizontal":0,"vertical":2,"blur":6,"spread":0,"color":"rgba(0, 0, 0, 0.16)"},"filter_title_spacing":{"unit":"px","size":0,"sizes":[]},"show_actived_filters":"","filter_title_box_shadow_box_shadow":{"horizontal":88,"vertical":2,"blur":6,"spread":0,"color":"rgba(136, 42.89728260869565, 42.89728260869565, 0.16)"},"filter_title_width_tablet":{"unit":"%","size":100,"sizes":[]},"filter_title_width_mobile":{"unit":"%","size":"","sizes":[]},"_element_width_mobile":"initial"},"elements":[],"isInner":false,"widgetType":"motta-wc-products-filter","elType":"widget"},{"id":"4c57b3f1","settings":{"_padding_tablet":{"unit":"px","top":"0","right":"0","bottom":"0","left":"8","isLinked":false},"_element_width_tablet":"inherit","_element_custom_width_tablet":{"unit":"%","size":50,"sizes":[]},"_element_custom_width_mobile":{"unit":"%","size":55,"sizes":[]},"sort_by_button_width_tablet":{"unit":"%","size":100,"sizes":[]},"sort_by_button_width_mobile":{"unit":"%","size":100,"sizes":[]},"sort_by_button_height_tablet":{"unit":"px","size":45,"sizes":[]},"sort_by_button_typography_typography":"custom","type":"dropdown","sort_by_button_border_color":"#0E0C0C","sort_by_button_box_shadow_box_shadow":{"horizontal":0,"vertical":0,"blur":10,"spread":0,"color":"rgba(0, 0, 0, 0.5)"},"sort_by_button_typography_font_size_mobile":{"unit":"px","size":14,"sizes":[]},"_element_width_mobile":"initial"},"elements":[],"isInner":false,"widgetType":"motta-archive-product-ordering","elType":"widget"}],"isInner":true,"elType":"container"},{"id":"226fb794","settings":{"_margin":{"unit":"px","top":"20","right":"0","bottom":"0","left":"0","isLinked":false},"_border_width":{"unit":"px","top":"0","right":"0","bottom":"1","left":"0","isLinked":false},"_border_color":"#ECF0F4"},"elements":[],"isInner":false,"widgetType":"motta-products-filter-actived","elType":"widget"}],"isInner":false,"elType":"container"},{"id":"65aecd8a","settings":{"flex_direction":"row","flex_gap":{"unit":"px","size":0,"column":"0","row":"0"},"boxed_width":{"unit":"px","size":1170,"sizes":[]},"flex_justify_content":"flex-start","flex_align_items":"flex-start","flex_direction_tablet":"column","padding":{"unit":"px","top":"0","right":"0","bottom":"0","left":"0","isLinked":true}},"elements":[{"id":"1ff0f689","settings":{"flex_direction":"row","content_width":"full","width":{"unit":"%","size":100},"flex_justify_content":"flex-start","flex_align_items":"flex-start","flex_gap":{"column":"0","row":"0","isLinked":true,"unit":"px","size":0},"flex_wrap":"wrap","width_tablet":{"unit":"%","size":100,"sizes":[]},"width_mobile":{"unit":"%","size":"","sizes":[]},"padding_mobile":{"unit":"px","top":"20","right":"16","bottom":"0","left":"16","isLinked":false},"padding":{"unit":"px","top":"16","right":"16","bottom":"16","left":"16","isLinked":true},"flex_justify_content_mobile":"flex-start"},"elements":[{"id":"490fd6cd","settings":{"flex_direction":"row","flex_justify_content":"space-between","border_border":"solid","border_width":{"unit":"px","top":"0","right":"0","bottom":"1","left":"0","isLinked":false},"border_color":"#ECF0F4","flex_gap":{"column":"0","row":"0","isLinked":true,"unit":"px","size":0},"padding":{"unit":"px","top":"0","right":"0","bottom":"10","left":"0","isLinked":false},"flex_justify_content_mobile":"space-between","flex_align_items_mobile":"center","flex_align_items":"center"},"elements":[{"id":"2443754c","settings":{"typography_typography":"custom","_element_custom_width_mobile":{"unit":"%","size":50,"sizes":[]}},"elements":[],"isInner":false,"widgetType":"motta-archive-result-count","elType":"widget"},{"id":"2d5c2902","settings":{"list":["grid_2","grid_3","grid_4","grid_5","list"],"_border_width":{"unit":"px","top":"0","right":"0","bottom":"0","left":"1","isLinked":false},"_border_color":"#ECF0F4","padding":{"unit":"px","top":"0","right":"0","bottom":"0","left":"20","isLinked":false},"margin":{"unit":"px","top":"0","right":"0","bottom":"0","left":"20","isLinked":false},"border_border":"solid","border_width":{"unit":"px","top":"0","right":"0","bottom":"0","left":"1","isLinked":false},"border_color":"#ECF0F4"},"elements":[],"isInner":false,"widgetType":"motta-archive-product-view","elType":"widget"}],"isInner":true,"elType":"container"},{"id":"29acdf71","settings":{"boxed_width":{"unit":"%","size":100,"sizes":[]},"boxed_width_tablet":{"unit":"%","size":"","sizes":[]},"boxed_width_mobile":{"unit":"%","size":"","sizes":[]},"border_width":{"unit":"px","top":"1","right":"0","bottom":"0","left":"0","isLinked":false},"padding":{"unit":"px","top":"10","right":"0","bottom":"0","left":"0","isLinked":false}},"elements":[{"id":"4e0e499b","settings":{"paginate":"yes","nothing_found_message":"It seems we can&#039;t find what you&#039;re looking for.","grid_border":"border-bottom"},"elements":[],"isInner":false,"widgetType":"motta-archive-products","elType":"widget"}],"isInner":true,"elType":"container"}],"isInner":true,"elType":"container"}],"isInner":false,"elType":"container"}],"page_settings":[],"version":"0.4","title":"Product Archive v4","type":"page"}