{"content":[{"id":"826d5bd","settings":{"content_position":"middle","structure":"20","flex_direction":"row","flex_align_items":"center","flex_gap":{"size":10,"column":"10","row":"10","unit":"px"},"boxed_width":{"unit":"px","size":1172,"sizes":[]},"padding":{"unit":"px","top":"0","right":"0","bottom":"0","left":"0","isLinked":true},"hide_mobile":"hidden-mobile"},"elements":[{"id":"50c4a748","settings":{"_column_size":50,"width":{"size":null,"unit":"%"},"width_tablet":{"size":71,"unit":"%"},"content_width":"full","padding":{"unit":"px","top":"16","right":"16","bottom":"16","left":"16","isLinked":true}},"elements":[{"id":"7c9c3f81","settings":{"icon":{"value":"","library":""},"text_typography_font_size":{"unit":"px","size":20,"sizes":[]},"text_color":"#080808"},"elements":[],"isInner":false,"widgetType":"motta-wc-breadcrumb","elType":"widget"}],"isInner":true,"elType":"container"},{"id":"5f266df7","settings":{"_column_size":50,"width":{"size":null,"unit":"%"},"align":"flex-end","hide_mobile":"hidden-mobile","width_tablet":{"size":29,"unit":"%"},"align_tablet":"flex-end","content_width":"full","flex_direction":"row","flex_justify_content":"flex-end","flex_gap":{"column":"18","row":"0","isLinked":false,"unit":"px","size":18},"padding":{"unit":"px","top":"16","right":"16","bottom":"16","left":"16","isLinked":true}},"elements":[{"id":"579ad43c","settings":{"social_icon_list":[{"title":"Facebook","_id":"461e5ed","social_icon":{"value":{"url":"http:\/\/localhost\/dev\/motta\/wp-content\/uploads\/sites\/12\/2023\/12\/close.svg","id":21912},"library":"svg"}},{"network":"twitter","title":"Twitter","_id":"f4eae34"},{"network":"pinterest","title":"Pinterest","_id":"71c0318"}],"shape":"circle","title":"Share","copy_link":"none","typography_typography":"custom","_element_width":"auto"},"elements":[],"isInner":false,"widgetType":"motta-wc-share-socials","elType":"widget"},{"id":"73431734","settings":{"title":"Print","_element_width":"auto","typography_typography":"custom"},"elements":[],"isInner":false,"widgetType":"motta-wc-share-print","elType":"widget"}],"isInner":true,"elType":"container"}],"isInner":false,"elType":"container"},{"id":"7eea5642","settings":{"structure":"30","flex_direction":"row","flex_align_items":"stretch","flex_gap":{"size":0,"column":"0","row":"0","unit":"px"},"boxed_width":{"unit":"px","size":1172,"sizes":[]},"flex_wrap_tablet":"wrap","padding":{"unit":"px","top":"0","right":"0","bottom":"0","left":"0","isLinked":true}},"elements":[{"id":"5974b802","settings":{"_column_size":33,"width":{"size":40,"unit":"%"},"width_tablet":{"size":55,"unit":"%"},"content_width":"full","padding":{"unit":"px","top":"16","right":"16","bottom":"16","left":"16","isLinked":true}},"elements":[{"id":"423eaa5e","settings":{"spacing_featured_icons_thumbs":{"unit":"px","size":133,"sizes":[]},"thumbnails_mobile":"label","thumbnails_per_view":4,"featured_icons_direction":"horizontal","featured_icons_alignment":"center","image_border_border":"solid","image_border_width":{"unit":"px","top":"1","right":"1","bottom":"1","left":"1","isLinked":true},"image_border_color":"#ECF0F4","image_border_radius":{"unit":"px","top":"2","right":"2","bottom":"2","left":"2","isLinked":true},"thumbnail_icon_padding":{"unit":"px","top":"0","right":"5","bottom":"0","left":"5","isLinked":false},"image_border_width_mobile":{"unit":"px","top":"0","right":"0","bottom":"0","left":"0","isLinked":true}},"elements":[],"isInner":false,"widgetType":"motta-wc-product-images","elType":"widget"}],"isInner":true,"elType":"container"},{"id":"65c6664d","settings":{"_column_size":33,"width":{"size":32,"unit":"%"},"width_tablet":{"size":45,"unit":"%"},"padding":{"unit":"px","top":"16","right":"16","bottom":"16","left":"16","isLinked":false},"padding_mobile":{"unit":"px","top":"0","right":"16","bottom":"0","left":"16","isLinked":false},"content_width":"full","flex_gap":{"column":"0","row":"0","isLinked":true,"unit":"px","size":0},"background_background":"classic","background_color":"#FFFFFF"},"elements":[{"id":"50fab5a9","settings":{"width_mobile":{"unit":"%","size":0,"sizes":[]},"text":"Divider","color":"#00000000","weight":{"unit":"px","size":15,"sizes":[]},"gap_mobile":{"unit":"px","size":0,"sizes":[]},"_margin_mobile":{"unit":"px","top":"0","right":"-16","bottom":"0","left":"-16","isLinked":false},"_border_radius_mobile":{"unit":"px","top":"16","right":"16","bottom":"0","left":"0","isLinked":false},"_box_shadow_box_shadow_type":"yes","_box_shadow_box_shadow":{"horizontal":0,"vertical":-4,"blur":4,"spread":0,"color":"rgba(0, 0, 0, 0.08)"},"hide_desktop":"hidden-desktop","hide_tablet":"hidden-tablet","gap":{"unit":"px","size":0,"sizes":[]}},"elements":[],"isInner":false,"widgetType":"divider","elType":"widget"},{"id":"37357d96","settings":{"typography_typography":"custom","_margin":{"unit":"px","top":"0","right":"0","bottom":"15","left":"0","isLinked":false},"typography_font_size":{"unit":"px","size":18,"sizes":[]},"typography_line_height":{"unit":"px","size":24,"sizes":[]}},"elements":[],"isInner":false,"widgetType":"motta-wc-product-title","elType":"widget"},{"id":"699bc219","settings":{"content_position":"middle","margin":{"unit":"px","top":"0","right":0,"bottom":"15","left":0,"isLinked":false},"border_border":"solid","border_width":{"unit":"px","top":"0","right":"0","bottom":"1","left":"0","isLinked":false},"border_color":"#ECF0F4","padding":{"unit":"px","top":"0","right":"0","bottom":"20","left":"0","isLinked":false},"flex_direction":"row","flex_align_items":"stretch","flex_gap":{"size":10,"column":"10","row":"10","unit":"px"},"content_width":"full"},"elements":[{"id":"2e13c9bb","settings":{"_column_size":100,"width":{"size":null,"unit":"%"},"padding":{"unit":"px","top":"0","right":"0","bottom":"0","left":"0","isLinked":true},"content_width":"full","flex_direction":"row","flex_align_items":"center","flex_gap":{"column":"0","row":"0","isLinked":true,"unit":"px","size":0}},"elements":[{"id":"25077eea","settings":{"category_typography_typography":"custom","caption_typography_typography":"custom","category_color":"#1D2128","caption_color":"#7C818B","category_typography_line_height":{"unit":"em","size":1,"sizes":[]},"_border_width":{"unit":"px","top":"0","right":"1","bottom":"0","left":"0","isLinked":false},"_border_color":"#ECF0F4","category_caption":"in","_element_width":"auto","category_typography_font_size":{"unit":"px","size":14,"sizes":[]}},"elements":[],"isInner":false,"widgetType":"motta-wc-product-category","elType":"widget"},{"id":"7e0da33b","settings":{"_margin":{"unit":"px","top":"0","right":"0","bottom":"0","left":"20","isLinked":false},"_padding":{"unit":"px","top":"0","right":"0","bottom":"0","left":"20","isLinked":false},"_element_width":"auto","_border_border":"solid","_border_width":{"unit":"px","top":"0","right":"0","bottom":"0","left":"1","isLinked":false},"_border_color":"#ECF0F4","category_color":"#1D2128","category_typography_typography":"custom","category_typography_font_size":{"unit":"px","size":14,"sizes":[]},"category_typography_line_height":{"unit":"em","size":1,"sizes":[]},"caption_color":"#7C818B","caption_typography_typography":"custom","caption_typography_font_size":{"unit":"px","size":14,"sizes":[]}},"elements":[],"isInner":false,"widgetType":"motta-wc-product-sku","elType":"widget"}],"isInner":true,"elType":"container"}],"isInner":true,"elType":"container"},{"id":"4bcef134","settings":{"content_position":"middle","margin":{"unit":"px","top":"0","right":0,"bottom":"25","left":0,"isLinked":false},"border_border":"solid","border_width":{"unit":"px","top":"0","right":"0","bottom":"1","left":"0","isLinked":false},"border_color":"#ECF0F4","padding":{"unit":"px","top":"0","right":"0","bottom":"15","left":"0","isLinked":false},"flex_direction":"row","flex_align_items":"stretch","flex_gap":{"size":10,"column":"10","row":"10","unit":"px"},"content_width":"full"},"elements":[{"id":"4c6ae38a","settings":{"_column_size":100,"width":{"size":null,"unit":"%"},"padding":{"unit":"px","top":"0","right":"0","bottom":"0","left":"0","isLinked":true},"content_width":"full"},"elements":[{"id":"729a7cc6","settings":{"_element_width":"auto","_border_width":{"unit":"px","top":"0","right":"1","bottom":"0","left":"0","isLinked":false},"_border_color":"#ECF0F4","text_typography_typography":"custom","write_a_review":"yes"},"elements":[],"isInner":false,"widgetType":"motta-wc-product-rating","elType":"widget"}],"isInner":true,"elType":"container"}],"isInner":true,"elType":"container"},{"id":"9c6e0de","settings":{"icons":[{"title":"Free Shipping & Returns on this item","_id":"6cfc366","primary_button_text":"See More","primary_button_link":{"url":"#","is_external":"","nofollow":"","custom_attributes":""},"icon":{"value":{"url":"https:\/\/motta.uix.store\/wp-content\/uploads\/2024\/03\/truck.svg","id":22196},"library":"svg"},"image":{"url":"http:\/\/localhost:3000:3000:3000:3000:3000:3000:3000:3000\/dev\/motta\/wp-content\/uploads\/sites\/12\/2024\/01\/homev3-motherkids.jpg","id":22113,"size":"","alt":"","source":"library"}},{"title":"Delivery within 3-5 working days","_id":"aef8e39","primary_button_text":"See Detail","primary_button_link":{"url":"#","is_external":"","nofollow":"","custom_attributes":""},"icon":{"value":{"url":"https:\/\/motta.uix.store\/wp-content\/uploads\/2024\/03\/box.svg","id":22197},"library":"svg"}},{"title":"Money Back Guarantee","primary_button_text":"See Detail","primary_button_link":{"url":"#","is_external":"","nofollow":"","custom_attributes":""},"icon":{"value":{"url":"https:\/\/motta.uix.store\/wp-content\/uploads\/2024\/03\/money.svg","id":23176},"library":"svg"},"_id":"0fe6d87"}],"primary_button_options":"yes","title_size":"h1","button_typography_font_size":{"unit":"px","size":1,"sizes":[]},"content_item_border_border":"none","content_item_border_width_mobile":{"unit":"px","top":"4","right":"0","bottom":"4","left":"0","isLinked":false},"content_padding":{"unit":"px","top":"0","right":"0","bottom":"0","left":"0","isLinked":true},"icon_border_width":{"unit":"px","top":"1","right":"1","bottom":"1","left":"1","isLinked":true},"icon_border_color":"#ECF0F4","icon_border_radius":{"unit":"%","top":"","right":"","bottom":"","left":"","isLinked":true},"_border_width":{"unit":"px","top":"1","right":"0","bottom":"0","left":"0","isLinked":false},"_border_color":"#ECF0F4","content_item_border_width":{"unit":"px","top":"1","right":"1","bottom":"1","left":"1","isLinked":true},"content_item_border_color":"#ECF0F4","item_border_color":"#ECF0F400","item_space_between":{"unit":"px","size":8,"sizes":[]},"_border_border":"none"},"elements":[],"isInner":false,"widgetType":"motta-icon-box-list","elType":"widget"},{"id":"7cb3ea28","settings":{"title":"Featuress","align":"left","_margin":{"unit":"px","top":"25","right":"0","bottom":"0","left":"0","isLinked":false},"_padding":{"unit":"px","top":"25","right":"0","bottom":"0","left":"0","isLinked":false},"_border_border":"solid","_border_width":{"unit":"px","top":"1","right":"0","bottom":"0","left":"0","isLinked":false},"_border_color":"#ECF0F4","description_lines_mobile":2},"elements":[],"isInner":false,"widgetType":"motta-wc-product-short-description","elType":"widget"},{"id":"17cd59c5","settings":{"_margin":{"unit":"px","top":"30","right":"0","bottom":"0","left":"0","isLinked":false}},"elements":[],"isInner":false,"widgetType":"motta-wc-product-vendor-info","elType":"widget"}],"isInner":true,"elType":"container"},{"id":"a2ee4ab","settings":{"_column_size":33,"width":{"size":28,"unit":"%"},"width_tablet":{"size":100,"unit":"%"},"content_width":"full","flex_gap":{"column":"0","row":"0","isLinked":true,"unit":"px","size":0},"padding":{"unit":"px","top":"16","right":"16","bottom":"16","left":"16","isLinked":true}},"elements":[{"id":"289a749b","settings":{"content_position":"space-between","padding":{"unit":"px","top":"0","right":"0","bottom":"15","left":"0","isLinked":false},"border_border":"solid","border_width":{"unit":"px","top":"0","right":"0","bottom":"1","left":"0","isLinked":false},"border_color":"#ECF0F4","margin":{"unit":"px","top":"0","right":0,"bottom":"15","left":0,"isLinked":false},"flex_direction":"row","flex_align_items":"stretch","flex_gap":{"size":10,"column":"10","row":"10","unit":"px"},"content_width":"full"},"elements":[{"id":"39bf897a","settings":{"_column_size":100,"width":{"size":null,"unit":"%"},"padding":{"unit":"px","top":"0","right":"0","bottom":"0","left":"0","isLinked":true},"flex_justify_content":"flex-end","align":"space-between","content_width":"full"},"elements":[{"id":"4cc2aac6","settings":{"text_align":"left","typography_typography":"custom","sale_price_typography_typography":"custom","price_block":"yes","_element_width":"auto"},"elements":[],"isInner":false,"widgetType":"motta-wc-product-price","elType":"widget"}],"isInner":true,"elType":"container"}],"isInner":true,"elType":"container"},{"id":"1c4e505d","settings":{"content_position":"space-between","border_width":{"unit":"px","top":"0","right":"0","bottom":"1","left":"0","isLinked":false},"border_color":"#ECF0F4","margin":{"unit":"px","top":"","right":0,"bottom":"","left":0,"isLinked":true},"flex_direction":"row","flex_align_items":"stretch","flex_gap":{"size":10,"column":"10","row":"10","unit":"px"},"content_width":"full","padding":{"unit":"px","top":"0","right":"0","bottom":"0","left":"0","isLinked":true}},"elements":[{"id":"4a6111c4","settings":{"_column_size":100,"width":{"size":null,"unit":"%"},"padding":{"unit":"px","top":"0","right":"0","bottom":"0","left":"0","isLinked":true},"flex_justify_content":"flex-end","align":"space-between","content_width":"full"},"elements":[{"id":"20f632bc","settings":{"button_width":{"unit":"%","size":100,"sizes":[]},"button_width_tablet":{"unit":"%","size":"","sizes":[]},"button_width_mobile":{"unit":"%","size":"","sizes":[]},"buy_now_button_width_tablet":{"unit":"%","size":"","sizes":[]},"buy_now_button_width_mobile":{"unit":"%","size":"","sizes":[]},"quantity_border_color_focus":"#686262","quantity_typography_typography":"custom","variations_width":{"unit":"%","size":100,"sizes":[]},"heading_variations_color_width":{"unit":"px","size":82,"sizes":[]},"heading_variations_color_height":{"unit":"px","size":80,"sizes":[]},"variations_spacing":{"unit":"px","size":2,"sizes":[]},"product_stock":"yes","quantity_height":{"unit":"px","size":44,"sizes":[]},"quantity_width":{"unit":"px","size":40,"sizes":[]},"quantity_icon_padding":{"unit":"px","top":"0","right":"8","bottom":"0","left":"8","isLinked":false},"enable_quantity_label":"yes","quantity_label_typography_typography":"custom","buy_now_button_width":{"unit":"%","size":100,"sizes":[]},"buy_now_button_spacing_top":{"unit":"px","size":10,"sizes":[]},"buy_now_button_spacing_left":{"unit":"px","size":0,"sizes":[]},"button_height":{"unit":"px","size":44,"sizes":[]},"buy_now_button_height":{"unit":"px","size":44,"sizes":[]}},"elements":[],"isInner":false,"widgetType":"motta-wc-product-add-to-cart","elType":"widget"}],"isInner":true,"elType":"container"}],"isInner":true,"elType":"container"},{"id":"1db6398d","settings":{"structure":"20","content_position":"middle","padding":{"unit":"px","top":"25","right":"0","bottom":"0","left":"0","isLinked":false},"hide_mobile":"hidden-mobile","flex_direction":"row","flex_align_items":"stretch","flex_gap":{"size":10,"column":"10","row":"10","unit":"px"},"content_width":"full"},"elements":[{"id":"1d5a1e8b","settings":{"_column_size":50,"width":{"size":null,"unit":"%"},"padding":{"unit":"px","top":"0","right":"5","bottom":"0","left":"0","isLinked":false},"content_width":"full"},"elements":[{"id":"487cad31","settings":{"align":"center","text_typography_typography":"custom"},"elements":[],"isInner":false,"widgetType":"motta-wc-product-compare","elType":"widget"}],"isInner":true,"elType":"container"},{"id":"36faeb81","settings":{"_column_size":50,"width":{"size":null,"unit":"%"},"padding":{"unit":"px","top":"0","right":"0","bottom":"0","left":"5","isLinked":false},"content_width":"full"},"elements":[{"id":"240c07b2","settings":{"product_add_to_wishlist":"Compare","text_typography_typography":"custom","align":"center"},"elements":[],"isInner":false,"widgetType":"motta-wc-product-wishlist","elType":"widget"}],"isInner":true,"elType":"container"}],"isInner":true,"elType":"container"}],"isInner":true,"elType":"container"}],"isInner":false,"elType":"container"},{"id":"61733937","settings":{"margin":{"unit":"px","top":"0","right":"0","bottom":"30","left":"0","isLinked":false},"margin_mobile":{"unit":"px","top":"20","right":0,"bottom":"0","left":0,"isLinked":false},"border_border":"solid","border_width":{"unit":"px","top":"0","right":"0","bottom":"0","left":"0","isLinked":true},"border_width_mobile":{"unit":"px","top":"4","right":"0","bottom":"0","left":"0","isLinked":false},"border_color":"#ECF0F4","flex_direction":"row","flex_align_items":"stretch","flex_gap":{"size":null,"column":"","row":"0","unit":"px"},"boxed_width":{"unit":"px","size":1172,"sizes":[]},"padding":{"unit":"px","top":"0","right":"0","bottom":"0","left":"0","isLinked":true}},"elements":[{"id":"24fd560d","settings":{"_column_size":100,"width":{"size":null,"unit":"%"},"padding_mobile":{"unit":"px","top":"0","right":"16","bottom":"16","left":"16","isLinked":false},"content_width":"full","flex_gap":{"column":"0","row":"0","isLinked":true,"unit":"px","size":0},"padding":{"unit":"px","top":"16","right":"16","bottom":"16","left":"16","isLinked":true}},"elements":[{"id":"fd4152e","settings":{"posts_per_page":10,"autoplay":"","heading":"Similar Products","sliders_arrow_style":"yes","sliders_arrows_width":{"unit":"px","size":"","sizes":[]},"sliders_dots_style":"yes","slides_to_show_tablet":"3","navigation_tablet":"dots","navigation_mobile":"dots","_border_width":{"unit":"px","top":"1","right":"0","bottom":"0","left":"0","isLinked":false},"_border_color":"#ECF0F4","_border_width_mobile":{"unit":"px","top":"0","right":"0","bottom":"0","left":"0","isLinked":true},"_margin":{"unit":"px","top":"10","right":"0","bottom":"0","left":"0","isLinked":false},"_padding":{"unit":"px","top":"30","right":"0","bottom":"0","left":"0","isLinked":false},"_border_border":"solid","_margin_mobile":{"unit":"px","top":"0","right":"0","bottom":"0","left":"0","isLinked":false},"_padding_mobile":{"unit":"px","top":"30","right":"0","bottom":"0","left":"0","isLinked":false}},"elements":[],"isInner":false,"widgetType":"motta-wc-product-related","elType":"widget"}],"isInner":true,"elType":"container"}],"isInner":false,"elType":"container"},{"id":"3539cc6c","settings":{"margin":{"unit":"px","top":"10","right":0,"bottom":"0","left":0,"isLinked":false},"margin_mobile":{"unit":"px","top":"0","right":0,"bottom":"0","left":0,"isLinked":true},"flex_direction":"row","flex_align_items":"stretch","flex_gap":{"size":10,"column":"10","row":"10","unit":"px"},"boxed_width":{"unit":"px","size":1172,"sizes":[]},"padding":{"unit":"px","top":"0","right":"0","bottom":"0","left":"0","isLinked":true},"_title":"Container"},"elements":[{"id":"4fcfaef0","settings":{"_column_size":100,"width":{"size":null,"unit":"%"},"padding_mobile":{"unit":"px","top":"0","right":"0","bottom":"0","left":"0","isLinked":true},"content_width":"full","padding":{"unit":"px","top":"16","right":"16","bottom":"16","left":"16","isLinked":true}},"elements":[{"id":"7090459b","settings":{"tab_typography_typography":"custom","panel_border_width":{"unit":"px","top":"1","right":"1","bottom":"1","left":"1","isLinked":true},"panel_box_shadow_box_shadow":{"horizontal":-8,"vertical":0,"blur":10,"spread":0,"color":"rgba(0,0,0,0.5)"},"tab_icon_border_radius":{"unit":"%","top":"100","right":"100","bottom":"100","left":"100","isLinked":true},"panel_text_color":"#D6C0C0","panel_bg_color":"#201C1C","panel_typography_typography":"custom","panel_typography_font_size":{"unit":"px","size":12,"sizes":[]},"tab_icon_color":"#7C818B","tab_icon_border_color":"#DADFE3","tab_icon_padding":{"unit":"px","top":"8","right":"8","bottom":"8","left":"8","isLinked":true},"tab_icon_size":{"unit":"px","size":11,"sizes":[]},"product_first_tab":"yes","product_first_tab_mobile":"yes","layout":"toggle"},"elements":[],"isInner":false,"widgetType":"motta-wc-product-data-tabs","elType":"widget"}],"isInner":true,"elType":"container"}],"isInner":false,"elType":"container"},{"id":"5764a96c","settings":{"margin":{"unit":"px","top":"10","right":0,"bottom":"60","left":0,"isLinked":false},"margin_mobile":{"unit":"px","top":"10","right":0,"bottom":"20","left":0,"isLinked":false},"flex_direction":"row","flex_align_items":"stretch","flex_gap":{"size":10,"column":"10","row":"10","unit":"px"},"boxed_width":{"unit":"px","size":1172,"sizes":[]},"padding":{"unit":"px","top":"0","right":"0","bottom":"0","left":"0","isLinked":true}},"elements":[{"id":"56320ece","settings":{"_column_size":100,"width":{"size":null,"unit":"%"},"content_width":"full","padding":{"unit":"px","top":"16","right":"16","bottom":"16","left":"16","isLinked":true}},"elements":[{"id":"23db618","settings":{"heading":"You Might Also Like","slides_to_show_tablet":"3","navigation_tablet":"arrows","navigation_mobile":"dots","sliders_dots_vertical_spacing_mobile":{"unit":"px","size":20,"sizes":[]}},"elements":[],"isInner":false,"widgetType":"motta-wc-product-upsell","elType":"widget"}],"isInner":true,"elType":"container"}],"isInner":false,"elType":"container"}],"page_settings":{"enable_builder":"","hide_title":"","product_header_mobile":"yes"},"version":"0.4","title":"Product v5","type":"page"}