{"content":[{"id":"3b4bc73b","settings":{"content_position":"middle","structure":"22","flex_direction":"row","flex_align_items":"stretch","flex_gap":{"size":0,"column":"0","row":"0","unit":"px"},"boxed_width":{"unit":"px","size":1172,"sizes":[]},"padding":{"unit":"px","top":"0","right":"0","bottom":"0","left":"0","isLinked":true},"hide_mobile":"hidden-mobile"},"elements":[{"id":"4ccb53a0","settings":{"_column_size":66,"width":{"size":82.645,"unit":"%"},"content_width":"full","padding":{"unit":"px","top":"16","right":"16","bottom":"16","left":"16","isLinked":true}},"elements":[{"id":"7f395003","settings":{"icon":{"value":"","library":""},"text_typography_font_size":{"unit":"px","size":20,"sizes":[]},"text_color":"#080808"},"elements":[],"isInner":false,"widgetType":"motta-wc-breadcrumb","elType":"widget"}],"isInner":true,"elType":"container"},{"id":"1bf5eb5c","settings":{"_column_size":33,"width":{"size":16.66,"unit":"%"},"align":"flex-end","content_width":"full","flex_direction":"row","flex_justify_content":"flex-end","padding":{"unit":"px","top":"16","right":"16","bottom":"16","left":"16","isLinked":true}},"elements":[{"id":"15eda6b9","settings":{"social_icon_list":[{"title":"Facebook","_id":"461e5ed","social_icon":{"value":{"url":"http:\/\/localhost:3000:3000:3000:3000:3000:3000:3000:3000:3000:3000:3000:3000:3000:3000:3000:3000\/dev\/motta\/wp-content\/uploads\/sites\/12\/2023\/12\/close.svg","id":21912},"library":"svg"}},{"network":"twitter","title":"Twitter","_id":"f4eae34"},{"network":"pinterest","title":"Pinterest","_id":"71c0318"}],"shape":"circle","title":"Share","copy_link":"none","typography_typography":"custom","_element_width":"auto"},"elements":[],"isInner":false,"widgetType":"motta-wc-share-socials","elType":"widget"},{"id":"1e63ce88","settings":{"title":"Print","_element_width":"auto","typography_typography":"custom"},"elements":[],"isInner":false,"widgetType":"motta-wc-share-print","elType":"widget"}],"isInner":true,"elType":"container"}],"isInner":false,"elType":"container"},{"id":"13de96ef","settings":{"structure":"20","flex_direction":"row","flex_align_items":"stretch","flex_gap":{"size":0,"column":"0","row":"0","unit":"px"},"boxed_width":{"unit":"px","size":1172,"sizes":[]},"padding":{"unit":"px","top":"0","right":"0","bottom":"0","left":"0","isLinked":true}},"elements":[{"id":"6c007ff1","settings":{"_column_size":50,"width":{"size":51.718,"unit":"%"},"content_width":"full","flex_gap":{"column":"0","row":"0","isLinked":true,"unit":"px","size":0},"padding":{"unit":"px","top":"16","right":"16","bottom":"16","left":"16","isLinked":true}},"elements":[{"id":"7cd20262","settings":{"spacing_featured_icons_thumbs":{"unit":"px","size":133,"sizes":[]},"thumbnails_mobile":"label"},"elements":[],"isInner":false,"widgetType":"motta-wc-product-images","elType":"widget"}],"isInner":true,"elType":"container"},{"id":"4125cc8f","settings":{"_column_size":50,"width":{"size":48.239,"unit":"%"},"padding_mobile":{"unit":"px","top":"16","right":"16","bottom":"0","left":"16","isLinked":false},"content_width":"full","flex_gap":{"column":"0","row":"0","isLinked":true,"unit":"px","size":0},"padding":{"unit":"px","top":"16","right":"16","bottom":"16","left":"16","isLinked":true},"background_background":"classic","background_color":"#FFFFFF"},"elements":[{"id":"4bebdd84","settings":{"width_mobile":{"unit":"%","size":0,"sizes":[]},"text":"Divider","color":"#00000000","weight":{"unit":"px","size":15,"sizes":[]},"gap_mobile":{"unit":"px","size":0,"sizes":[]},"_margin_mobile":{"unit":"px","top":"0","right":"-16","bottom":"0","left":"-16","isLinked":false},"_border_radius_mobile":{"unit":"px","top":"16","right":"16","bottom":"0","left":"0","isLinked":false},"_box_shadow_box_shadow_type":"yes","_box_shadow_box_shadow":{"horizontal":0,"vertical":-4,"blur":4,"spread":0,"color":"rgba(0, 0, 0, 0.08)"},"hide_desktop":"hidden-desktop","hide_tablet":"hidden-tablet","gap":{"unit":"px","size":0,"sizes":[]}},"elements":[],"isInner":false,"widgetType":"divider","elType":"widget"},{"id":"fb80645","settings":{"producy_deals_type":"countdown","product_deals_type":"countdown","product_deal_bg_image":{"url":"","id":"","size":"","alt":"","source":"library"},"_margin":{"unit":"px","top":"0","right":"0","bottom":"10","left":"0","isLinked":false}},"elements":[],"isInner":false,"widgetType":"motta-wc-product-badge","elType":"widget"},{"id":"6c7a650","settings":{"typography_typography":"custom","_margin":{"unit":"px","top":"0","right":"0","bottom":"10","left":"0","isLinked":false}},"elements":[],"isInner":false,"widgetType":"motta-wc-product-title","elType":"widget"},{"id":"cfd7ab5","settings":{"content_position":"middle","margin":{"unit":"px","top":"10","right":"0","bottom":"25","left":"0","isLinked":false},"flex_direction":"row","flex_align_items":"stretch","flex_gap":{"size":10,"column":"10","row":"10","unit":"px"},"content_width":"full","flex_wrap_tablet":"wrap","padding":{"unit":"px","top":"0","right":"0","bottom":"0","left":"0","isLinked":true}},"elements":[{"id":"149a19cc","settings":{"category_caption":"in","product_taxonomy":"product_brand","category_typography_typography":"custom","caption_typography_typography":"custom","_element_width":"auto","category_color":"#1D2128","category_typography_font_size":{"unit":"px","size":14,"sizes":[]},"caption_color":"#7C818B","category_typography_line_height":{"unit":"em","size":1,"sizes":[]},"_margin":{"unit":"px","top":"0","right":"20","bottom":"0","left":"0","isLinked":false},"_padding":{"unit":"px","top":"0","right":"20","bottom":"0","left":"0","isLinked":false},"_border_border":"solid","_border_width":{"unit":"px","top":"0","right":"1","bottom":"0","left":"0","isLinked":false},"_border_color":"#ECF0F4"},"elements":[],"isInner":false,"widgetType":"motta-wc-product-category","elType":"widget"},{"id":"6d6ed909","settings":{"_margin":{"unit":"px","top":"0","right":"20","bottom":"0","left":"0","isLinked":false},"_padding":{"unit":"px","top":"0","right":"20","bottom":"0","left":"0","isLinked":false},"_element_width":"auto","_border_border":"solid","_border_width":{"unit":"px","top":"0","right":"1","bottom":"0","left":"0","isLinked":false},"_border_color":"#ECF0F4","category_color":"#1D2128","category_typography_typography":"custom","category_typography_font_size":{"unit":"px","size":14,"sizes":[]},"category_typography_line_height":{"unit":"em","size":1,"sizes":[]},"caption_color":"#7C818B","caption_typography_typography":"custom","caption_typography_font_size":{"unit":"px","size":14,"sizes":[]}},"elements":[],"isInner":false,"widgetType":"motta-wc-product-sku","elType":"widget"},{"id":"62b76e30","settings":{"_element_width":"auto","_border_width":{"unit":"px","top":"0","right":"0","bottom":"0","left":"1","isLinked":false},"_border_color":"#ECF0F4","text_typography_typography":"custom"},"elements":[],"isInner":false,"widgetType":"motta-wc-product-rating","elType":"widget"}],"isInner":true,"elType":"container"},{"id":"731fb32b","settings":{"content_position":"space-between","padding":{"unit":"px","top":"20","right":"0","bottom":"15","left":"0","isLinked":false},"border_border":"solid","border_width":{"unit":"px","top":"0","right":"0","bottom":"1","left":"0","isLinked":false},"border_color":"#ECF0F4","margin":{"unit":"px","top":"0","right":0,"bottom":"15","left":0,"isLinked":false},"flex_direction":"row","flex_align_items":"stretch","flex_gap":{"size":10,"column":"10","row":"10","unit":"px"},"content_width":"full"},"elements":[{"id":"7f1afcd2","settings":{"_column_size":100,"width":{"size":null,"unit":"%"},"padding":{"unit":"px","top":"0","right":"0","bottom":"0","left":"0","isLinked":true},"flex_justify_content":"space-between","align":"space-between","content_width":"full","flex_direction":"row","flex_align_items":"flex-end"},"elements":[{"id":"224ec948","settings":{"text_align":"left","typography_typography":"custom","sale_price_typography_typography":"custom","price_block":"yes","_element_width":"auto"},"elements":[],"isInner":false,"widgetType":"motta-wc-product-price","elType":"widget"},{"id":"228a0b8d","settings":{"_element_width":"auto","text_typography_typography":"custom"},"elements":[],"isInner":false,"widgetType":"motta-wc-product-stock","elType":"widget"}],"isInner":true,"elType":"container"}],"isInner":true,"elType":"container"},{"id":"7a091fb3","settings":{"buy_now_button_border_border":"solid","button_width":{"unit":"%","size":"","sizes":[]},"button_width_tablet":{"unit":"%","size":"","sizes":[]},"button_width_mobile":{"unit":"%","size":"","sizes":[]},"buy_now_button_width_tablet":{"unit":"%","size":"","sizes":[]},"buy_now_button_width_mobile":{"unit":"%","size":"","sizes":[]},"quantity_border_color_focus":"#686262","quantity_typography_typography":"custom","variations_width":{"unit":"%","size":100,"sizes":[]},"heading_variations_color_width":{"unit":"px","size":82,"sizes":[]},"heading_variations_color_height":{"unit":"px","size":80,"sizes":[]},"variations_spacing":{"unit":"px","size":20,"sizes":[]}},"elements":[],"isInner":false,"widgetType":"motta-wc-product-add-to-cart","elType":"widget"},{"id":"5ff8a3b7","settings":{"structure":"20","content_position":"middle","padding":{"unit":"px","top":"25","right":"0","bottom":"0","left":"0","isLinked":false},"hide_mobile":"hidden-mobile","flex_direction":"row","flex_align_items":"stretch","flex_gap":{"size":10,"column":"10","row":"10","unit":"px"},"content_width":"full"},"elements":[{"id":"3d7edfcb","settings":{"_column_size":50,"width":{"size":null,"unit":"%"},"padding":{"unit":"px","top":"0","right":"0","bottom":"0","left":"0","isLinked":true},"content_width":"full"},"elements":[{"id":"8ca7356","settings":{"align":"center","text_typography_typography":"custom"},"elements":[],"isInner":false,"widgetType":"motta-wc-product-compare","elType":"widget"}],"isInner":true,"elType":"container"},{"id":"10184d91","settings":{"_column_size":50,"width":{"size":null,"unit":"%"},"padding":{"unit":"px","top":"0","right":"0","bottom":"0","left":"0","isLinked":true},"content_width":"full"},"elements":[{"id":"717e05d","settings":{"product_add_to_wishlist":"Compare","text_typography_typography":"custom","align":"center"},"elements":[],"isInner":false,"widgetType":"motta-wc-product-wishlist","elType":"widget"}],"isInner":true,"elType":"container"}],"isInner":true,"elType":"container"},{"id":"5de961f2","settings":{"_margin":{"unit":"px","top":"20","right":"0","bottom":"0","left":"0","isLinked":false}},"elements":[],"isInner":false,"widgetType":"motta-wc-product-vendor-info","elType":"widget"},{"id":"14c9dc1a","settings":{"icons":[{"title":"Free Shipping & Returns on this item","_id":"6cfc366","primary_button_text":"See More","primary_button_link":{"url":"#","is_external":"","nofollow":"","custom_attributes":""},"icon":{"value":{"url":"https:\/\/motta.uix.store\/wp-content\/uploads\/2024\/03\/truck.svg","id":22196},"library":"svg"},"button_text":"See More","button_link":{"url":"#","is_external":"","nofollow":"","custom_attributes":""},"image":{"url":"https:\/\/motta.uix.store\/wp-content\/uploads\/2024\/03\/homev3-motherkids.jpg","id":22113,"size":"","alt":"","source":"library"}},{"title":"Delivery within 3-5 working days","_id":"aef8e39","primary_button_text":"See Detail","primary_button_link":{"url":"#","is_external":"","nofollow":"","custom_attributes":""},"icon":{"value":{"url":"https:\/\/motta.uix.store\/wp-content\/uploads\/2024\/03\/box.svg","id":22197},"library":"svg"},"button_text":"See Details","button_link":{"url":"http:\/\/localhost:3000:3000:3000\/dev\/motta\/wp-admin","is_external":"","nofollow":"","custom_attributes":""}}],"primary_button_options":"yes","title_size":"h1","button_typography_font_size":{"unit":"px","size":1,"sizes":[]},"_margin_mobile":{"unit":"px","top":"24","right":"-16","bottom":"0","left":"-16","isLinked":false},"content_item_border_border":"solid","content_item_border_width_mobile":{"unit":"px","top":"4","right":"0","bottom":"0","left":"0","isLinked":false},"_margin":{"unit":"px","top":"24","right":"0","bottom":"0","left":"0","isLinked":false},"content_padding":{"unit":"px","top":"13","right":"19","bottom":"13","left":"019","isLinked":false}},"elements":[],"isInner":false,"widgetType":"motta-icon-box-list","elType":"widget"}],"isInner":true,"elType":"container"}],"isInner":false,"elType":"container"},{"id":"5814ee38","settings":{"margin":{"unit":"px","top":"50","right":0,"bottom":"0","left":0,"isLinked":false},"margin_mobile":{"unit":"px","top":"0","right":0,"bottom":"0","left":0,"isLinked":true},"flex_direction":"row","flex_align_items":"stretch","flex_gap":{"size":10,"column":"10","row":"10","unit":"px"},"boxed_width":{"unit":"px","size":1172,"sizes":[]},"padding":{"unit":"px","top":"0","right":"0","bottom":"0","left":"0","isLinked":true}},"elements":[{"id":"2dd91680","settings":{"_column_size":100,"width":{"size":null,"unit":"%"},"padding_mobile":{"unit":"px","top":"0","right":"16","bottom":"0","left":"16","isLinked":false},"content_width":"full","padding":{"unit":"px","top":"16","right":"16","bottom":"16","left":"16","isLinked":true}},"elements":[{"id":"2a7cb40f","settings":{"tab_typography_typography":"custom","panel_border_width":{"unit":"px","top":"1","right":"1","bottom":"1","left":"1","isLinked":true},"panel_box_shadow_box_shadow":{"horizontal":-8,"vertical":0,"blur":10,"spread":0,"color":"rgba(0,0,0,0.5)"},"tab_padding_mobile":{"unit":"px","top":"20","right":"0","bottom":"16","left":"0","isLinked":false}},"elements":[],"isInner":false,"widgetType":"motta-wc-product-data-tabs","elType":"widget"}],"isInner":true,"elType":"container"}],"isInner":false,"elType":"container"},{"id":"3aafdefc","settings":{"margin":{"unit":"px","top":"40","right":0,"bottom":"60","left":0,"isLinked":false},"margin_mobile":{"unit":"px","top":"20","right":"0","bottom":"0","left":"0","isLinked":false},"flex_direction":"row","flex_align_items":"stretch","flex_gap":{"size":10,"column":"10","row":"10","unit":"px"},"boxed_width":{"unit":"px","size":1172,"sizes":[]},"padding":{"unit":"px","top":"0","right":"0","bottom":"0","left":"0","isLinked":true}},"elements":[{"id":"40fc33c","settings":{"_column_size":100,"width":{"size":null,"unit":"%"},"padding_mobile":{"unit":"px","top":"0","right":"16","bottom":"16","left":"16","isLinked":false},"content_width":"full","padding":{"unit":"px","top":"0","right":"16","bottom":"16","left":"16","isLinked":false}},"elements":[{"id":"2b99946d","settings":{"posts_per_page":10,"autoplay":"","heading":"Similar Products","sliders_arrow_style":"yes","sliders_arrows_width":{"unit":"px","size":"","sizes":[]},"sliders_dots_style":"yes","slides_to_show_tablet":"3","navigation_tablet":"dots","navigation_mobile":"dots"},"elements":[],"isInner":false,"widgetType":"motta-wc-product-related","elType":"widget"}],"isInner":true,"elType":"container"}],"isInner":false,"elType":"container"}],"page_settings":{"enable_builder":"yes"},"version":"0.4","title":"Product v1","type":"page"}