{"content":[{"id":"a631396","settings":{"content_position":"middle","structure":"22","flex_direction":"row","flex_align_items":"stretch","flex_gap":{"size":0,"column":"0","row":"0","unit":"px"},"boxed_width":{"unit":"px","size":1172,"sizes":[]},"width":{"unit":"px","size":"","sizes":[]},"boxed_width_tablet":{"unit":"%","size":"","sizes":[]},"boxed_width_mobile":{"unit":"%","size":"","sizes":[]},"padding":{"unit":"px","top":"0","right":"0","bottom":"0","left":"0","isLinked":true},"presetTitle":"Container","presetIcon":"eicon-container","hide_mobile":"hidden-mobile"},"elements":[{"id":"191aae88","settings":{"_column_size":66,"width":{"size":82,"unit":"%"},"content_width":"full","flex_gap":{"column":"16","row":"16","isLinked":true,"unit":"px","size":16},"padding":{"unit":"px","top":"16","right":"16","bottom":"16","left":"16","isLinked":true}},"elements":[{"id":"7ec9e3b7","settings":{"icon":{"value":"","library":""},"text_typography_font_size":{"unit":"px","size":20,"sizes":[]},"text_color":"#080808"},"elements":[],"isInner":false,"widgetType":"motta-wc-breadcrumb","elType":"widget"}],"isInner":true,"elType":"container"},{"id":"dfa5694","settings":{"_column_size":33,"width":{"size":18,"unit":"%"},"align":"flex-end","hide_mobile":"hidden-mobile","content_width":"full","flex_direction":"row","flex_justify_content":"flex-end","flex_gap":{"column":"18","row":"18","isLinked":true,"unit":"px","size":18},"padding":{"unit":"px","top":"16","right":"16","bottom":"16","left":"16","isLinked":true}},"elements":[{"id":"3d7f0ffe","settings":{"social_icon_list":[{"title":"Facebook","_id":"461e5ed","social_icon":{"value":{"url":"http:\/\/localhost\/dev\/motta\/wp-content\/uploads\/sites\/12\/2023\/12\/close.svg","id":21912},"library":"svg"}},{"network":"twitter","title":"Twitter","_id":"f4eae34"},{"network":"pinterest","title":"Pinterest","_id":"71c0318"}],"shape":"circle","title":"Share","copy_link":"none","typography_typography":"custom","_element_width":"auto"},"elements":[],"isInner":false,"widgetType":"motta-wc-share-socials","elType":"widget"},{"id":"489b5a25","settings":{"title":"Print","_element_width":"auto","typography_typography":"custom"},"elements":[],"isInner":false,"widgetType":"motta-wc-share-print","elType":"widget"}],"isInner":true,"elType":"container"}],"isInner":false,"elType":"container"},{"id":"246861e4","settings":{"container_type":"grid","grid_columns_grid":{"unit":"custom","size":"68% 32%"},"grid_rows_grid":{"unit":"fr","size":1},"grid_rows_grid_mobile":{"unit":"custom","size":"1"},"grid_columns_grid_tablet":{"unit":"custom","size":"100% 100%","sizes":[]},"grid_columns_grid_mobile":{"unit":"custom","size":1,"sizes":[]},"boxed_width":{"unit":"px","size":1172,"sizes":[]},"grid_rows_grid_tablet":{"unit":"custom","size":"1fr","sizes":[]},"grid_gaps":{"column":"0","row":"0","isLinked":true,"unit":"px"},"grid_auto_flow_tablet":"column","padding":{"unit":"px","top":"0","right":"0","bottom":"0","left":"0","isLinked":true},"background_background":"classic"},"elements":[{"id":"6af5c6b3","settings":{"custom_css":"selector{grid-column: 1}","padding":{"unit":"px","top":"16","right":"16","bottom":"16","left":"16","isLinked":true}},"elements":[{"id":"5c43127e","settings":{"spacing_featured_icons_thumbs":{"unit":"px","size":133,"sizes":[]},"thumbnails_position":"left","featured_icons_direction":"horizontal"},"elements":[],"isInner":false,"widgetType":"motta-wc-product-images","elType":"widget"}],"isInner":true,"elType":"container"},{"id":"2fdcbff","settings":{"custom_css":"selector{ grid-column: 2; grid-row: 1 \/ span 2; }\n\n@media (max-width: 1024px)\n{\n    selector{\n        grid-column: 1;grid-row:2;\n    }\n}","padding":{"unit":"px","top":"16","right":"16","bottom":"16","left":"16","isLinked":true},"flex_gap":{"column":"0","row":"16","isLinked":false,"unit":"px","size":0},"flex_gap_tablet":{"column":"0","row":"0","isLinked":true,"unit":"px","size":0},"padding_tablet":{"unit":"px","top":"0","right":"0","bottom":"0","left":"0","isLinked":true},"background_background":"classic","background_color":"#FFFFFF"},"elements":[{"id":"2fc84472","settings":{"flex_gap":{"column":"0","row":"0","isLinked":true,"unit":"px","size":0},"box_shadow_box_shadow_type":"yes","box_shadow_box_shadow":{"horizontal":0,"vertical":2,"blur":6,"spread":0,"color":"rgba(0, 0, 0, 0.16)"},"padding":{"unit":"px","top":"20","right":"20","bottom":"20","left":"20","isLinked":true},"padding_tablet":{"unit":"px","top":"16","right":"16","bottom":"16","left":"16","isLinked":true},"custom_css":"@media (max-width: 1024px) {.elementor-page selector {\n        box-shadow: none;\n    }\n}","z_index_mobile":10},"elements":[{"id":"270c2b5","settings":{"width_mobile":{"unit":"%","size":0,"sizes":[]},"text":"Divider","color":"#00000000","weight":{"unit":"px","size":15,"sizes":[]},"gap_mobile":{"unit":"px","size":0,"sizes":[]},"_margin_mobile":{"unit":"px","top":"0","right":"-16","bottom":"0","left":"-16","isLinked":false},"_border_radius_mobile":{"unit":"px","top":"16","right":"16","bottom":"0","left":"0","isLinked":false},"_box_shadow_box_shadow_type":"yes","_box_shadow_box_shadow":{"horizontal":0,"vertical":-4,"blur":4,"spread":0,"color":"rgba(0, 0, 0, 0.08)"},"hide_desktop":"hidden-desktop","hide_tablet":"hidden-tablet","gap":{"unit":"px","size":0,"sizes":[]}},"elements":[],"isInner":false,"widgetType":"divider","elType":"widget"},{"id":"65e21069","settings":{"producy_deals_type":"countdown","product_deals_type":"countdown","product_deal_bg_image":{"url":"","id":"","size":"","alt":"","source":"library"},"_margin":{"unit":"px","top":"0","right":"0","bottom":"15","left":"0","isLinked":false},"product_deal_type":"countdown"},"elements":[],"isInner":false,"widgetType":"motta-wc-product-badge","elType":"widget"},{"id":"1c9c346c","settings":{"category_typography_typography":"custom","caption_typography_typography":"custom","_element_width":"auto","category_color":"#1D2128","category_typography_font_size":{"unit":"px","size":14,"sizes":[]},"caption_color":"#7C818B","category_typography_line_height":{"unit":"em","size":1,"sizes":[]},"_padding":{"unit":"px","top":"0","right":"0","bottom":"15","left":"0","isLinked":false},"_border_width":{"unit":"px","top":"0","right":"1","bottom":"0","left":"0","isLinked":false},"_border_color":"#ECF0F4"},"elements":[],"isInner":false,"widgetType":"motta-wc-product-category","elType":"widget"},{"id":"40dbbfcc","settings":{"typography_typography":"custom","_margin":{"unit":"px","top":"0","right":"0","bottom":"15","left":"0","isLinked":false},"header_size":"h2","typography_font_size":{"unit":"px","size":18,"sizes":[]},"typography_line_height":{"unit":"px","size":24,"sizes":[]}},"elements":[],"isInner":false,"widgetType":"motta-wc-product-title","elType":"widget"},{"id":"86a7989","settings":{"_element_width":"auto","_border_width":{"unit":"px","top":"0","right":"0","bottom":"0","left":"1","isLinked":false},"_border_color":"#ECF0F4","text_typography_typography":"custom","_margin":{"unit":"px","top":"0","right":"0","bottom":"25","left":"0","isLinked":false}},"elements":[],"isInner":false,"widgetType":"motta-wc-product-rating","elType":"widget"},{"id":"712ca138","settings":{"_column_size":100,"width":{"size":null,"unit":"%"},"padding":{"unit":"px","top":"0","right":"0","bottom":"0","left":"0","isLinked":true},"flex_justify_content":"space-between","align":"space-between","content_width":"full","flex_direction":"row","flex_align_items":"flex-end"},"elements":[{"id":"11d297d7","settings":{"text_align":"left","typography_typography":"custom","sale_price_typography_typography":"custom","price_block":"yes","_element_width":"auto","typography_font_size":{"unit":"px","size":24,"sizes":[]}},"elements":[],"isInner":false,"widgetType":"motta-wc-product-price","elType":"widget"},{"id":"2cc95b4a","settings":{"text_typography_typography":"custom"},"elements":[],"isInner":false,"widgetType":"motta-wc-product-stock","elType":"widget"}],"isInner":true,"elType":"container"},{"id":"2d90b9a0","settings":{"border_border":"solid","border_width":{"unit":"px","top":"1","right":"0","bottom":"0","left":"0","isLinked":false},"border_color":"#ECF0F4","margin":{"unit":"px","top":"20","right":"0","bottom":"0","left":"0","isLinked":false},"padding":{"unit":"px","top":"20","right":"0","bottom":"0","left":"0","isLinked":false}},"elements":[{"id":"93c0686","settings":{"button_width":{"unit":"%","size":"","sizes":[]},"button_width_tablet":{"unit":"%","size":"","sizes":[]},"button_width_mobile":{"unit":"%","size":"","sizes":[]},"buy_now_button_width_tablet":{"unit":"%","size":"","sizes":[]},"buy_now_button_width_mobile":{"unit":"%","size":"","sizes":[]},"quantity_border_color_focus":"#686262","quantity_typography_typography":"custom","variations_width":{"unit":"%","size":100,"sizes":[]},"heading_variations_color_width":{"unit":"px","size":82,"sizes":[]},"heading_variations_color_height":{"unit":"px","size":80,"sizes":[]},"quantity_height":{"unit":"px","size":44,"sizes":[]},"quantity_width":{"unit":"px","size":40,"sizes":[]},"quantity_icon_padding":{"unit":"px","top":"0","right":"8","bottom":"0","left":"8","isLinked":false},"enable_quantity_label":"yes","quantity_label_typography_typography":"custom","button_height":{"unit":"px","size":44,"sizes":[]},"buy_now_button_height":{"unit":"px","size":44,"sizes":[]}},"elements":[],"isInner":false,"widgetType":"motta-wc-product-add-to-cart","elType":"widget"}],"isInner":true,"elType":"container"},{"id":"2b70672c","settings":{"structure":"20","content_position":"middle","padding":{"unit":"px","top":"25","right":"0","bottom":"0","left":"0","isLinked":false},"hide_mobile":"hidden-mobile","flex_direction":"row","flex_align_items":"stretch","flex_gap":{"size":30,"column":"30","row":"20","unit":"px"},"content_width":"full","flex_justify_content":"center"},"elements":[{"id":"13f2b711","settings":{"align":"center","text_typography_typography":"custom"},"elements":[],"isInner":false,"widgetType":"motta-wc-product-compare","elType":"widget"},{"id":"5374174a","settings":{"product_add_to_wishlist":"Compare","text_typography_typography":"custom","align":"center"},"elements":[],"isInner":false,"widgetType":"motta-wc-product-wishlist","elType":"widget"}],"isInner":true,"elType":"container"}],"isInner":true,"elType":"container"},{"id":"724efb1a","settings":{"box_shadow_box_shadow_type":"yes","box_shadow_box_shadow":{"horizontal":0,"vertical":2,"blur":6,"spread":0,"color":"rgba(0, 0, 0, 0.16)"},"padding":{"unit":"px","top":"20","right":"20","bottom":"20","left":"20","isLinked":true},"custom_css":"@media (max-width: 1024px) {.elementor-page selector {\n        box-shadow: none;\n    }\n}","boxed_width_tablet":{"unit":"vw","size":100,"sizes":[]},"boxed_width_mobile":{"unit":"%","size":"","sizes":[]},"margin":{"unit":"px","top":"0","right":"0","bottom":"0","left":"0","isLinked":false},"border_border":"solid","border_width_tablet":{"unit":"px","top":"4","right":"0","bottom":"0","left":"0","isLinked":false},"border_color":"#ECF0F4","padding_tablet":{"unit":"px","top":"16","right":"16","bottom":"16","left":"16","isLinked":false},"border_width":{"unit":"px","top":"0","right":"0","bottom":"0","left":"0","isLinked":true}},"elements":[{"id":"4cca40dc","settings":{"icons":[{"title":"Free Shipping on this item","_id":"6cfc366","primary_button_text":"See More","primary_button_link":{"url":"#","is_external":"","nofollow":"","custom_attributes":""},"icon":{"value":{"url":"https:\/\/motta.uix.store\/wp-content\/uploads\/2024\/03\/truck.svg","id":22196},"library":"svg"},"image":{"url":"","id":22113,"size":"","alt":"","source":"library"},"button_text":"Details","button_link":{"url":"#","is_external":"","nofollow":"","custom_attributes":""},"item_icon_background_color":"#0D963617","item_icon_color":"#0D9636"},{"title":"Delivery within 3-5 working days","_id":"aef8e39","primary_button_text":"See Detail","primary_button_link":{"url":"#","is_external":"","nofollow":"","custom_attributes":""},"icon":{"value":{"url":"https:\/\/motta.uix.store\/wp-content\/uploads\/2024\/03\/box.svg","id":22197},"library":"svg"},"button_text":"Details","button_link":{"url":"#","is_external":"","nofollow":"","custom_attributes":""},"item_icon_background_color":"#FF614217","item_icon_color":"#FF6142","item_icon_border_color":"#02010100"},{"title":"Money Back Guarantee","primary_button_text":"See Detail","primary_button_link":{"url":"#","is_external":"","nofollow":"","custom_attributes":""},"icon":{"value":{"url":"https:\/\/motta.uix.store\/wp-content\/uploads\/2024\/03\/money.svg","id":23176},"library":"svg"},"_id":"0fe6d87","button_text":"Details","button_link":{"url":"#","is_external":"","nofollow":"","custom_attributes":""},"item_icon_background_color":"#1578FF17","item_icon_color":"#1578FF"}],"primary_button_options":"yes","title_size":"h1","button_typography_font_size":{"unit":"px","size":1,"sizes":[]},"content_item_border_border":"none","content_item_border_width_mobile":{"unit":"px","top":"4","right":"0","bottom":"4","left":"0","isLinked":false},"icon_padding":{"unit":"px","top":"8","right":"8","bottom":"8","left":"8","isLinked":true},"icon_border_border":"solid","icon_border_width":{"unit":"px","top":"1","right":"1","bottom":"1","left":"1","isLinked":true},"icon_border_color":"#ECF0F4","icon_border_radius":{"unit":"%","top":"100","right":"100","bottom":"100","left":"100","isLinked":true},"_border_width":{"unit":"px","top":"0","right":"0","bottom":"0","left":"0","isLinked":false},"_border_color":"#ECF0F4","_border_width_tablet":{"unit":"px","top":"4","right":"0","bottom":"0","left":"0","isLinked":false},"content_padding":{"unit":"px","top":"0","right":"0","bottom":"0","left":"0","isLinked":true}},"elements":[],"isInner":false,"widgetType":"motta-icon-box-list","elType":"widget"}],"isInner":true,"elType":"container"},{"id":"6e951dc5","settings":{"box_shadow_box_shadow":{"horizontal":0,"vertical":2,"blur":6,"spread":0,"color":"rgba(0, 0, 0, 0.16)"},"padding":{"unit":"px","top":"10","right":"20","bottom":"10","left":"20","isLinked":false},"custom_css":"@media (max-width: 1024px) {.elementor-page selector {\n        box-shadow: none;\n    }\n}","boxed_width_tablet":{"unit":"vw","size":100,"sizes":[]},"boxed_width_mobile":{"unit":"%","size":"","sizes":[]},"margin":{"unit":"px","top":"0","right":"0","bottom":"0","left":"0","isLinked":false},"border_width_tablet":{"unit":"px","top":"4","right":"0","bottom":"0","left":"0","isLinked":false},"border_color":"#ECF0F4","padding_tablet":{"unit":"px","top":"16","right":"16","bottom":"16","left":"16","isLinked":true},"border_width":{"unit":"px","top":"0","right":"0","bottom":"0","left":"0","isLinked":true},"box_shadow_box_shadow_type":"yes","border_border":"solid","padding_mobile":{"unit":"px","top":"10","right":"16","bottom":"16","left":"16","isLinked":false}},"elements":[{"id":"e6171c8","settings":{"vendor_info_padding":{"unit":"px","top":"0","right":"0","bottom":"0","left":"0","isLinked":true},"vendor_info_box_shadow_box_shadow_type":"yes","vendor_info_box_shadow_box_shadow":{"horizontal":0,"vertical":0,"blur":0,"spread":0,"color":"rgba(0,0,0,0.5)"},"vendor_info_spacing":{"unit":"px","size":0,"sizes":[]}},"elements":[],"isInner":false,"widgetType":"motta-wc-product-vendor-info","elType":"widget"}],"isInner":true,"elType":"container"},{"id":"6082138","settings":{"box_shadow_box_shadow_type":"yes","box_shadow_box_shadow":{"horizontal":0,"vertical":2,"blur":6,"spread":0,"color":"rgba(0, 0, 0, 0.16)"},"padding":{"unit":"px","top":"0","right":"0","bottom":"0","left":"0","isLinked":true},"custom_css":"@media (max-width: 1024px) {.elementor-page selector {\n        box-shadow: none;\n    }\n}","boxed_width_mobile":{"unit":"vw","size":"","sizes":[]},"margin_tablet":{"unit":"px","top":"0","right":"-16","bottom":"0","left":"-1","isLinked":false}},"elements":[{"id":"37efe634","settings":{"title":"People Also Viewed","taxonomy_condition":"single","product_tag":"","product_brand":"","product_outofstock":"","products_list_padding":{"unit":"px","top":"16","right":"16","bottom":"16","left":"16","isLinked":true},"products_list_border_border":"solid","products_list_border_width":{"unit":"px","top":"0","right":"0","bottom":"0","left":"0","isLinked":true},"products_list_border_width_tablet":{"unit":"px","top":"4","right":"0","bottom":"4","left":"0","isLinked":false},"products_list_border_color":"#ECF0F4"},"elements":[],"isInner":false,"widgetType":"motta-wc-products-list","elType":"widget"}],"isInner":true,"elType":"container"}],"isInner":true,"elType":"container"},{"id":"61081989","settings":{"padding":{"unit":"px","top":"16","right":"16","bottom":"16","left":"16","isLinked":true},"custom_css":"selector{grid-column: 1}"},"elements":[{"id":"50189777","settings":{"_margin":{"unit":"px","top":"30","right":"0","bottom":"0","left":"0","isLinked":false},"_padding":{"unit":"px","top":"20","right":"0","bottom":"0","left":"0","isLinked":false},"_border_border":"solid","_border_width":{"unit":"px","top":"1","right":"0","bottom":"0","left":"0","isLinked":false},"_border_color":"#ECF0F4","title":"Overview","_margin_tablet":{"unit":"px","top":"0","right":"0","bottom":"0","left":"0","isLinked":true},"_padding_tablet":{"unit":"px","top":"10","right":"0","bottom":"0","left":"0","isLinked":false},"_border_width_tablet":{"unit":"px","top":"0","right":"0","bottom":"0","left":"0","isLinked":false}},"elements":[],"isInner":false,"widgetType":"motta-wc-product-content","elType":"widget"},{"id":"1a2c8483","settings":{"tab_typography_typography":"custom","panel_border_width":{"unit":"px","top":"1","right":"1","bottom":"1","left":"1","isLinked":true},"panel_box_shadow_box_shadow":{"horizontal":-8,"vertical":0,"blur":10,"spread":0,"color":"rgba(0,0,0,0.5)"},"tab_icon_border_radius":{"unit":"%","top":"100","right":"100","bottom":"100","left":"100","isLinked":true},"panel_text_color":"#D6C0C0","panel_bg_color":"#201C1C","panel_typography_typography":"custom","panel_typography_font_size":{"unit":"px","size":12,"sizes":[]},"layout":"toggle","tab_icon_color":"#7C818B","tab_icon_border_color":"#DADFE3","tab_icon_padding":{"unit":"px","top":"8","right":"8","bottom":"8","left":"8","isLinked":true},"tab_icon_size":{"unit":"px","size":11,"sizes":[]},"product_reviews":"","_border_width":{"unit":"px","top":"1","right":"0","bottom":"0","left":"0","isLinked":false},"_border_color":"#ECF0F4","product_description":"","tab_padding_mobile":{"unit":"px","top":"18","right":"0","bottom":"16","left":"0","isLinked":false}},"elements":[],"isInner":false,"widgetType":"motta-wc-product-data-tabs","elType":"widget"},{"id":"99dca6c","settings":{"reviews_spacing":{"unit":"px","size":10,"sizes":[]},"content_padding":{"unit":"px","top":"0","right":"0","bottom":"0","left":"0","isLinked":true},"content_border_color":"#02010100","layout":"vertical","content_border_border":"none"},"elements":[],"isInner":false,"widgetType":"motta-wc-product-reviews","elType":"widget"}],"isInner":true,"elType":"container"}],"isInner":false,"elType":"container"},{"id":"4c854df9","settings":{"margin":{"unit":"px","top":"30","right":"0","bottom":"60","left":"0","isLinked":false},"margin_mobile":{"unit":"px","top":"30","right":0,"bottom":"0","left":0,"isLinked":false},"flex_direction":"row","flex_align_items":"stretch","flex_gap":{"size":10,"column":"10","row":"10","unit":"px"},"boxed_width":{"unit":"px","size":1172,"sizes":[]},"border_border":"solid","border_width":{"unit":"px","top":"1","right":"0","bottom":"0","left":"0","isLinked":false},"border_color":"#ECF0F4","padding":{"unit":"px","top":"30","right":"0","bottom":"0","left":"0","isLinked":false},"border_width_tablet":{"unit":"px","top":"4","right":"0","bottom":"0","left":"0","isLinked":false}},"elements":[{"id":"6acb9e0e","settings":{"_column_size":100,"width":{"size":null,"unit":"%"},"padding_mobile":{"unit":"px","top":"0","right":"16","bottom":"16","left":"16","isLinked":false},"content_width":"full","padding":{"unit":"px","top":"16","right":"16","bottom":"16","left":"16","isLinked":true}},"elements":[{"id":"48389ba5","settings":{"posts_per_page":10,"autoplay":"","heading":"Similar Products","sliders_arrow_style":"yes","sliders_arrows_width":{"unit":"px","size":"","sizes":[]},"sliders_dots_style":"yes","slides_to_show_tablet":"3","navigation_tablet":"dots","navigation_mobile":"dots","_border_width":{"unit":"px","top":"1","right":"0","bottom":"0","left":"0","isLinked":false},"_border_color":"#ECF0F4","_border_width_mobile":{"unit":"px","top":"0","right":"0","bottom":"0","left":"0","isLinked":true}},"elements":[],"isInner":false,"widgetType":"motta-wc-product-related","elType":"widget"}],"isInner":true,"elType":"container"}],"isInner":false,"elType":"container"}],"page_settings":{"builder_product_cats":"laptops-computers","hide_title":"","enable_builder":"yes","product_header_mobile":"","product_header_mobile_heading":"yes","product_fixed_gallery_mobile":""},"version":"0.4","title":"Product v6","type":"page"}