{"content":[{"id":"5387c5c6","settings":{"content_position":"middle","structure":"30","flex_direction":"row","flex_align_items":"stretch","flex_gap":{"size":0,"column":"0","row":"0","unit":"px"},"boxed_width":{"unit":"px","size":1172,"sizes":[]},"flex_wrap_tablet":"wrap","padding":{"unit":"px","top":"0","right":"0","bottom":"0","left":"0","isLinked":true},"hide_mobile":"hidden-mobile"},"elements":[{"id":"47126aca","settings":{"_column_size":33,"width":{"size":56.269,"unit":"%"},"width_tablet":{"size":68,"unit":"%"},"content_width":"full","padding":{"unit":"px","top":"16","right":"16","bottom":"16","left":"16","isLinked":true}},"elements":[{"id":"6a052457","settings":{"icon":{"value":"","library":""},"text_typography_font_size":{"unit":"px","size":20,"sizes":[]},"text_color":"#080808"},"elements":[],"isInner":false,"widgetType":"motta-wc-breadcrumb","elType":"widget"}],"isInner":true,"elType":"container"},{"id":"c231a72","settings":{"_column_size":33,"width":{"size":17.766,"unit":"%"},"align":"flex-end","hide_mobile":"hidden-mobile","width_tablet":{"size":32,"unit":"%"},"align_tablet":"flex-end","content_width":"full","flex_direction":"row","flex_justify_content":"flex-end","flex_gap":{"column":"18","row":"18","isLinked":true,"unit":"px","size":18},"padding":{"unit":"px","top":"16","right":"16","bottom":"16","left":"16","isLinked":true}},"elements":[{"id":"5e84be0e","settings":{"social_icon_list":[{"title":"Facebook","_id":"461e5ed","social_icon":{"value":{"url":"http:\/\/localhost:3000:3000:3000:3000:3000:3000:3000:3000:3000:3000:3000:3000:3000:3000:3000:3000:3000:3000:3000:3000:3000\/dev\/motta\/wp-content\/uploads\/sites\/12\/2023\/12\/close.svg","id":21912},"library":"svg"}},{"network":"twitter","title":"Twitter","_id":"f4eae34"},{"network":"pinterest","title":"Pinterest","_id":"71c0318"}],"shape":"circle","title":"Share","copy_link":"none","typography_typography":"custom","_element_width":"auto"},"elements":[],"isInner":false,"widgetType":"motta-wc-share-socials","elType":"widget"},{"id":"3d91cbb3","settings":{"title":"Print","_element_width":"auto","typography_typography":"custom"},"elements":[],"isInner":false,"widgetType":"motta-wc-share-print","elType":"widget"}],"isInner":true,"elType":"container"},{"id":"3a4f3f6d","settings":{"_column_size":33,"width":{"size":25.602,"unit":"%"},"width_tablet":{"size":100,"unit":"%"},"content_width":"full","padding":{"unit":"px","top":"16","right":"16","bottom":"16","left":"16","isLinked":true}},"elements":[],"isInner":true,"elType":"container"}],"isInner":false,"elType":"container"},{"id":"37c08b49","settings":{"structure":"30","flex_direction":"row","flex_align_items":"stretch","flex_gap":{"size":0,"column":"0","row":"0","unit":"px"},"boxed_width":{"unit":"px","size":1172,"sizes":[]},"flex_wrap_tablet":"wrap","padding":{"unit":"px","top":"0","right":"0","bottom":"0","left":"0","isLinked":true}},"elements":[{"id":"12d27e23","settings":{"_column_size":33,"width":{"size":41.837,"unit":"%"},"width_tablet":{"size":55,"unit":"%"},"content_width":"full","padding":{"unit":"px","top":"16","right":"16","bottom":"16","left":"16","isLinked":true}},"elements":[{"id":"7e8be7cd","settings":{"spacing_featured_icons_thumbs":{"unit":"px","size":133,"sizes":[]},"thumbnails_mobile":"label","thumbnails_per_view":4},"elements":[],"isInner":false,"widgetType":"motta-wc-product-images","elType":"widget"},{"id":"7a5a2d3d","settings":{"icons":[{"title":"Free Shipping on this item","_id":"6cfc366","primary_button_text":"See More","primary_button_link":{"url":"#","is_external":"","nofollow":"","custom_attributes":""},"icon":{"value":{"url":"https:\/\/motta.uix.store\/wp-content\/uploads\/2024\/03\/truck.svg","id":22196},"library":"svg"},"image":{"url":"http:\/\/localhost:3000:3000:3000:3000:3000:3000:3000:3000\/dev\/motta\/wp-content\/uploads\/sites\/12\/2024\/01\/homev3-motherkids.jpg","id":22113,"size":"","alt":"","source":"library"}},{"title":"Delivery within 3-5 working days","_id":"aef8e39","primary_button_text":"See Detail","primary_button_link":{"url":"#","is_external":"","nofollow":"","custom_attributes":""},"icon":{"value":{"url":"https:\/\/motta.uix.store\/wp-content\/uploads\/2024\/03\/box.svg","id":22197},"library":"svg"}},{"title":"Money Back Guarantee","primary_button_text":"See Detail","primary_button_link":{"url":"#","is_external":"","nofollow":"","custom_attributes":""},"icon":{"value":{"url":"https:\/\/motta.uix.store\/wp-content\/uploads\/2024\/03\/money.svg","id":23176},"library":"svg"},"_id":"0fe6d87"}],"primary_button_options":"yes","title_size":"h1","button_typography_font_size":{"unit":"px","size":1,"sizes":[]},"_margin_mobile":{"unit":"px","top":"24","right":"-16","bottom":"0","left":"-16","isLinked":false},"content_item_border_border":"solid","content_item_border_width_mobile":{"unit":"px","top":"4","right":"0","bottom":"4","left":"0","isLinked":false},"_margin":{"unit":"px","top":"40","right":"0","bottom":"0","left":"0","isLinked":false},"layout":"vertical","content_padding":{"unit":"px","top":"30","right":"30","bottom":"30","left":"30","isLinked":false},"icon_border_width":{"unit":"px","top":"1","right":"1","bottom":"1","left":"1","isLinked":true},"icon_border_color":"#ECF0F4","icon_border_radius":{"unit":"%","top":"","right":"","bottom":"","left":"","isLinked":true},"_border_width":{"unit":"px","top":"1","right":"0","bottom":"0","left":"0","isLinked":false},"_border_color":"#ECF0F4","content_item_border_width":{"unit":"px","top":"1","right":"1","bottom":"1","left":"1","isLinked":true},"content_item_border_color":"#ECF0F4","item_border_color":"#ECF0F4","content_border_radius":{"unit":"px","top":"2","right":"2","bottom":"2","left":"2","isLinked":true},"item_space_between":{"unit":"px","size":40,"sizes":[]},"_background_background":"classic","_background_color":"#FFFFFF"},"elements":[],"isInner":false,"widgetType":"motta-icon-box-list","elType":"widget"}],"isInner":true,"elType":"container"},{"id":"9e0b354","settings":{"_column_size":33,"width":{"size":31.868,"unit":"%"},"width_tablet":{"size":45,"unit":"%"},"content_width":"full","flex_gap":{"column":"0","row":"0","isLinked":true,"unit":"px","size":0},"padding":{"unit":"px","top":"16","right":"16","bottom":"16","left":"16","isLinked":true},"background_background":"classic","background_color":"#FFFFFF"},"elements":[{"id":"4b5bf252","settings":{"category_typography_typography":"custom","caption_typography_typography":"custom","category_color":"#1D2128","category_typography_font_size":{"unit":"px","size":14,"sizes":[]},"caption_color":"#7C818B","category_typography_line_height":{"unit":"em","size":1,"sizes":[]},"_margin":{"unit":"px","top":"0","right":"0","bottom":"10","left":"0","isLinked":false},"_border_width":{"unit":"px","top":"0","right":"1","bottom":"0","left":"0","isLinked":false},"_border_color":"#ECF0F4","category_typography_font_weight":"500"},"elements":[],"isInner":false,"widgetType":"motta-wc-product-category","elType":"widget"},{"id":"9551264","settings":{"typography_typography":"custom","_margin":{"unit":"px","top":"0","right":"0","bottom":"10","left":"0","isLinked":false},"typography_font_size":{"unit":"px","size":18,"sizes":[]},"typography_line_height":{"unit":"px","size":24,"sizes":[]}},"elements":[],"isInner":false,"widgetType":"motta-wc-product-title","elType":"widget"},{"id":"2835920a","settings":{"content_position":"middle","margin":{"unit":"px","top":"0","right":0,"bottom":"25","left":0,"isLinked":false},"border_border":"solid","border_width":{"unit":"px","top":"0","right":"0","bottom":"1","left":"0","isLinked":false},"border_color":"#ECF0F4","padding":{"unit":"px","top":"0","right":"0","bottom":"20","left":"0","isLinked":false},"flex_direction":"row","flex_align_items":"stretch","flex_gap":{"size":10,"column":"10","row":"10","unit":"px"},"content_width":"full"},"elements":[{"id":"3727ab01","settings":{"_column_size":100,"width":{"size":null,"unit":"%"},"padding":{"unit":"px","top":"0","right":"0","bottom":"0","left":"0","isLinked":true},"content_width":"full","flex_direction":"row","flex_align_items":"center","flex_gap":{"column":"0","row":"0","isLinked":true,"unit":"px","size":0}},"elements":[{"id":"3ece9f6c","settings":{"_element_width":"auto","_border_width":{"unit":"px","top":"0","right":"0","bottom":"0","left":"1","isLinked":false},"_border_color":"#ECF0F4","text_typography_typography":"custom"},"elements":[],"isInner":false,"widgetType":"motta-wc-product-rating","elType":"widget"},{"id":"1c96924","settings":{"_margin":{"unit":"px","top":"0","right":"0","bottom":"0","left":"20","isLinked":false},"_padding":{"unit":"px","top":"0","right":"0","bottom":"0","left":"20","isLinked":false},"_element_width":"auto","_border_border":"solid","_border_width":{"unit":"px","top":"0","right":"0","bottom":"0","left":"1","isLinked":false},"_border_color":"#ECF0F4","category_color":"#1D2128","category_typography_typography":"custom","category_typography_font_size":{"unit":"px","size":14,"sizes":[]},"category_typography_line_height":{"unit":"em","size":1,"sizes":[]},"caption_color":"#7C818B","caption_typography_typography":"custom","caption_typography_font_size":{"unit":"px","size":14,"sizes":[]}},"elements":[],"isInner":false,"widgetType":"motta-wc-product-sku","elType":"widget"}],"isInner":true,"elType":"container"}],"isInner":true,"elType":"container"},{"id":"6667a918","settings":{"content_position":"space-between","padding":{"unit":"px","top":"0","right":"0","bottom":"15","left":"0","isLinked":false},"border_border":"solid","border_width":{"unit":"px","top":"0","right":"0","bottom":"1","left":"0","isLinked":false},"border_color":"#ECF0F4","margin":{"unit":"px","top":"0","right":0,"bottom":"15","left":0,"isLinked":false},"flex_direction":"row","flex_align_items":"stretch","flex_gap":{"size":10,"column":"10","row":"10","unit":"px"},"content_width":"full"},"elements":[{"id":"7c77dddf","settings":{"_column_size":100,"width":{"size":null,"unit":"%"},"padding":{"unit":"px","top":"0","right":"0","bottom":"0","left":"0","isLinked":true},"flex_justify_content":"flex-end","align":"space-between","content_width":"full"},"elements":[{"id":"17752042","settings":{"text_align":"left","typography_typography":"custom","sale_price_typography_typography":"custom","price_block":"yes","_element_width":"auto"},"elements":[],"isInner":false,"widgetType":"motta-wc-product-price","elType":"widget"}],"isInner":true,"elType":"container"}],"isInner":true,"elType":"container"},{"id":"314f18d0","settings":{"content_position":"space-between","border_width":{"unit":"px","top":"0","right":"0","bottom":"1","left":"0","isLinked":false},"border_color":"#ECF0F4","margin":{"unit":"px","top":"","right":0,"bottom":"","left":0,"isLinked":true},"flex_direction":"row","flex_align_items":"stretch","flex_gap":{"size":10,"column":"10","row":"10","unit":"px"},"content_width":"full","padding":{"unit":"px","top":"0","right":"0","bottom":"0","left":"0","isLinked":true}},"elements":[{"id":"702230d3","settings":{"_column_size":100,"width":{"size":null,"unit":"%"},"padding":{"unit":"px","top":"0","right":"0","bottom":"0","left":"0","isLinked":true},"flex_justify_content":"flex-end","align":"space-between","content_width":"full"},"elements":[{"id":"215e4f35","settings":{"button_width":{"unit":"%","size":100,"sizes":[]},"button_width_tablet":{"unit":"%","size":"","sizes":[]},"button_width_mobile":{"unit":"%","size":"","sizes":[]},"buy_now_button_width_tablet":{"unit":"%","size":"","sizes":[]},"buy_now_button_width_mobile":{"unit":"%","size":"","sizes":[]},"quantity_border_color_focus":"#686262","quantity_typography_typography":"custom","variations_width":{"unit":"%","size":100,"sizes":[]},"heading_variations_color_width":{"unit":"px","size":82,"sizes":[]},"heading_variations_color_height":{"unit":"px","size":80,"sizes":[]},"product_stock":"yes","quantity_height":{"unit":"px","size":44,"sizes":[]},"quantity_width":{"unit":"px","size":40,"sizes":[]},"quantity_icon_padding":{"unit":"px","top":"0","right":"8","bottom":"0","left":"8","isLinked":false},"enable_quantity_label":"yes","quantity_label_typography_typography":"custom","buy_now_button_width":{"unit":"%","size":100,"sizes":[]},"buy_now_button_spacing_top":{"unit":"px","size":10,"sizes":[]},"buy_now_button_spacing_left":{"unit":"px","size":0,"sizes":[]},"button_height":{"unit":"px","size":44,"sizes":[]},"buy_now_button_height":{"unit":"px","size":44,"sizes":[]}},"elements":[],"isInner":false,"widgetType":"motta-wc-product-add-to-cart","elType":"widget"},{"id":"25ef6c5f","settings":{"structure":"20","content_position":"middle","padding":{"unit":"px","top":"25","right":"0","bottom":"0","left":"0","isLinked":false},"hide_mobile":"hidden-mobile","flex_direction":"row","flex_align_items":"stretch","flex_gap":{"size":10,"column":"10","row":"10","unit":"px"},"content_width":"full"},"elements":[{"id":"1c0a1487","settings":{"_column_size":50,"width":{"size":null,"unit":"%"},"padding":{"unit":"px","top":"0","right":"0","bottom":"0","left":"0","isLinked":true},"content_width":"full"},"elements":[{"id":"7b52f86a","settings":{"align":"center","text_typography_typography":"custom"},"elements":[],"isInner":false,"widgetType":"motta-wc-product-compare","elType":"widget"}],"isInner":true,"elType":"container"},{"id":"7c26f6b5","settings":{"_column_size":50,"width":{"size":null,"unit":"%"},"padding":{"unit":"px","top":"0","right":"0","bottom":"0","left":"0","isLinked":true},"content_width":"full"},"elements":[{"id":"1a6e1165","settings":{"product_add_to_wishlist":"Compare","text_typography_typography":"custom","align":"center"},"elements":[],"isInner":false,"widgetType":"motta-wc-product-wishlist","elType":"widget"}],"isInner":true,"elType":"container"}],"isInner":true,"elType":"container"},{"id":"703741b9","settings":{"padding":{"unit":"px","top":"0","right":"0","bottom":"0","left":"0","isLinked":true}},"elements":[{"id":"788185a3","settings":{"vendor_info_spacing":{"unit":"px","size":0,"sizes":[]}},"elements":[],"isInner":false,"widgetType":"motta-wc-product-vendor-info","elType":"widget"}],"isInner":true,"elType":"container"}],"isInner":true,"elType":"container"}],"isInner":true,"elType":"container"}],"isInner":true,"elType":"container"},{"id":"6ac340c8","settings":{"_column_size":33,"width":{"size":25.6,"unit":"%"},"width_tablet":{"size":100,"unit":"%"},"content_width":"full","flex_gap":{"column":"0","row":"0","isLinked":true,"unit":"px","size":0},"padding":{"unit":"px","top":"16","right":"16","bottom":"16","left":"16","isLinked":true}},"elements":[{"id":"5abbae7f","settings":{"title":"People Also Viewed","taxonomy_condition":"single","product_tag":"","product_brand":"","product_outofstock":"","_margin_mobile":{"unit":"px","top":"0","right":"-16","bottom":"0","left":"-16","isLinked":false},"products_list_border_border":"solid","products_list_border_width_mobile":{"unit":"px","top":"4","right":"0","bottom":"0","left":"0","isLinked":false},"title_typography_typography":"custom","_margin":{"unit":"px","top":"-40","right":"0","bottom":"0","left":"0","isLinked":false},"_margin_tablet":{"unit":"px","top":"0","right":"0","bottom":"0","left":"0","isLinked":true}},"elements":[],"isInner":false,"widgetType":"motta-wc-products-list","elType":"widget"}],"isInner":true,"elType":"container"}],"isInner":false,"elType":"container"},{"id":"7960769","settings":{"margin":{"unit":"px","top":"10","right":0,"bottom":"0","left":0,"isLinked":false},"margin_mobile":{"unit":"px","top":"0","right":0,"bottom":"0","left":0,"isLinked":true},"flex_direction":"row","flex_align_items":"stretch","flex_gap":{"size":0,"column":"0","row":"0","unit":"px","isLinked":true},"boxed_width":{"unit":"px","size":1172,"sizes":[]},"padding":{"unit":"px","top":"0","right":"0","bottom":"0","left":"0","isLinked":true}},"elements":[{"id":"7b27f676","settings":{"_column_size":100,"width":{"size":null,"unit":"%"},"padding_mobile":{"unit":"px","top":"0","right":"0","bottom":"0","left":"0","isLinked":true},"content_width":"full","padding":{"unit":"px","top":"16","right":"16","bottom":"16","left":"16","isLinked":true}},"elements":[{"id":"6b54d659","settings":{"tab_typography_typography":"custom","panel_border_width":{"unit":"px","top":"1","right":"1","bottom":"1","left":"1","isLinked":true},"panel_box_shadow_box_shadow":{"horizontal":-8,"vertical":0,"blur":10,"spread":0,"color":"rgba(0,0,0,0.5)"},"tab_icon_border_radius":{"unit":"%","top":"100","right":"100","bottom":"100","left":"100","isLinked":true},"panel_text_color":"#D6C0C0","panel_bg_color":"#201C1C","panel_typography_typography":"custom","panel_typography_font_size":{"unit":"px","size":12,"sizes":[]},"tab_icon_color":"#7C818B","tab_icon_border_color":"#DADFE3","tab_icon_padding":{"unit":"px","top":"8","right":"8","bottom":"8","left":"8","isLinked":true},"tab_icon_size":{"unit":"px","size":11,"sizes":[]}},"elements":[],"isInner":false,"widgetType":"motta-wc-product-data-tabs","elType":"widget"}],"isInner":true,"elType":"container"}],"isInner":false,"elType":"container"},{"id":"482638d6","settings":{"margin":{"unit":"px","top":"20","right":0,"bottom":"60","left":0,"isLinked":false},"margin_mobile":{"unit":"px","top":"30","right":0,"bottom":"0","left":0,"isLinked":false},"flex_direction":"row","flex_align_items":"stretch","flex_gap":{"size":10,"column":"10","row":"10","unit":"px"},"boxed_width":{"unit":"px","size":1172,"sizes":[]},"padding":{"unit":"px","top":"0","right":"0","bottom":"0","left":"0","isLinked":true}},"elements":[{"id":"5da0075f","settings":{"_column_size":100,"width":{"size":null,"unit":"%"},"padding_mobile":{"unit":"px","top":"0","right":"16","bottom":"16","left":"16","isLinked":false},"content_width":"full","padding":{"unit":"px","top":"16","right":"16","bottom":"16","left":"16","isLinked":true}},"elements":[{"id":"449c79a3","settings":{"posts_per_page":10,"autoplay":"","heading":"Similar Products","sliders_arrow_style":"yes","sliders_arrows_width":{"unit":"px","size":"","sizes":[]},"sliders_dots_style":"yes","slides_to_show_tablet":"3","navigation_tablet":"dots","navigation_mobile":"dots","_border_width":{"unit":"px","top":"1","right":"0","bottom":"0","left":"0","isLinked":false},"_border_color":"#ECF0F4","_border_width_mobile":{"unit":"px","top":"0","right":"0","bottom":"0","left":"0","isLinked":true},"heading_typography_typography":"custom"},"elements":[],"isInner":false,"widgetType":"motta-wc-product-related","elType":"widget"}],"isInner":true,"elType":"container"}],"isInner":false,"elType":"container"}],"page_settings":{"enable_builder":"","hide_title":""},"version":"0.4","title":"Product v4","type":"page"}