{"content":[{"id":"7d28b2e5","settings":{"margin":{"unit":"px","top":"","right":0,"bottom":"","left":0,"isLinked":true},"margin_mobile":{"unit":"px","top":"","right":0,"bottom":"","left":0,"isLinked":true},"padding":{"unit":"px","top":"48","right":"20","bottom":"30","left":"34","isLinked":false}},"elements":[{"id":"4fbc344d","settings":{"_column_size":100,"_inline_size":null,"_inline_size_tablet":33},"elements":[{"id":"507e649b","settings":{"icon":{"value":{"url":"https:\/\/motta.uix.store\/wp-content\/uploads\/2022\/07\/contact-fv4.svg","id":14218},"library":"svg"},"title":"Didn't find what you were looking for?","description":"","button":"Contact Us","position":"left","icon_spacing":{"unit":"px","size":12,"sizes":[]},"icon_size":{"unit":"px","size":30,"sizes":[]},"title_spacing":{"unit":"px","size":0,"sizes":[]},"position_tablet":"left","position_mobile":"left","title_size":"div","title_typography_typography":"custom","title_typography_font_size":{"unit":"px","size":13,"sizes":[]},"title_typography_font_weight":"500","button_underline":"show","image":{"id":7888,"url":"http:\/\/localhost:3000:3000\/dev\/motta\/wp-content\/uploads\/sites\/12\/2022\/07\/placeholder.png"},"primary_button_text":"Contact Us","primary_button_link":{"url":"https:\/\/motta.uix.store\/contact-us-v1\/","is_external":"","nofollow":"","custom_attributes":""},"_padding":{"unit":"px","top":"0","right":"0","bottom":"20","left":"0","isLinked":false},"primary_button_typography_typography":"custom","primary_button_typography_font_weight":"400"},"elements":[],"isInner":false,"widgetType":"motta-icon-box","elType":"widget"},{"id":"9cbb05b","settings":{"icon":{"value":{"url":"https:\/\/motta.uix.store\/wp-content\/uploads\/2022\/09\/help-fv4.svg","id":14157},"library":"svg"},"title":"How can we help you today?","description":"","button":"Help Center","position":"left","icon_spacing":{"unit":"px","size":12,"sizes":[]},"icon_size":{"unit":"px","size":30,"sizes":[]},"title_spacing":{"unit":"px","size":0,"sizes":[]},"position_tablet":"left","position_mobile":"left","title_size":"div","title_typography_typography":"custom","title_typography_font_size":{"unit":"px","size":13,"sizes":[]},"title_typography_font_weight":"500","button_underline":"show","image":{"id":7889,"url":"http:\/\/localhost:3000:3000\/dev\/motta\/wp-content\/uploads\/sites\/12\/2022\/07\/placeholder-1.png"},"primary_button_text":"Help Center","primary_button_link":{"url":"https:\/\/motta.uix.store\/help-center\/","is_external":"","nofollow":"","custom_attributes":""},"_padding":{"unit":"px","top":"0","right":"0","bottom":"20","left":"0","isLinked":false},"primary_button_typography_typography":"custom","primary_button_typography_font_weight":"400"},"elements":[],"isInner":false,"widgetType":"motta-icon-box","elType":"widget"},{"id":"7c53dfa","settings":{"icon":{"value":{"url":"https:\/\/motta.uix.store\/wp-content\/uploads\/2022\/07\/feedback-fv4.svg","id":14219},"library":"svg"},"title":"We\u2019d love to hear what you think!","description":"","button":"Give Feedback","position":"left","icon_spacing":{"unit":"px","size":12,"sizes":[]},"icon_size":{"unit":"px","size":30,"sizes":[]},"title_spacing":{"unit":"px","size":0,"sizes":[]},"position_tablet":"left","position_mobile":"left","title_size":"div","title_typography_typography":"custom","title_typography_font_size":{"unit":"px","size":13,"sizes":[]},"title_typography_font_weight":"500","button_underline":"show","image":{"id":7890,"url":"http:\/\/localhost:3000:3000\/dev\/motta\/wp-content\/uploads\/sites\/12\/2022\/07\/placeholder-2.png"},"primary_button_text":"Give Feedback","primary_button_link":{"url":"https:\/\/motta.uix.store\/feedback\/","is_external":"","nofollow":"","custom_attributes":""},"primary_button_typography_typography":"custom","primary_button_typography_font_weight":"400","_padding":{"unit":"px","top":"0","right":"0","bottom":"20","left":"0","isLinked":false}},"elements":[],"isInner":false,"widgetType":"motta-icon-box","elType":"widget"}],"isInner":false,"elType":"column"}],"isInner":false,"elType":"section"},{"id":"23ea9678","settings":{"border_width":{"unit":"px","top":"0","right":"0","bottom":"1","left":"0","isLinked":false},"border_color":"#ECF0F4","margin":{"unit":"px","top":"","right":0,"bottom":"","left":0,"isLinked":true}},"elements":[{"id":"7c8a662","settings":{"_column_size":100,"_inline_size":null,"_inline_size_tablet":100,"_inline_size_mobile":100},"elements":[{"id":"7f658240","settings":{"title":"Get to Know Us","list_menu":"footer-know-us","toggle":"","mobile_toggle":"yes","menu_items":[{"title_menu":"Menu item 1","_id":"a8e7c16"},{"title_menu":"Menu item 2","_id":"9513bc8"},{"title_menu":"Menu item 3","_id":"9cdea54"}],"toggle_menu":"yes","toggle_menu_mobile":"yes","toggle_status_mobile":"yes"},"elements":[],"isInner":false,"widgetType":"motta-navigation-menu","elType":"widget"}],"isInner":false,"elType":"column"}],"isInner":false,"elType":"section"},{"id":"1452cb2d","settings":{"border_width":{"unit":"px","top":"0","right":"0","bottom":"1","left":"0","isLinked":false},"border_color":"#ECF0F4","margin":{"unit":"px","top":"","right":0,"bottom":"","left":0,"isLinked":true},"padding":{"unit":"px","top":"16","right":"0","bottom":"0","left":"0","isLinked":false}},"elements":[{"id":"74023832","settings":{"_column_size":100,"_inline_size":null,"_inline_size_tablet":100,"_inline_size_mobile":100},"elements":[{"id":"103c266b","settings":{"title":"Customer Service","list_menu":"footer-service","mobile_toggle":"yes","menu_items":[{"title_menu":"Menu item 1","_id":"637710d"},{"title_menu":"Menu item 2","_id":"6a49752"},{"title_menu":"Menu item 3","_id":"d249a3b"}],"toggle_menu_mobile":"yes","toggle_menu":"yes","toggle_status":""},"elements":[],"isInner":false,"widgetType":"motta-navigation-menu","elType":"widget"}],"isInner":false,"elType":"column"}],"isInner":false,"elType":"section"},{"id":"95d6ffe","settings":{"border_width":{"unit":"px","top":"0","right":"0","bottom":"1","left":"0","isLinked":false},"border_color":"#ECF0F4","margin":{"unit":"px","top":"","right":0,"bottom":"","left":0,"isLinked":true},"padding":{"unit":"px","top":"16","right":"0","bottom":"0","left":"0","isLinked":false}},"elements":[{"id":"68b0f29b","settings":{"_column_size":100,"_inline_size":null,"_inline_size_tablet":100},"elements":[{"id":"705b6ffa","settings":{"title":"Orders & Returns","list_menu":"footer-orders-returns","mobile_toggle":"yes","menu_items":[{"title_menu":"Menu item 1","_id":"363a691"},{"title_menu":"Menu item 2","_id":"5ff8737"},{"title_menu":"Menu item 3","_id":"8f3f2fc"}],"toggle_menu_mobile":"yes","toggle_menu":"yes","toggle_status":""},"elements":[],"isInner":false,"widgetType":"motta-navigation-menu","elType":"widget"}],"isInner":false,"elType":"column"}],"isInner":false,"elType":"section"},{"id":"6bcb477","settings":{"border_width":{"unit":"px","top":"0","right":"0","bottom":"1","left":"0","isLinked":false},"border_color":"#ECF0F4","margin":{"unit":"px","top":"","right":0,"bottom":"","left":0,"isLinked":true},"padding":{"unit":"px","top":"30","right":"0","bottom":"0","left":"0","isLinked":false}},"elements":[{"id":"6a7ab6ec","settings":{"_column_size":100,"_inline_size":null,"space_between_widgets":0,"_inline_size_tablet":100},"elements":[{"id":"38d554b1","settings":{"social_icon_list":[{"social_icon":{"value":"fab fa-twitter","library":"fa-brands"},"_id":"48272a2","link":{"url":"https:\/\/twitter.com\/motta.uix.store","is_external":"true","nofollow":"","custom_attributes":""}},{"social_icon":{"value":"fab fa-facebook-square","library":"fa-brands"},"_id":"4c9cfd4","link":{"url":"https:\/\/www.facebook.com\/motta.uix.store","is_external":"true","nofollow":"","custom_attributes":""}},{"social_icon":{"value":"fab fa-youtube","library":"fa-brands"},"_id":"c175218","link":{"url":"https:\/\/www.youtube.com\/motta.uix.store","is_external":"true","nofollow":"","custom_attributes":""}},{"_id":"cfb8721","social_icon":{"value":"fab fa-instagram","library":"fa-brands"},"link":{"url":"https:\/\/www.instagram.com\/motta.uix.store\/","is_external":"true","nofollow":"","custom_attributes":""}},{"_id":"65b6e37","social_icon":{"value":"fab fa-whatsapp","library":"fa-brands"},"link":{"url":"https:\/\/www.whatsapp.com\/motta.uix.store","is_external":"true","nofollow":"","custom_attributes":""}}],"icon_spacing":{"unit":"px","size":24,"sizes":[]},"align":"center","icon_color":"#1D2128","align_mobile":"center","icon_spacing_mobile":{"unit":"px","size":24,"sizes":[]}},"elements":[],"isInner":false,"widgetType":"motta-social-icons","elType":"widget"}],"isInner":false,"elType":"column"}],"isInner":false,"elType":"section"},{"id":"a2303f","settings":{"structure":"20","border_width":{"unit":"px","top":"0","right":"0","bottom":"1","left":"0","isLinked":false},"border_color":"#ECF0F4","margin":{"unit":"px","top":"","right":0,"bottom":"","left":0,"isLinked":true}},"elements":[{"id":"45c83157","settings":{"_column_size":50,"_inline_size":null,"space_between_widgets":0,"_inline_size_tablet":50,"_inline_size_mobile":50},"elements":[{"id":"59485972","settings":{"html":"<img class=\"alignnone size-full wp-image-3054\" src=\"http:\/\/demo3.drfuri.com\/motta\/wp-content\/uploads\/sites\/14\/2022\/05\/Logo-v1.png\" alt=\"\" width=\"114\" height=\"32\" \/>"},"elements":[],"isInner":false,"widgetType":"html","elType":"widget"}],"isInner":false,"elType":"column"},{"id":"71931561","settings":{"_column_size":50,"_inline_size":null,"_inline_size_tablet":50,"_inline_size_mobile":50},"elements":[{"id":"d40c7d7","settings":{"currency":"","align":"flex-end","flag":"yes","_padding":{"unit":"px","top":"10","right":"0","bottom":"0","left":"0","isLinked":false},"language_color":"#7C818B"},"elements":[],"isInner":false,"widgetType":"motta-preferences","elType":"widget"}],"isInner":false,"elType":"column"}],"isInner":false,"elType":"section"},{"id":"3f88d55","settings":{"padding":{"unit":"px","top":"4","right":"0","bottom":"0","left":"0","isLinked":false}},"elements":[{"id":"1001b1a4","settings":{"_column_size":100,"_inline_size":null,"padding":{"unit":"px","top":"15","right":"15","bottom":"5","left":"15","isLinked":false}},"elements":[{"id":"2192b115","settings":{"editor":"Copyright \u00a9 [motta_year] Motta, All rights reserved. <strong><a href=\"https:\/\/motta.uix.store\/privacy-policy-2\/\"><br class=\"hidden-lg hidden-md hidden-sm\" \/><span style=\"text-decoration: underline;\">Privacy Notice Terms of Use<\/span><\/a><\/strong>","text_color":"#1D2128","__globals__":{"typography_typography":""},"typography_typography":"custom","typography_font_size":{"unit":"px","size":12,"sizes":[]},"typography_font_weight":"normal","align_mobile":"center","_padding":{"unit":"px","top":"0","right":"0","bottom":"05","left":"0","isLinked":false},"align":"center"},"elements":[],"isInner":false,"widgetType":"text-editor","elType":"widget"}],"isInner":false,"elType":"column"}],"isInner":false,"elType":"section"}],"page_settings":{"motta_content_top_spacing":"no","motta_content_bottom_spacing":"no","footer_layout":"7791","motta_hide_page_header":"1","motta_hide_topbar":"1","motta_hide_campain_bar":"1","header_layout":"v12"},"version":"0.4","title":"footer-mobile-for-pages","type":"page"}