{"content":[{"id":"2c2524d6","settings":{"border_border":"solid","border_width":{"unit":"px","top":"1","right":"0","bottom":"0","left":"0","isLinked":false},"border_color":"#ECF0F4","padding":{"unit":"px","top":"26","right":"0","bottom":"00","left":"0","isLinked":false},"margin":{"unit":"px","top":"","right":0,"bottom":"","left":0,"isLinked":true},"margin_mobile":{"unit":"px","top":"","right":0,"bottom":"","left":0,"isLinked":true},"content_position":"space-between"},"elements":[{"id":"6057080c","settings":{"_column_size":100,"_inline_size":null,"_inline_size_mobile":100,"border_width":{"unit":"px","top":"0","right":"0","bottom":"0","left":"0","isLinked":true}},"elements":[{"id":"3961779a","settings":{"title":"Get Exclusive Offers & Updates","title_size":"h4","typography_typography":"custom","typography_font_weight":"500","_border_width_mobile":{"unit":"px","top":"1","right":"0","bottom":"0","left":"0","isLinked":false},"_border_color":"#ECF0F4","_border_width":{"unit":"px","top":"0","right":"0","bottom":"0","left":"0","isLinked":true},"typography_line_height":{"unit":"em","size":1,"sizes":[]},"align":"center","typography_font_size_mobile":{"unit":"px","size":20,"sizes":[]},"_padding":{"unit":"px","top":"0","right":"0","bottom":"12","left":"0","isLinked":false},"typography_font_size":{"unit":"px","size":24,"sizes":[]}},"elements":[],"isInner":false,"widgetType":"motta-heading","elType":"widget"},{"id":"2bbc62fa","settings":{"editor":"Get recommendations, tips, updates,<br> promotions and more.","text_color":"#1D2128","typography_typography":"custom","typography_font_size":{"unit":"px","size":14,"sizes":[]},"typography_font_weight":"400","_margin_mobile":{"unit":"px","top":"0","right":"0","bottom":"18","left":"0","isLinked":false},"_padding_mobile":{"unit":"%","top":"0","right":"15","bottom":"0","left":"15","isLinked":false},"align":"center","align_mobile":"center"},"elements":[],"isInner":false,"widgetType":"text-editor","elType":"widget"}],"isInner":false,"elType":"column"}],"isInner":false,"elType":"section"},{"id":"67371045","settings":{"border_width":{"unit":"px","top":"0","right":"0","bottom":"1","left":"0","isLinked":false},"border_color":"#ECF0F4","margin":{"unit":"px","top":"","right":0,"bottom":"","left":0,"isLinked":true}},"elements":[{"id":"7117df92","settings":{"_column_size":100,"_inline_size":null,"_inline_size_tablet":100,"_inline_size_mobile":100},"elements":[{"id":"cb9bf92","settings":{"form_id":"[mc4wp_form id=\"192\"]","shape":"default","button_tablet":"outside","button_mobile":"outside","form_shortcode":"[mc4wp_form id=\"192\"]","form_style":"medium","form_shape":"round","button_mobile_position":"inside"},"elements":[],"isInner":false,"widgetType":"motta-subscribe-box","elType":"widget"},{"id":"1a28ef57","settings":{"text":"Divider","color":"#ECF0F4","gap":{"unit":"px","size":16,"sizes":[]},"_padding":{"unit":"px","top":"24","right":"0","bottom":"4","left":"0","isLinked":false}},"elements":[],"isInner":false,"widgetType":"divider","elType":"widget"},{"id":"58b1ec20","settings":{"title":"Get to Know Us","list_menu":"footer-know-us","toggle":"","mobile_toggle":"yes","menu_items":[{"title_menu":"Menu item 1","_id":"a8e7c16"},{"title_menu":"Menu item 2","_id":"9513bc8"},{"title_menu":"Menu item 3","_id":"9cdea54"}],"toggle_menu":"yes","toggle_menu_mobile":"yes","toggle_status_mobile":"yes"},"elements":[],"isInner":false,"widgetType":"motta-navigation-menu","elType":"widget"}],"isInner":false,"elType":"column"}],"isInner":false,"elType":"section"},{"id":"2f975bb6","settings":{"border_width":{"unit":"px","top":"0","right":"0","bottom":"1","left":"0","isLinked":false},"border_color":"#ECF0F4","margin":{"unit":"px","top":"","right":0,"bottom":"","left":0,"isLinked":true}},"elements":[{"id":"d84e4d3","settings":{"_column_size":100,"_inline_size":null,"_inline_size_tablet":100,"_inline_size_mobile":100},"elements":[{"id":"7bb4f99c","settings":{"text":"Divider","color":"#ECF0F4","gap":{"unit":"px","size":20,"sizes":[]},"_margin":{"unit":"px","top":"-26","right":"0","bottom":"0","left":"0","isLinked":false}},"elements":[],"isInner":false,"widgetType":"divider","elType":"widget"},{"id":"2cd5520d","settings":{"title":"Customer Service","list_menu":"footer-service","mobile_toggle":"yes","menu_items":[{"title_menu":"Menu item 1","_id":"637710d"},{"title_menu":"Menu item 2","_id":"6a49752"},{"title_menu":"Menu item 3","_id":"d249a3b"}],"toggle_menu_mobile":"yes","toggle_menu":"yes","toggle_status":""},"elements":[],"isInner":false,"widgetType":"motta-navigation-menu","elType":"widget"}],"isInner":false,"elType":"column"}],"isInner":false,"elType":"section"},{"id":"247f24d0","settings":{"border_width":{"unit":"px","top":"0","right":"0","bottom":"1","left":"0","isLinked":false},"border_color":"#ECF0F4","margin":{"unit":"px","top":"","right":0,"bottom":"","left":0,"isLinked":true}},"elements":[{"id":"2346b734","settings":{"_column_size":100,"_inline_size":null,"_inline_size_tablet":100},"elements":[{"id":"573ec24d","settings":{"text":"Divider","color":"#ECF0F4","gap":{"unit":"px","size":20,"sizes":[]},"_margin":{"unit":"px","top":"-26","right":"0","bottom":"0","left":"0","isLinked":false}},"elements":[],"isInner":false,"widgetType":"divider","elType":"widget"},{"id":"63261837","settings":{"title":"Orders & Returns","list_menu":"footer-orders-returns","mobile_toggle":"yes","menu_items":[{"title_menu":"Menu item 1","_id":"363a691"},{"title_menu":"Menu item 2","_id":"5ff8737"},{"title_menu":"Menu item 3","_id":"8f3f2fc"}],"toggle_menu_mobile":"yes","toggle_menu":"yes","toggle_status":""},"elements":[],"isInner":false,"widgetType":"motta-navigation-menu","elType":"widget"}],"isInner":false,"elType":"column"}],"isInner":false,"elType":"section"},{"id":"7134986f","settings":{"border_width":{"unit":"px","top":"0","right":"0","bottom":"1","left":"0","isLinked":false},"border_color":"#ECF0F4","margin":{"unit":"px","top":"","right":0,"bottom":"","left":0,"isLinked":true}},"elements":[{"id":"416a31c9","settings":{"_column_size":100,"_inline_size":null,"_inline_size_tablet":100},"elements":[{"id":"7185474","settings":{"text":"Divider","color":"#ECF0F4","gap":{"unit":"px","size":20,"sizes":[]},"_margin":{"unit":"px","top":"-26","right":"0","bottom":"0","left":"0","isLinked":false}},"elements":[],"isInner":false,"widgetType":"divider","elType":"widget"},{"id":"2502ee25","settings":{"title":"Quick Links","list_menu":"footer-policy","mobile_toggle":"yes","menu_items":[{"title_menu":"Menu item 1","_id":"363a691"},{"title_menu":"Menu item 2","_id":"5ff8737"},{"title_menu":"Menu item 3","_id":"8f3f2fc"}],"toggle_menu_mobile":"yes","toggle_menu":"yes","toggle_status":""},"elements":[],"isInner":false,"widgetType":"motta-navigation-menu","elType":"widget"}],"isInner":false,"elType":"column"}],"isInner":false,"elType":"section"},{"id":"602099a1","settings":{"border_width":{"unit":"px","top":"0","right":"0","bottom":"1","left":"0","isLinked":false},"border_color":"#ECF0F4","margin":{"unit":"px","top":"","right":0,"bottom":"","left":0,"isLinked":true}},"elements":[{"id":"1cf59225","settings":{"_column_size":100,"_inline_size":null,"space_between_widgets":0,"_inline_size_tablet":100},"elements":[{"id":"19945bc6","settings":{"text":"Divider","color":"#ECF0F4","gap":{"unit":"px","size":20,"sizes":[]},"_margin":{"unit":"px","top":"-26","right":"0","bottom":"0","left":"0","isLinked":false}},"elements":[],"isInner":false,"widgetType":"divider","elType":"widget"},{"id":"78ee57f7","settings":{"social_icon_list":[{"social_icon":{"value":"fab fa-twitter","library":"fa-brands"},"_id":"48272a2","link":{"url":"https:\/\/twitter.com\/motta.uix.store","is_external":"true","nofollow":"","custom_attributes":""}},{"social_icon":{"value":"fab fa-facebook-square","library":"fa-brands"},"_id":"4c9cfd4","link":{"url":"https:\/\/www.facebook.com\/motta.uix.store","is_external":"true","nofollow":"","custom_attributes":""}},{"social_icon":{"value":"fab fa-youtube","library":"fa-brands"},"_id":"c175218","link":{"url":"https:\/\/www.youtube.com\/motta.uix.store","is_external":"true","nofollow":"","custom_attributes":""}},{"_id":"cfb8721","social_icon":{"value":"fab fa-instagram","library":"fa-brands"},"link":{"url":"https:\/\/www.instagram.com\/motta.uix.store\/","is_external":"true","nofollow":"","custom_attributes":""}},{"_id":"65b6e37","social_icon":{"value":"fab fa-whatsapp","library":"fa-brands"},"link":{"url":"https:\/\/www.whatsapp.com\/motta.uix.store","is_external":"true","nofollow":"","custom_attributes":""}}],"icon_spacing":{"unit":"px","size":23,"sizes":[]},"align":"center"},"elements":[],"isInner":false,"widgetType":"motta-social-icons","elType":"widget"}],"isInner":false,"elType":"column"}],"isInner":false,"elType":"section"},{"id":"72e5d83e","settings":[],"elements":[{"id":"20ef90d7","settings":{"_column_size":100,"_inline_size":null,"padding":{"unit":"px","top":"00","right":"16","bottom":"00","left":"16","isLinked":false}},"elements":[{"id":"57ad15cf","settings":{"editor":"<p>Copyright \u00a9 [motta_year] Motta, All rights reserved.<\/p>","text_color":"#1D2128","__globals__":{"typography_typography":""},"typography_typography":"custom","typography_font_size":{"unit":"px","size":14,"sizes":[]},"typography_font_weight":"normal","align_mobile":"center","_padding":{"unit":"px","top":"0","right":"0","bottom":"05","left":"0","isLinked":false},"align":"center"},"elements":[],"isInner":false,"widgetType":"text-editor","elType":"widget"}],"isInner":false,"elType":"column"}],"isInner":false,"elType":"section"}],"page_settings":[],"version":"0.4","title":"footer-mobile-v4","type":"page"}