{"content":[{"id":"2ef9426d","settings":{"structure":"20","border_border":"solid","border_width":{"unit":"px","top":"1","right":"0","bottom":"0","left":"0","isLinked":false},"border_color":"#ECF0F4","padding":{"unit":"px","top":"22","right":"0","bottom":"0","left":"0","isLinked":false},"margin":{"unit":"px","top":"","right":0,"bottom":"","left":0,"isLinked":true},"margin_mobile":{"unit":"px","top":"","right":0,"bottom":"","left":0,"isLinked":true},"content_position":"space-between"},"elements":[{"id":"be5038c","settings":{"_column_size":50,"_inline_size":null,"_inline_size_tablet":50,"_inline_size_mobile":50,"border_width_mobile":{"unit":"px","top":"0","right":"0","bottom":"0","left":"0","isLinked":false},"border_color":"#ECF0F4","border_width":{"unit":"px","top":"0","right":"0","bottom":"0","left":"0","isLinked":true},"border_width_tablet":{"unit":"px","top":"0","right":"0","bottom":"0","left":"0","isLinked":true}},"elements":[{"id":"350928af","settings":{"icon":{"value":{"url":"https:\/\/motta.uix.store\/electronic\/wp-content\/uploads\/sites\/6\/2021\/12\/call-footer.svg","id":17407},"library":"svg"},"title":"Call","description":"Call us from 8am to<br> 12am ET.","button":"1-866-237-8289","link":{"url":"tel:18662378289a","is_external":"","nofollow":"","custom_attributes":""},"_padding_mobile":{"unit":"%","top":"0","right":"0","bottom":"0","left":"0","isLinked":false},"_border_color":"#ECF0F4","icon_spacing":{"unit":"px","size":15,"sizes":[]},"title_spacing":{"unit":"px","size":15,"sizes":[]},"primary_button_text":"1-866-237-8289","primary_button_skin":"text","primary_button_link":{"url":"tel:1-866-237-8289","is_external":"","nofollow":"","custom_attributes":""}},"elements":[],"isInner":false,"widgetType":"motta-icon-box","elType":"widget"}],"isInner":false,"elType":"column"},{"id":"74f3acc9","settings":{"_column_size":50,"_inline_size":null,"_inline_size_tablet":50,"_inline_size_mobile":50,"border_width_mobile":{"unit":"px","top":"0","right":"0","bottom":"0","left":"0","isLinked":false},"border_color":"#ECF0F4","border_width":{"unit":"px","top":"0","right":"0","bottom":"0","left":"0","isLinked":true},"border_width_tablet":{"unit":"px","top":"0","right":"0","bottom":"0","left":"0","isLinked":true}},"elements":[{"id":"3ffff74","settings":{"icon":{"value":{"url":"https:\/\/motta.uix.store\/electronic\/wp-content\/uploads\/sites\/6\/2021\/12\/email-footer.svg","id":17409},"library":"svg"},"title":"Email","description":"Our response time is<br> 1 to 3 business days.","button":"Send a Message","_padding_mobile":{"unit":"%","top":"","right":"","bottom":"","left":"","isLinked":true},"_border_color":"#ECF0F4","icon_spacing":{"unit":"px","size":15,"sizes":[]},"title_spacing":{"unit":"px","size":15,"sizes":[]},"primary_button_text":"Send a Message","primary_button_skin":"text","primary_button_link":{"url":"mailto:motta@uix.store.com","is_external":"","nofollow":"","custom_attributes":""}},"elements":[],"isInner":false,"widgetType":"motta-icon-box","elType":"widget"}],"isInner":false,"elType":"column"}],"isInner":false,"elType":"section"},{"id":"3f2f6ddd","settings":{"border_width":{"unit":"px","top":"0","right":"0","bottom":"1","left":"0","isLinked":false},"border_color":"#ECF0F4","margin":{"unit":"px","top":"","right":0,"bottom":"","left":0,"isLinked":true},"margin_mobile":{"unit":"px","top":"","right":0,"bottom":"","left":0,"isLinked":true},"content_position":"space-between"},"elements":[{"id":"4cb78aa1","settings":{"_column_size":100,"_inline_size":null,"_inline_size_tablet":100,"_inline_size_mobile":100,"border_width":{"unit":"px","top":"1","right":"0","bottom":"0","left":"0","isLinked":false},"border_color":"#ECF0F4"},"elements":[{"id":"6e66f526","settings":{"text":"Divider","color":"#ECF0F4","gap":{"unit":"px","size":10,"sizes":[]},"_padding":{"unit":"px","top":"0","right":"0","bottom":"28","left":"0","isLinked":false}},"elements":[],"isInner":false,"widgetType":"divider","elType":"widget"},{"id":"32cc4607","settings":{"title":"Let\u2019s keep in touch","title_size":"h4","typography_typography":"custom","typography_font_weight":"500","_margin":{"unit":"px","top":"0","right":"0","bottom":"15","left":"0","isLinked":false},"_border_width_mobile":{"unit":"px","top":"1","right":"0","bottom":"0","left":"0","isLinked":false},"_border_color":"#ECF0F4","_border_width":{"unit":"px","top":"0","right":"0","bottom":"0","left":"0","isLinked":true},"typography_line_height":{"unit":"em","size":1,"sizes":[]}},"elements":[],"isInner":false,"widgetType":"motta-heading","elType":"widget"},{"id":"1ae52738","settings":{"editor":"Get recommendations, tips, updates,<br\/> promotions and more.","text_color":"#1D2128","typography_typography":"custom","typography_font_size":{"unit":"px","size":14,"sizes":[]},"typography_font_weight":"400","_margin":{"unit":"px","top":"0","right":"0","bottom":"24","left":"0","isLinked":false},"_margin_mobile":{"unit":"px","top":"0","right":"0","bottom":"18","left":"0","isLinked":false},"_padding_mobile":{"unit":"%","top":"0","right":"20","bottom":"0","left":"0","isLinked":false}},"elements":[],"isInner":false,"widgetType":"text-editor","elType":"widget"},{"id":"48d8617","settings":{"form_id":"[mc4wp_form id=\"192\"]","shape":"default","button_tablet":"outside","button_mobile":"outside","form_shortcode":"[mc4wp_form id=\"192\"]","form_style":"medium","button_mobile_position":"inside","form_skin":"smooth","button_options":"yes","button_background_color":"#111111","button_color":"#FFFFFF"},"elements":[],"isInner":false,"widgetType":"motta-subscribe-box","elType":"widget"}],"isInner":false,"elType":"column"}],"isInner":false,"elType":"section"},{"id":"4768760b","settings":{"border_width":{"unit":"px","top":"0","right":"0","bottom":"1","left":"0","isLinked":false},"border_color":"#ECF0F4","margin":{"unit":"px","top":"","right":0,"bottom":"","left":0,"isLinked":true}},"elements":[{"id":"7bc5b7d5","settings":{"_column_size":100,"_inline_size":null,"_inline_size_tablet":100,"_inline_size_mobile":100},"elements":[{"id":"2e3a1d43","settings":{"text":"Divider","color":"#ECF0F4","gap":{"unit":"px","size":16,"sizes":[]},"_padding":{"unit":"px","top":"0","right":"0","bottom":"4","left":"0","isLinked":false}},"elements":[],"isInner":false,"widgetType":"divider","elType":"widget"},{"id":"310f5424","settings":{"title":"Get to Know Us","list_menu":"footer-know-us","toggle":"","mobile_toggle":"yes","menu_items":[{"title_menu":"Menu item 1","_id":"a8e7c16"},{"title_menu":"Menu item 2","_id":"9513bc8"},{"title_menu":"Menu item 3","_id":"9cdea54"}],"toggle_menu":"yes","toggle_menu_mobile":"yes","toggle_status_mobile":"yes"},"elements":[],"isInner":false,"widgetType":"motta-navigation-menu","elType":"widget"}],"isInner":false,"elType":"column"}],"isInner":false,"elType":"section"},{"id":"37a8db4f","settings":{"border_width":{"unit":"px","top":"0","right":"0","bottom":"1","left":"0","isLinked":false},"border_color":"#ECF0F4","margin":{"unit":"px","top":"","right":0,"bottom":"","left":0,"isLinked":true}},"elements":[{"id":"9f9bdd7","settings":{"_column_size":100,"_inline_size":null,"_inline_size_tablet":100,"_inline_size_mobile":100},"elements":[{"id":"b73180e","settings":{"text":"Divider","color":"#ECF0F4","gap":{"unit":"px","size":20,"sizes":[]},"_margin":{"unit":"px","top":"-26","right":"0","bottom":"0","left":"0","isLinked":false}},"elements":[],"isInner":false,"widgetType":"divider","elType":"widget"},{"id":"15ea5af2","settings":{"title":"Customer Service","list_menu":"footer-service","mobile_toggle":"yes","menu_items":[{"title_menu":"Menu item 1","_id":"637710d"},{"title_menu":"Menu item 2","_id":"6a49752"},{"title_menu":"Menu item 3","_id":"d249a3b"}],"toggle_menu_mobile":"yes","toggle_menu":"yes","toggle_status":""},"elements":[],"isInner":false,"widgetType":"motta-navigation-menu","elType":"widget"}],"isInner":false,"elType":"column"}],"isInner":false,"elType":"section"},{"id":"1aeff4ea","settings":{"border_width":{"unit":"px","top":"0","right":"0","bottom":"1","left":"0","isLinked":false},"border_color":"#ECF0F4","margin":{"unit":"px","top":"","right":0,"bottom":"","left":0,"isLinked":true}},"elements":[{"id":"65b6afcb","settings":{"_column_size":100,"_inline_size":null,"_inline_size_tablet":100},"elements":[{"id":"6be9cfa9","settings":{"text":"Divider","color":"#ECF0F4","gap":{"unit":"px","size":20,"sizes":[]},"_margin":{"unit":"px","top":"-26","right":"0","bottom":"0","left":"0","isLinked":false}},"elements":[],"isInner":false,"widgetType":"divider","elType":"widget"},{"id":"1efb34d0","settings":{"title":"Orders & Returns","list_menu":"footer-orders-returns","mobile_toggle":"yes","menu_items":[{"title_menu":"Menu item 1","_id":"363a691"},{"title_menu":"Menu item 2","_id":"5ff8737"},{"title_menu":"Menu item 3","_id":"8f3f2fc"}],"toggle_menu_mobile":"yes","toggle_menu":"yes","toggle_status":""},"elements":[],"isInner":false,"widgetType":"motta-navigation-menu","elType":"widget"}],"isInner":false,"elType":"column"}],"isInner":false,"elType":"section"},{"id":"77b59f0e","settings":{"border_width":{"unit":"px","top":"0","right":"0","bottom":"1","left":"0","isLinked":false},"border_color":"#ECF0F4","margin":{"unit":"px","top":"","right":0,"bottom":"","left":0,"isLinked":true}},"elements":[{"id":"1a9747fd","settings":{"_column_size":100,"_inline_size":null,"space_between_widgets":0,"_inline_size_tablet":100},"elements":[{"id":"4a531a77","settings":{"text":"Divider","color":"#ECF0F4","gap":{"unit":"px","size":20,"sizes":[]},"_margin":{"unit":"px","top":"-26","right":"0","bottom":"0","left":"0","isLinked":false}},"elements":[],"isInner":false,"widgetType":"divider","elType":"widget"},{"id":"32617f16","settings":{"social_icon_list":[{"social_icon":{"value":"fab fa-twitter","library":"fa-brands"},"_id":"48272a2","link":{"url":"https:\/\/twitter.com\/motta.uix.store","is_external":"true","nofollow":"","custom_attributes":""}},{"social_icon":{"value":"fab fa-facebook-square","library":"fa-brands"},"_id":"4c9cfd4","link":{"url":"https:\/\/www.facebook.com\/motta.uix.store","is_external":"true","nofollow":"","custom_attributes":""}},{"social_icon":{"value":"fab fa-youtube","library":"fa-brands"},"_id":"c175218","link":{"url":"https:\/\/www.youtube.com\/motta.uix.store","is_external":"true","nofollow":"","custom_attributes":""}},{"_id":"cfb8721","social_icon":{"value":"fab fa-instagram","library":"fa-brands"},"link":{"url":"https:\/\/www.instagram.com\/motta.uix.store\/","is_external":"true","nofollow":"","custom_attributes":""}},{"_id":"65b6e37","social_icon":{"value":"fab fa-whatsapp","library":"fa-brands"},"link":{"url":"https:\/\/www.whatsapp.com\/motta.uix.store","is_external":"true","nofollow":"","custom_attributes":""}}],"icon_spacing":{"unit":"px","size":24,"sizes":[]},"align":"center"},"elements":[],"isInner":false,"widgetType":"motta-social-icons","elType":"widget"},{"id":"2649c706","settings":{"text":"Divider","color":"#ECF0F4","gap":{"unit":"px","size":20,"sizes":[]},"_margin":{"unit":"px","top":"0","right":"0","bottom":"-24","left":"0","isLinked":false}},"elements":[],"isInner":false,"widgetType":"divider","elType":"widget"}],"isInner":false,"elType":"column"}],"isInner":false,"elType":"section"},{"id":"6c1681ca","settings":{"structure":"20","border_width":{"unit":"px","top":"0","right":"0","bottom":"1","left":"0","isLinked":false},"border_color":"#ECF0F4","margin":{"unit":"px","top":"","right":0,"bottom":"","left":0,"isLinked":true}},"elements":[{"id":"38896fae","settings":{"_column_size":50,"_inline_size":null,"space_between_widgets":0,"_inline_size_tablet":50,"_inline_size_mobile":50},"elements":[{"id":"47df1145","settings":{"html":"<img class=\"alignnone size-full wp-image-3054\" src=\"http:\/\/demo3.drfuri.com\/motta\/wp-content\/uploads\/sites\/14\/2022\/05\/Logo-v1.png\" alt=\"\" width=\"114\" height=\"32\" \/>"},"elements":[],"isInner":false,"widgetType":"html","elType":"widget"}],"isInner":false,"elType":"column"},{"id":"646ab4ed","settings":{"_column_size":50,"_inline_size":null,"_inline_size_tablet":50,"_inline_size_mobile":50},"elements":[{"id":"6359a296","settings":{"currency":"","align":"flex-end","flag":"yes","_padding":{"unit":"px","top":"10","right":"0","bottom":"0","left":"0","isLinked":false}},"elements":[],"isInner":false,"widgetType":"motta-preferences","elType":"widget"}],"isInner":false,"elType":"column"}],"isInner":false,"elType":"section"},{"id":"62e8f85","settings":{"margin":{"unit":"px","top":"","right":0,"bottom":"","left":0,"isLinked":true},"margin_mobile":{"unit":"px","top":"","right":0,"bottom":"","left":0,"isLinked":true},"content_position":"middle"},"elements":[{"id":"793dcfdb","settings":{"_column_size":100,"_inline_size":null},"elements":[{"id":"6698bf85","settings":{"text":"Divider","color":"#ECF0F4","_margin":{"unit":"px","top":"-18","right":"0","bottom":"0","left":"0","isLinked":false}},"elements":[],"isInner":false,"widgetType":"divider","elType":"widget"},{"id":"5ae7e129","settings":{"title":"","list_menu":"footer-policy","type":"row","typography_font_size":{"unit":"px","size":11,"sizes":[]},"typography_menu_typography":"custom","typography_menu_font_size":{"unit":"px","size":14,"sizes":[]},"spacing_menu":{"unit":"px","size":12,"sizes":[]},"mobile_toggle":"","style_align_mobile":"center","menu_items":[{"title_menu":"Menu item 1","_id":"5a97e51"},{"title_menu":"Menu item 2","_id":"a3cb4ae"},{"title_menu":"Menu item 3","_id":"bbf55e8"}],"menu_stype":"row","style_align":"center","style_align_tablet":"center"},"elements":[],"isInner":false,"widgetType":"motta-navigation-menu","elType":"widget"}],"isInner":false,"elType":"column"}],"isInner":false,"elType":"section"},{"id":"77d61d4f","settings":{"padding":{"unit":"px","top":"4","right":"0","bottom":"0","left":"0","isLinked":false}},"elements":[{"id":"694ed17c","settings":{"_column_size":100,"_inline_size":null,"padding":{"unit":"px","top":"15","right":"15","bottom":"5","left":"15","isLinked":false}},"elements":[{"id":"5113e791","settings":{"editor":"<p>Copyright \u00a9 [motta_year] Motta, All rights reserved.<\/p>","text_color":"#1D2128","__globals__":{"typography_typography":""},"typography_typography":"custom","typography_font_size":{"unit":"px","size":14,"sizes":[]},"typography_font_weight":"normal","align_mobile":"center","_padding":{"unit":"px","top":"0","right":"0","bottom":"05","left":"0","isLinked":false},"align":"center"},"elements":[],"isInner":false,"widgetType":"text-editor","elType":"widget"}],"isInner":false,"elType":"column"}],"isInner":false,"elType":"section"}],"page_settings":[],"version":"0.4","title":"footer-mobile-v8","type":"page"}