{"content":[{"id":"22611aea","settings":{"structure":"50","border_width":{"unit":"px","top":"1","right":"0","bottom":"0","left":"0","isLinked":false},"border_color":"#ECF0F4","margin":{"unit":"px","top":"","right":0,"bottom":"","left":0,"isLinked":true},"border_width_mobile":{"unit":"px","top":"4","right":"0","bottom":"0","left":"0","isLinked":false},"padding":{"unit":"px","top":"37","right":"0","bottom":"0","left":"0","isLinked":false},"padding_mobile":{"unit":"px","top":"27","right":"0","bottom":"0","left":"0","isLinked":false},"border_border":"solid"},"elements":[{"id":"221989","settings":{"_column_size":20,"_inline_size":23,"_inline_size_tablet":22,"_inline_size_mobile":100,"padding_mobile":{"unit":"px","top":"0","right":"16","bottom":"0","left":"16","isLinked":false}},"elements":[{"id":"11400ff","settings":{"title":"Get to Know Us","list_menu":"footer-know-us","toggle":"","mobile_toggle":"yes","menu_items":[{"title_menu":"Menu item 1","_id":"a8e7c16"},{"title_menu":"Menu item 2","_id":"9513bc8"},{"title_menu":"Menu item 3","_id":"9cdea54"}],"toggle_menu":"","toggle_menu_mobile":"yes","toggle_status":"","toggle_status_mobile":"yes","typography_typography":"custom","typography_font_size":{"unit":"px","size":18,"sizes":[]},"typography_font_weight":"500"},"elements":[],"isInner":false,"widgetType":"motta-navigation-menu","elType":"widget"},{"id":"68362d65","settings":{"width_mobile":{"unit":"%","size":100,"sizes":[]},"text":"Divider","color":"#ECF0F4","gap":{"unit":"px","size":1,"sizes":[]},"_padding":{"unit":"px","top":"17","right":"0","bottom":"0","left":"0","isLinked":false},"hide_desktop":"hidden-desktop","hide_tablet":"hidden-tablet"},"elements":[],"isInner":false,"widgetType":"divider","elType":"widget"}],"isInner":false,"elType":"column"},{"id":"22b44df6","settings":{"_column_size":20,"_inline_size":24,"_inline_size_tablet":23,"padding_mobile":{"unit":"px","top":"16","right":"16","bottom":"0","left":"16","isLinked":false}},"elements":[{"id":"15200516","settings":{"title":"Customer Service","list_menu":"footer-service","mobile_toggle":"yes","menu_items":[{"title_menu":"Menu item 1","_id":"637710d"},{"title_menu":"Menu item 2","_id":"6a49752"},{"title_menu":"Menu item 3","_id":"d249a3b"}],"toggle_menu_mobile":"yes","toggle_menu":"","toggle_status":"","typography_typography":"custom","typography_font_size":{"unit":"px","size":18,"sizes":[]},"toggle_status_mobile":"yes","typography_font_weight":"500"},"elements":[],"isInner":false,"widgetType":"motta-navigation-menu","elType":"widget"},{"id":"1a693b8c","settings":{"width_mobile":{"unit":"%","size":100,"sizes":[]},"text":"Divider","color":"#ECF0F4","gap":{"unit":"px","size":1,"sizes":[]},"_padding":{"unit":"px","top":"17","right":"0","bottom":"0","left":"0","isLinked":false},"hide_desktop":"hidden-desktop","hide_tablet":"hidden-tablet"},"elements":[],"isInner":false,"widgetType":"divider","elType":"widget"}],"isInner":false,"elType":"column"},{"id":"45bea0b0","settings":{"_column_size":20,"_inline_size":24,"_inline_size_tablet":23,"padding_mobile":{"unit":"px","top":"16","right":"16","bottom":"0","left":"16","isLinked":false}},"elements":[{"id":"78a0440e","settings":{"title":"Orders & Returns","list_menu":"footer-orders-returns","mobile_toggle":"yes","menu_items":[{"title_menu":"Menu item 1","_id":"363a691"},{"title_menu":"Menu item 2","_id":"5ff8737"},{"title_menu":"Menu item 3","_id":"8f3f2fc"}],"toggle_menu_mobile":"yes","toggle_menu":"","toggle_status":"","typography_typography":"custom","typography_font_size":{"unit":"px","size":18,"sizes":[]},"toggle_status_mobile":"yes","typography_font_weight":"500"},"elements":[],"isInner":false,"widgetType":"motta-navigation-menu","elType":"widget"},{"id":"20e3c1cd","settings":{"width_mobile":{"unit":"%","size":100,"sizes":[]},"text":"Divider","color":"#ECF0F4","gap":{"unit":"px","size":1,"sizes":[]},"_padding":{"unit":"px","top":"17","right":"0","bottom":"0","left":"0","isLinked":false},"hide_desktop":"hidden-desktop","hide_tablet":"hidden-tablet"},"elements":[],"isInner":false,"widgetType":"divider","elType":"widget"}],"isInner":false,"elType":"column"},{"id":"4c2f36e0","settings":{"_column_size":20,"_inline_size":19,"_inline_size_tablet":16,"padding_mobile":{"unit":"px","top":"16","right":"16","bottom":"0","left":"16","isLinked":false}},"elements":[{"id":"1e007f9f","settings":{"title":"Shopping","list_menu":"footer-shopping","mobile_toggle":"yes","menu_items":[{"title_menu":"Menu item 1","_id":"363a691"},{"title_menu":"Menu item 2","_id":"5ff8737"},{"title_menu":"Menu item 3","_id":"8f3f2fc"}],"toggle_menu_mobile":"yes","toggle_menu":"","toggle_status":"","typography_typography":"custom","typography_font_size":{"unit":"px","size":18,"sizes":[]},"toggle_status_mobile":"yes","typography_font_weight":"500"},"elements":[],"isInner":false,"widgetType":"motta-navigation-menu","elType":"widget"},{"id":"4e165556","settings":{"width_mobile":{"unit":"%","size":100,"sizes":[]},"text":"Divider","color":"#ECF0F4","gap":{"unit":"px","size":1,"sizes":[]},"_padding":{"unit":"px","top":"17","right":"0","bottom":"0","left":"0","isLinked":false},"hide_desktop":"hidden-desktop","hide_tablet":"hidden-tablet"},"elements":[],"isInner":false,"widgetType":"divider","elType":"widget"}],"isInner":false,"elType":"column"},{"id":"13795c79","settings":{"_column_size":20,"_inline_size":10,"_inline_size_tablet":16,"padding_mobile":{"unit":"px","top":"16","right":"16","bottom":"0","left":"16","isLinked":false}},"elements":[{"id":"51ee7af5","settings":{"title":"Connect","list_menu":"footer-socials","mobile_toggle":"yes","menu_items":[{"title_menu":"Menu item 1","_id":"363a691"},{"title_menu":"Menu item 2","_id":"5ff8737"},{"title_menu":"Menu item 3","_id":"8f3f2fc"}],"toggle_menu_mobile":"yes","toggle_menu":"","toggle_status":"","typography_typography":"custom","typography_font_size":{"unit":"px","size":18,"sizes":[]},"toggle_status_mobile":"yes","typography_font_weight":"500"},"elements":[],"isInner":false,"widgetType":"motta-navigation-menu","elType":"widget"},{"id":"5f82c212","settings":{"width_mobile":{"unit":"%","size":100,"sizes":[]},"text":"Divider","color":"#ECF0F4","gap":{"unit":"px","size":1,"sizes":[]},"_padding":{"unit":"px","top":"17","right":"0","bottom":"0","left":"0","isLinked":false},"hide_desktop":"hidden-desktop","hide_tablet":"hidden-tablet"},"elements":[],"isInner":false,"widgetType":"divider","elType":"widget"}],"isInner":false,"elType":"column"}],"isInner":false,"elType":"section"},{"id":"47bcd5c7","settings":{"structure":"40","margin":{"unit":"px","top":"","right":0,"bottom":"","left":0,"isLinked":true},"margin_mobile":{"unit":"px","top":"","right":0,"bottom":"","left":0,"isLinked":true},"padding":{"unit":"px","top":"45","right":"0","bottom":"38","left":"0","isLinked":false},"padding_mobile":{"unit":"px","top":"35","right":"20","bottom":"5","left":"36","isLinked":false}},"elements":[{"id":"6a5fcf7e","settings":{"_column_size":25,"_inline_size":8.33,"_inline_size_tablet":100,"hide_tablet":"hidden-tablet","hide_mobile":"hidden-mobile"},"elements":[],"isInner":false,"elType":"column"},{"id":"1c74a494","settings":{"_column_size":25,"_inline_size":32,"_inline_size_tablet":33,"padding_mobile":{"unit":"px","top":"16","right":"16","bottom":"16","left":"16","isLinked":true}},"elements":[{"id":"64edb2d0","settings":{"icon":{"value":{"url":"https:\/\/motta.uix.store\/electronic\/wp-content\/uploads\/sites\/6\/2021\/12\/contact-fv4.svg","id":18474},"library":"svg"},"title":"Didn't find what you were looking for?","description":"","button":"Contact Us","position":"left","icon_spacing":{"unit":"px","size":12,"sizes":[]},"icon_size":{"unit":"px","size":30,"sizes":[]},"title_spacing":{"unit":"px","size":0,"sizes":[]},"position_tablet":"left","position_mobile":"left","title_size":"div","title_typography_typography":"custom","title_typography_font_size":{"unit":"px","size":14,"sizes":[]},"title_typography_font_weight":"500","button_underline":"show","image":{"id":12095,"url":"http:\/\/localhost\/dev\/motta\/wp-content\/uploads\/sites\/12\/2022\/08\/placeholder-4.png"},"primary_button_text":"Contact Us","primary_button_link":{"url":"https:\/\/motta.uix.store\/electronic\/contact-us-v1\/","is_external":"","nofollow":"","custom_attributes":""},"description_typography_typography":"custom","primary_button_typography_typography":"custom","primary_button_typography_font_weight":"400"},"elements":[],"isInner":false,"widgetType":"motta-icon-box","elType":"widget"}],"isInner":false,"elType":"column"},{"id":"857a4f0","settings":{"_column_size":25,"_inline_size":27,"_inline_size_tablet":33,"padding_mobile":{"unit":"px","top":"16","right":"16","bottom":"16","left":"16","isLinked":true}},"elements":[{"id":"35375ec5","settings":{"icon":{"value":{"url":"https:\/\/motta.uix.store\/electronic\/wp-content\/uploads\/sites\/6\/2021\/12\/help-fv4.svg","id":18476},"library":"svg"},"title":"How can we help you today?","description":"","button":"Help Center","position":"left","icon_spacing":{"unit":"px","size":12,"sizes":[]},"icon_size":{"unit":"px","size":30,"sizes":[]},"title_spacing":{"unit":"px","size":0,"sizes":[]},"position_tablet":"left","position_mobile":"left","title_size":"div","title_typography_typography":"custom","title_typography_font_size":{"unit":"px","size":14,"sizes":[]},"title_typography_font_weight":"500","button_underline":"show","image":{"id":12096,"url":"http:\/\/localhost\/dev\/motta\/wp-content\/uploads\/sites\/12\/2022\/08\/placeholder-5.png"},"primary_button_text":"Help Center","primary_button_link":{"url":"https:\/\/motta.uix.store\/electronic\/help-center\/","is_external":"","nofollow":"","custom_attributes":""},"description_typography_typography":"custom","primary_button_typography_typography":"custom","primary_button_typography_font_weight":"400"},"elements":[],"isInner":false,"widgetType":"motta-icon-box","elType":"widget"}],"isInner":false,"elType":"column"},{"id":"59e72924","settings":{"_column_size":25,"_inline_size":32.67,"_inline_size_tablet":33,"padding_mobile":{"unit":"px","top":"16","right":"16","bottom":"16","left":"16","isLinked":true}},"elements":[{"id":"2f6608c0","settings":{"icon":{"value":{"url":"https:\/\/motta.uix.store\/electronic\/wp-content\/uploads\/sites\/6\/2021\/12\/feedback-fv4.svg","id":18475},"library":"svg"},"title":"We\u2019d love to hear what you think!","description":"","button":"Give Feedback","position":"left","icon_spacing":{"unit":"px","size":12,"sizes":[]},"icon_size":{"unit":"px","size":30,"sizes":[]},"title_spacing":{"unit":"px","size":0,"sizes":[]},"position_tablet":"left","position_mobile":"left","title_size":"div","title_typography_typography":"custom","title_typography_font_size":{"unit":"px","size":14,"sizes":[]},"title_typography_font_weight":"500","button_underline":"show","image":{"id":12097,"url":"http:\/\/localhost\/dev\/motta\/wp-content\/uploads\/sites\/12\/2022\/08\/placeholder-6.png"},"primary_button_text":"Give Feedback","primary_button_link":{"url":"https:\/\/motta.uix.store\/electronic\/feedback\/","is_external":"","nofollow":"","custom_attributes":""},"description_typography_typography":"custom","primary_button_typography_typography":"custom","primary_button_typography_font_weight":"400"},"elements":[],"isInner":false,"widgetType":"motta-icon-box","elType":"widget"}],"isInner":false,"elType":"column"}],"isInner":false,"elType":"section"},{"id":"47d62463","settings":{"structure":"20","padding_mobile":{"unit":"px","top":"0","right":"0","bottom":"20","left":"0","isLinked":false},"padding":{"unit":"px","top":"0","right":"0","bottom":"10","left":"0","isLinked":false}},"elements":[{"id":"1d6a289c","settings":{"_column_size":50,"_inline_size":null},"elements":[{"id":"131505d3","settings":{"editor":"<img class=\"alignnone size-full wp-image-3054\" src=\"https:\/\/motta.uix.store\/wp-content\/uploads\/2022\/10\/Logo-v1.png\" alt=\"\" width=\"76\" height=\"16\" \/> <span style=\"position: relative; top: 5px; margin-left: 5px;\">Copyright \u00a9 [motta_year] Motta, All rights reserved. <strong><a href=\"https:\/\/motta.uix.store\/electronic\/privacy-policy\/\"><br class=\"hidden-lg hidden-md hidden-sm\" \/><span style=\"text-decoration: underline;\">Privacy Notice<\/span><\/a> <a href=\"https:\/\/motta.uix.store\/electronic\/terms-of-use\/\"><br class=\"hidden-lg hidden-md hidden-sm\" \/><span style=\"text-decoration: underline;\">Terms of Use<\/span><\/a><\/strong><\/span>","text_color":"#1D2128","__globals__":{"typography_typography":""},"typography_typography":"custom","typography_font_size":{"unit":"px","size":12,"sizes":[]},"typography_font_weight":"normal","align_mobile":"center","typography_line_height_mobile":{"unit":"em","size":2,"sizes":[]}},"elements":[],"isInner":false,"widgetType":"text-editor","elType":"widget"}],"isInner":false,"elType":"column"},{"id":"60c502cb","settings":{"_column_size":50,"_inline_size":null},"elements":[{"id":"5df47155","settings":{"align":"flex-end","align_mobile":"center"},"elements":[],"isInner":false,"widgetType":"motta-preferences","elType":"widget"}],"isInner":false,"elType":"column"}],"isInner":false,"elType":"section"}],"page_settings":{"motta_content_top_spacing":"no","motta_content_bottom_spacing":"no","footer_layout":"7791","motta_hide_page_header":"1","motta_hide_topbar":"1","motta_hide_campain_bar":"1","header_layout":"v12"},"version":"0.4","title":"footer-v7","type":"page"}