{"content":[{"id":"4684a800","settings":{"structure":"20","padding":{"unit":"px","top":"015","right":"0","bottom":"0","left":"0","isLinked":false},"padding_mobile":{"unit":"px","top":"0","right":"0","bottom":"0","left":"0","isLinked":true}},"elements":[{"id":"290a910a","settings":{"_column_size":50,"_inline_size":null,"padding":{"unit":"px","top":"15","right":"12","bottom":"5","left":"12","isLinked":false}},"elements":[{"id":"6817c0fe","settings":{"editor":"Copyright \u00a9 [motta_year] Motta, All rights reserved. <strong><a href=\"#\"><br class=\"hidden-lg hidden-md hidden-sm\" \/><span style=\"text-decoration: underline;\">Privacy Notice Terms of Use<\/span><\/a><\/strong>","text_color":"#1D2128","__globals__":{"typography_typography":""},"typography_typography":"custom","typography_font_size":{"unit":"px","size":12,"sizes":[]},"typography_font_weight":"normal","align_mobile":"center","_padding":{"unit":"px","top":"0","right":"0","bottom":"05","left":"0","isLinked":false},"typography_line_height_mobile":{"unit":"em","size":2,"sizes":[]}},"elements":[],"isInner":false,"widgetType":"text-editor","elType":"widget"}],"isInner":false,"elType":"column"},{"id":"368b5bea","settings":{"_column_size":50,"_inline_size":null},"elements":[{"id":"10476d94","settings":{"align":"flex-end","align_mobile":"center"},"elements":[],"isInner":false,"widgetType":"motta-preferences","elType":"widget"}],"isInner":false,"elType":"column"}],"isInner":false,"elType":"section"}],"page_settings":{"motta_content_top_spacing":"no","motta_content_bottom_spacing":"no","footer_layout":"7791","motta_hide_page_header":"1","motta_hide_topbar":"1","motta_hide_campain_bar":"1","header_layout":"v12"},"version":"0.4","title":"footer-for-404-v2","type":"page"}