{"content":[{"id":"619880e2","settings":{"structure":"20","padding":{"unit":"px","top":"015","right":"0","bottom":"0","left":"0","isLinked":false},"padding_mobile":{"unit":"px","top":"0","right":"0","bottom":"0","left":"0","isLinked":true},"border_border":"solid","border_width":{"unit":"px","top":"1","right":"0","bottom":"0","left":"0","isLinked":false},"border_color":"#ECF0F4"},"elements":[{"id":"33ebae9c","settings":{"_column_size":50,"_inline_size":null,"padding":{"unit":"px","top":"15","right":"15","bottom":"5","left":"15","isLinked":false},"padding_mobile":{"unit":"px","top":"25","right":"15","bottom":"0","left":"15","isLinked":false}},"elements":[{"id":"51672a16","settings":{"title":"Copyright \u00a9 [motta_year] Motta, All rights reserved.","title_size":"div","align_mobile":"center","typography_typography":"custom","typography_font_size":{"unit":"px","size":12,"sizes":[]},"typography_font_weight":"normal","typography_line_height_mobile":{"unit":"em","size":2,"sizes":[]},"_padding":{"unit":"px","top":"0","right":"0","bottom":"05","left":"0","isLinked":false},"_padding_mobile":{"unit":"px","top":"0","right":"0","bottom":"0","left":"0","isLinked":false},"__globals__":{"typography_typography":""}},"elements":[],"isInner":false,"widgetType":"motta-heading","elType":"widget"}],"isInner":false,"elType":"column"},{"id":"1a716e08","settings":{"_column_size":50,"_inline_size":null,"padding_mobile":{"unit":"px","top":"10","right":"15","bottom":"25","left":"15","isLinked":false}},"elements":[{"id":"35bc5604","settings":{"title":"","list_menu":"footer-policy","menu_items":[{"title_menu":"Menu item 1","_id":"135a6fc"},{"title_menu":"Menu item 2","_id":"81e95f7"},{"title_menu":"Menu item 3","_id":"933cea0"}],"menu_stype":"row","style_align":"flex-end","style_align_mobile":"center"},"elements":[],"isInner":false,"widgetType":"motta-navigation-menu","elType":"widget"}],"isInner":false,"elType":"column"}],"isInner":false,"elType":"section"}],"page_settings":{"motta_content_top_spacing":"no","motta_content_bottom_spacing":"no","footer_layout":"7791","motta_hide_page_header":"1","motta_hide_topbar":"1","motta_hide_campain_bar":"1","header_layout":"v12"},"version":"0.4","title":"Sign In","type":"page"}